[
  {
    "login": ["hanelore"],
    "id": [40754811],
    "node_id": ["MDQ6VXNlcjQwNzU0ODEx"],
    "avatar_url": ["https://avatars1.githubusercontent.com/u/40754811?v=4"],
    "gravatar_id": [""],
    "url": ["https://api.github.com/users/hanelore"],
    "html_url": ["https://github.com/hanelore"],
    "followers_url": ["https://api.github.com/users/hanelore/followers"],
    "following_url": ["https://api.github.com/users/hanelore/following{/other_user}"],
    "gists_url": ["https://api.github.com/users/hanelore/gists{/gist_id}"],
    "starred_url": ["https://api.github.com/users/hanelore/starred{/owner}{/repo}"],
    "subscriptions_url": ["https://api.github.com/users/hanelore/subscriptions"],
    "organizations_url": ["https://api.github.com/users/hanelore/orgs"],
    "repos_url": ["https://api.github.com/users/hanelore/repos"],
    "events_url": ["https://api.github.com/users/hanelore/events{/privacy}"],
    "received_events_url": ["https://api.github.com/users/hanelore/received_events"],
    "type": ["User"],
    "site_admin": [false]
  }
]
