[
  {
    "login": ["milenami"],
    "id": [16365230],
    "node_id": ["MDQ6VXNlcjE2MzY1MjMw"],
    "avatar_url": ["https://avatars2.githubusercontent.com/u/16365230?v=4"],
    "gravatar_id": [""],
    "url": ["https://api.github.com/users/milenami"],
    "html_url": ["https://github.com/milenami"],
    "followers_url": ["https://api.github.com/users/milenami/followers"],
    "following_url": ["https://api.github.com/users/milenami/following{/other_user}"],
    "gists_url": ["https://api.github.com/users/milenami/gists{/gist_id}"],
    "starred_url": ["https://api.github.com/users/milenami/starred{/owner}{/repo}"],
    "subscriptions_url": ["https://api.github.com/users/milenami/subscriptions"],
    "organizations_url": ["https://api.github.com/users/milenami/orgs"],
    "repos_url": ["https://api.github.com/users/milenami/repos"],
    "events_url": ["https://api.github.com/users/milenami/events{/privacy}"],
    "received_events_url": ["https://api.github.com/users/milenami/received_events"],
    "type": ["User"],
    "site_admin": [false]
  }
]
