[
  {
    "login": ["CaloriaShiia"],
    "id": [35403444],
    "node_id": ["MDQ6VXNlcjM1NDAzNDQ0"],
    "avatar_url": ["https://avatars2.githubusercontent.com/u/35403444?v=4"],
    "gravatar_id": [""],
    "url": ["https://api.github.com/users/CaloriaShiia"],
    "html_url": ["https://github.com/CaloriaShiia"],
    "followers_url": ["https://api.github.com/users/CaloriaShiia/followers"],
    "following_url": ["https://api.github.com/users/CaloriaShiia/following{/other_user}"],
    "gists_url": ["https://api.github.com/users/CaloriaShiia/gists{/gist_id}"],
    "starred_url": ["https://api.github.com/users/CaloriaShiia/starred{/owner}{/repo}"],
    "subscriptions_url": ["https://api.github.com/users/CaloriaShiia/subscriptions"],
    "organizations_url": ["https://api.github.com/users/CaloriaShiia/orgs"],
    "repos_url": ["https://api.github.com/users/CaloriaShiia/repos"],
    "events_url": ["https://api.github.com/users/CaloriaShiia/events{/privacy}"],
    "received_events_url": ["https://api.github.com/users/CaloriaShiia/received_events"],
    "type": ["User"],
    "site_admin": [false]
  }
]
