[
  {
    "login": ["Vasishta"],
    "id": [9678757],
    "node_id": ["MDQ6VXNlcjk2Nzg3NTc="],
    "avatar_url": ["https://avatars0.githubusercontent.com/u/9678757?v=4"],
    "gravatar_id": [""],
    "url": ["https://api.github.com/users/Vasishta"],
    "html_url": ["https://github.com/Vasishta"],
    "followers_url": ["https://api.github.com/users/Vasishta/followers"],
    "following_url": ["https://api.github.com/users/Vasishta/following{/other_user}"],
    "gists_url": ["https://api.github.com/users/Vasishta/gists{/gist_id}"],
    "starred_url": ["https://api.github.com/users/Vasishta/starred{/owner}{/repo}"],
    "subscriptions_url": ["https://api.github.com/users/Vasishta/subscriptions"],
    "organizations_url": ["https://api.github.com/users/Vasishta/orgs"],
    "repos_url": ["https://api.github.com/users/Vasishta/repos"],
    "events_url": ["https://api.github.com/users/Vasishta/events{/privacy}"],
    "received_events_url": ["https://api.github.com/users/Vasishta/received_events"],
    "type": ["User"],
    "site_admin": [false]
  }
]
