[
  {
    "login": ["bnerDY"],
    "id": [5085327],
    "node_id": ["MDQ6VXNlcjUwODUzMjc="],
    "avatar_url": ["https://avatars3.githubusercontent.com/u/5085327?v=4"],
    "gravatar_id": [""],
    "url": ["https://api.github.com/users/bnerDY"],
    "html_url": ["https://github.com/bnerDY"],
    "followers_url": ["https://api.github.com/users/bnerDY/followers"],
    "following_url": ["https://api.github.com/users/bnerDY/following{/other_user}"],
    "gists_url": ["https://api.github.com/users/bnerDY/gists{/gist_id}"],
    "starred_url": ["https://api.github.com/users/bnerDY/starred{/owner}{/repo}"],
    "subscriptions_url": ["https://api.github.com/users/bnerDY/subscriptions"],
    "organizations_url": ["https://api.github.com/users/bnerDY/orgs"],
    "repos_url": ["https://api.github.com/users/bnerDY/repos"],
    "events_url": ["https://api.github.com/users/bnerDY/events{/privacy}"],
    "received_events_url": ["https://api.github.com/users/bnerDY/received_events"],
    "type": ["User"],
    "site_admin": [false]
  }
]
