[
  {
    "login": ["Sway1532"],
    "id": [31351023],
    "node_id": ["MDQ6VXNlcjMxMzUxMDIz"],
    "avatar_url": ["https://avatars1.githubusercontent.com/u/31351023?v=4"],
    "gravatar_id": [""],
    "url": ["https://api.github.com/users/Sway1532"],
    "html_url": ["https://github.com/Sway1532"],
    "followers_url": ["https://api.github.com/users/Sway1532/followers"],
    "following_url": ["https://api.github.com/users/Sway1532/following{/other_user}"],
    "gists_url": ["https://api.github.com/users/Sway1532/gists{/gist_id}"],
    "starred_url": ["https://api.github.com/users/Sway1532/starred{/owner}{/repo}"],
    "subscriptions_url": ["https://api.github.com/users/Sway1532/subscriptions"],
    "organizations_url": ["https://api.github.com/users/Sway1532/orgs"],
    "repos_url": ["https://api.github.com/users/Sway1532/repos"],
    "events_url": ["https://api.github.com/users/Sway1532/events{/privacy}"],
    "received_events_url": ["https://api.github.com/users/Sway1532/received_events"],
    "type": ["User"],
    "site_admin": [false]
  }
]
