[
  {
    "login": ["dufferzafar"],
    "id": [1449512],
    "node_id": ["MDQ6VXNlcjE0NDk1MTI="],
    "avatar_url": ["https://avatars0.githubusercontent.com/u/1449512?v=4"],
    "gravatar_id": [""],
    "url": ["https://api.github.com/users/dufferzafar"],
    "html_url": ["https://github.com/dufferzafar"],
    "followers_url": ["https://api.github.com/users/dufferzafar/followers"],
    "following_url": ["https://api.github.com/users/dufferzafar/following{/other_user}"],
    "gists_url": ["https://api.github.com/users/dufferzafar/gists{/gist_id}"],
    "starred_url": ["https://api.github.com/users/dufferzafar/starred{/owner}{/repo}"],
    "subscriptions_url": ["https://api.github.com/users/dufferzafar/subscriptions"],
    "organizations_url": ["https://api.github.com/users/dufferzafar/orgs"],
    "repos_url": ["https://api.github.com/users/dufferzafar/repos"],
    "events_url": ["https://api.github.com/users/dufferzafar/events{/privacy}"],
    "received_events_url": ["https://api.github.com/users/dufferzafar/received_events"],
    "type": ["User"],
    "site_admin": [false]
  }
]
