[
  {
    "login": ["pavailtechgeek"],
    "id": [14328839],
    "node_id": ["MDQ6VXNlcjE0MzI4ODM5"],
    "avatar_url": ["https://avatars1.githubusercontent.com/u/14328839?v=4"],
    "gravatar_id": [""],
    "url": ["https://api.github.com/users/pavailtechgeek"],
    "html_url": ["https://github.com/pavailtechgeek"],
    "followers_url": ["https://api.github.com/users/pavailtechgeek/followers"],
    "following_url": ["https://api.github.com/users/pavailtechgeek/following{/other_user}"],
    "gists_url": ["https://api.github.com/users/pavailtechgeek/gists{/gist_id}"],
    "starred_url": ["https://api.github.com/users/pavailtechgeek/starred{/owner}{/repo}"],
    "subscriptions_url": ["https://api.github.com/users/pavailtechgeek/subscriptions"],
    "organizations_url": ["https://api.github.com/users/pavailtechgeek/orgs"],
    "repos_url": ["https://api.github.com/users/pavailtechgeek/repos"],
    "events_url": ["https://api.github.com/users/pavailtechgeek/events{/privacy}"],
    "received_events_url": ["https://api.github.com/users/pavailtechgeek/received_events"],
    "type": ["User"],
    "site_admin": [false]
  }
]
