[
  {
    "login": ["acosonic"],
    "id": [862015],
    "node_id": ["MDQ6VXNlcjg2MjAxNQ=="],
    "avatar_url": ["https://avatars1.githubusercontent.com/u/862015?v=4"],
    "gravatar_id": [""],
    "url": ["https://api.github.com/users/acosonic"],
    "html_url": ["https://github.com/acosonic"],
    "followers_url": ["https://api.github.com/users/acosonic/followers"],
    "following_url": ["https://api.github.com/users/acosonic/following{/other_user}"],
    "gists_url": ["https://api.github.com/users/acosonic/gists{/gist_id}"],
    "starred_url": ["https://api.github.com/users/acosonic/starred{/owner}{/repo}"],
    "subscriptions_url": ["https://api.github.com/users/acosonic/subscriptions"],
    "organizations_url": ["https://api.github.com/users/acosonic/orgs"],
    "repos_url": ["https://api.github.com/users/acosonic/repos"],
    "events_url": ["https://api.github.com/users/acosonic/events{/privacy}"],
    "received_events_url": ["https://api.github.com/users/acosonic/received_events"],
    "type": ["User"],
    "site_admin": [false]
  }
]
