[
  {
    "login": ["Poussinou"],
    "id": [19646549],
    "node_id": ["MDQ6VXNlcjE5NjQ2NTQ5"],
    "avatar_url": ["https://avatars2.githubusercontent.com/u/19646549?v=4"],
    "gravatar_id": [""],
    "url": ["https://api.github.com/users/Poussinou"],
    "html_url": ["https://github.com/Poussinou"],
    "followers_url": ["https://api.github.com/users/Poussinou/followers"],
    "following_url": ["https://api.github.com/users/Poussinou/following{/other_user}"],
    "gists_url": ["https://api.github.com/users/Poussinou/gists{/gist_id}"],
    "starred_url": ["https://api.github.com/users/Poussinou/starred{/owner}{/repo}"],
    "subscriptions_url": ["https://api.github.com/users/Poussinou/subscriptions"],
    "organizations_url": ["https://api.github.com/users/Poussinou/orgs"],
    "repos_url": ["https://api.github.com/users/Poussinou/repos"],
    "events_url": ["https://api.github.com/users/Poussinou/events{/privacy}"],
    "received_events_url": ["https://api.github.com/users/Poussinou/received_events"],
    "type": ["User"],
    "site_admin": [false]
  }
]
