[
  {
    "login": ["3fmeister"],
    "id": [26462875],
    "node_id": ["MDQ6VXNlcjI2NDYyODc1"],
    "avatar_url": ["https://avatars2.githubusercontent.com/u/26462875?v=4"],
    "gravatar_id": [""],
    "url": ["https://api.github.com/users/3fmeister"],
    "html_url": ["https://github.com/3fmeister"],
    "followers_url": ["https://api.github.com/users/3fmeister/followers"],
    "following_url": ["https://api.github.com/users/3fmeister/following{/other_user}"],
    "gists_url": ["https://api.github.com/users/3fmeister/gists{/gist_id}"],
    "starred_url": ["https://api.github.com/users/3fmeister/starred{/owner}{/repo}"],
    "subscriptions_url": ["https://api.github.com/users/3fmeister/subscriptions"],
    "organizations_url": ["https://api.github.com/users/3fmeister/orgs"],
    "repos_url": ["https://api.github.com/users/3fmeister/repos"],
    "events_url": ["https://api.github.com/users/3fmeister/events{/privacy}"],
    "received_events_url": ["https://api.github.com/users/3fmeister/received_events"],
    "type": ["User"],
    "site_admin": [false]
  }
]
