[
  {
    "login": ["ramons03"],
    "id": [295830],
    "node_id": ["MDQ6VXNlcjI5NTgzMA=="],
    "avatar_url": ["https://avatars0.githubusercontent.com/u/295830?v=4"],
    "gravatar_id": [""],
    "url": ["https://api.github.com/users/ramons03"],
    "html_url": ["https://github.com/ramons03"],
    "followers_url": ["https://api.github.com/users/ramons03/followers"],
    "following_url": ["https://api.github.com/users/ramons03/following{/other_user}"],
    "gists_url": ["https://api.github.com/users/ramons03/gists{/gist_id}"],
    "starred_url": ["https://api.github.com/users/ramons03/starred{/owner}{/repo}"],
    "subscriptions_url": ["https://api.github.com/users/ramons03/subscriptions"],
    "organizations_url": ["https://api.github.com/users/ramons03/orgs"],
    "repos_url": ["https://api.github.com/users/ramons03/repos"],
    "events_url": ["https://api.github.com/users/ramons03/events{/privacy}"],
    "received_events_url": ["https://api.github.com/users/ramons03/received_events"],
    "type": ["User"],
    "site_admin": [false]
  }
]
