[
  {
    "login": ["furquan1993"],
    "id": [5462231],
    "node_id": ["MDQ6VXNlcjU0NjIyMzE="],
    "avatar_url": ["https://avatars3.githubusercontent.com/u/5462231?v=4"],
    "gravatar_id": [""],
    "url": ["https://api.github.com/users/furquan1993"],
    "html_url": ["https://github.com/furquan1993"],
    "followers_url": ["https://api.github.com/users/furquan1993/followers"],
    "following_url": ["https://api.github.com/users/furquan1993/following{/other_user}"],
    "gists_url": ["https://api.github.com/users/furquan1993/gists{/gist_id}"],
    "starred_url": ["https://api.github.com/users/furquan1993/starred{/owner}{/repo}"],
    "subscriptions_url": ["https://api.github.com/users/furquan1993/subscriptions"],
    "organizations_url": ["https://api.github.com/users/furquan1993/orgs"],
    "repos_url": ["https://api.github.com/users/furquan1993/repos"],
    "events_url": ["https://api.github.com/users/furquan1993/events{/privacy}"],
    "received_events_url": ["https://api.github.com/users/furquan1993/received_events"],
    "type": ["User"],
    "site_admin": [false]
  }
]
