[
  {
    "login": ["bratao"],
    "id": [1090152],
    "node_id": ["MDQ6VXNlcjEwOTAxNTI="],
    "avatar_url": ["https://avatars3.githubusercontent.com/u/1090152?v=4"],
    "gravatar_id": [""],
    "url": ["https://api.github.com/users/bratao"],
    "html_url": ["https://github.com/bratao"],
    "followers_url": ["https://api.github.com/users/bratao/followers"],
    "following_url": ["https://api.github.com/users/bratao/following{/other_user}"],
    "gists_url": ["https://api.github.com/users/bratao/gists{/gist_id}"],
    "starred_url": ["https://api.github.com/users/bratao/starred{/owner}{/repo}"],
    "subscriptions_url": ["https://api.github.com/users/bratao/subscriptions"],
    "organizations_url": ["https://api.github.com/users/bratao/orgs"],
    "repos_url": ["https://api.github.com/users/bratao/repos"],
    "events_url": ["https://api.github.com/users/bratao/events{/privacy}"],
    "received_events_url": ["https://api.github.com/users/bratao/received_events"],
    "type": ["User"],
    "site_admin": [false]
  }
]
