[
  {
    "login": ["IanMadlenya"],
    "id": [17029683],
    "node_id": ["MDQ6VXNlcjE3MDI5Njgz"],
    "avatar_url": ["https://avatars2.githubusercontent.com/u/17029683?v=4"],
    "gravatar_id": [""],
    "url": ["https://api.github.com/users/IanMadlenya"],
    "html_url": ["https://github.com/IanMadlenya"],
    "followers_url": ["https://api.github.com/users/IanMadlenya/followers"],
    "following_url": ["https://api.github.com/users/IanMadlenya/following{/other_user}"],
    "gists_url": ["https://api.github.com/users/IanMadlenya/gists{/gist_id}"],
    "starred_url": ["https://api.github.com/users/IanMadlenya/starred{/owner}{/repo}"],
    "subscriptions_url": ["https://api.github.com/users/IanMadlenya/subscriptions"],
    "organizations_url": ["https://api.github.com/users/IanMadlenya/orgs"],
    "repos_url": ["https://api.github.com/users/IanMadlenya/repos"],
    "events_url": ["https://api.github.com/users/IanMadlenya/events{/privacy}"],
    "received_events_url": ["https://api.github.com/users/IanMadlenya/received_events"],
    "type": ["User"],
    "site_admin": [false]
  }
]
