[
  {
    "login": ["pdjan"],
    "id": [45166426],
    "node_id": ["MDQ6VXNlcjQ1MTY2NDI2"],
    "avatar_url": ["https://avatars2.githubusercontent.com/u/45166426?v=4"],
    "gravatar_id": [""],
    "url": ["https://api.github.com/users/pdjan"],
    "html_url": ["https://github.com/pdjan"],
    "followers_url": ["https://api.github.com/users/pdjan/followers"],
    "following_url": ["https://api.github.com/users/pdjan/following{/other_user}"],
    "gists_url": ["https://api.github.com/users/pdjan/gists{/gist_id}"],
    "starred_url": ["https://api.github.com/users/pdjan/starred{/owner}{/repo}"],
    "subscriptions_url": ["https://api.github.com/users/pdjan/subscriptions"],
    "organizations_url": ["https://api.github.com/users/pdjan/orgs"],
    "repos_url": ["https://api.github.com/users/pdjan/repos"],
    "events_url": ["https://api.github.com/users/pdjan/events{/privacy}"],
    "received_events_url": ["https://api.github.com/users/pdjan/received_events"],
    "type": ["User"],
    "site_admin": [false]
  }
]
