[
  {
    "login": ["wanghaisheng"],
    "id": [2363295],
    "node_id": ["MDQ6VXNlcjIzNjMyOTU="],
    "avatar_url": ["https://avatars1.githubusercontent.com/u/2363295?v=4"],
    "gravatar_id": [""],
    "url": ["https://api.github.com/users/wanghaisheng"],
    "html_url": ["https://github.com/wanghaisheng"],
    "followers_url": ["https://api.github.com/users/wanghaisheng/followers"],
    "following_url": ["https://api.github.com/users/wanghaisheng/following{/other_user}"],
    "gists_url": ["https://api.github.com/users/wanghaisheng/gists{/gist_id}"],
    "starred_url": ["https://api.github.com/users/wanghaisheng/starred{/owner}{/repo}"],
    "subscriptions_url": ["https://api.github.com/users/wanghaisheng/subscriptions"],
    "organizations_url": ["https://api.github.com/users/wanghaisheng/orgs"],
    "repos_url": ["https://api.github.com/users/wanghaisheng/repos"],
    "events_url": ["https://api.github.com/users/wanghaisheng/events{/privacy}"],
    "received_events_url": ["https://api.github.com/users/wanghaisheng/received_events"],
    "type": ["User"],
    "site_admin": [false]
  }
]
