[
  {
    "login": ["mikelix"],
    "id": [12215386],
    "node_id": ["MDQ6VXNlcjEyMjE1Mzg2"],
    "avatar_url": ["https://avatars0.githubusercontent.com/u/12215386?v=4"],
    "gravatar_id": [""],
    "url": ["https://api.github.com/users/mikelix"],
    "html_url": ["https://github.com/mikelix"],
    "followers_url": ["https://api.github.com/users/mikelix/followers"],
    "following_url": ["https://api.github.com/users/mikelix/following{/other_user}"],
    "gists_url": ["https://api.github.com/users/mikelix/gists{/gist_id}"],
    "starred_url": ["https://api.github.com/users/mikelix/starred{/owner}{/repo}"],
    "subscriptions_url": ["https://api.github.com/users/mikelix/subscriptions"],
    "organizations_url": ["https://api.github.com/users/mikelix/orgs"],
    "repos_url": ["https://api.github.com/users/mikelix/repos"],
    "events_url": ["https://api.github.com/users/mikelix/events{/privacy}"],
    "received_events_url": ["https://api.github.com/users/mikelix/received_events"],
    "type": ["User"],
    "site_admin": [false]
  }
]
