[
  {
    "login": ["sandygiuliani"],
    "id": [7382605],
    "node_id": ["MDQ6VXNlcjczODI2MDU="],
    "avatar_url": ["https://avatars0.githubusercontent.com/u/7382605?v=4"],
    "gravatar_id": [""],
    "url": ["https://api.github.com/users/sandygiuliani"],
    "html_url": ["https://github.com/sandygiuliani"],
    "followers_url": ["https://api.github.com/users/sandygiuliani/followers"],
    "following_url": ["https://api.github.com/users/sandygiuliani/following{/other_user}"],
    "gists_url": ["https://api.github.com/users/sandygiuliani/gists{/gist_id}"],
    "starred_url": ["https://api.github.com/users/sandygiuliani/starred{/owner}{/repo}"],
    "subscriptions_url": ["https://api.github.com/users/sandygiuliani/subscriptions"],
    "organizations_url": ["https://api.github.com/users/sandygiuliani/orgs"],
    "repos_url": ["https://api.github.com/users/sandygiuliani/repos"],
    "events_url": ["https://api.github.com/users/sandygiuliani/events{/privacy}"],
    "received_events_url": ["https://api.github.com/users/sandygiuliani/received_events"],
    "type": ["User"],
    "site_admin": [false]
  }
]
