[
  {
    "login": ["metawake"],
    "id": [1218841],
    "node_id": ["MDQ6VXNlcjEyMTg4NDE="],
    "avatar_url": ["https://avatars1.githubusercontent.com/u/1218841?v=4"],
    "gravatar_id": [""],
    "url": ["https://api.github.com/users/metawake"],
    "html_url": ["https://github.com/metawake"],
    "followers_url": ["https://api.github.com/users/metawake/followers"],
    "following_url": ["https://api.github.com/users/metawake/following{/other_user}"],
    "gists_url": ["https://api.github.com/users/metawake/gists{/gist_id}"],
    "starred_url": ["https://api.github.com/users/metawake/starred{/owner}{/repo}"],
    "subscriptions_url": ["https://api.github.com/users/metawake/subscriptions"],
    "organizations_url": ["https://api.github.com/users/metawake/orgs"],
    "repos_url": ["https://api.github.com/users/metawake/repos"],
    "events_url": ["https://api.github.com/users/metawake/events{/privacy}"],
    "received_events_url": ["https://api.github.com/users/metawake/received_events"],
    "type": ["User"],
    "site_admin": [false]
  }
]
