[
  {
    "login": ["tju"],
    "id": [1089141],
    "node_id": ["MDQ6VXNlcjEwODkxNDE="],
    "avatar_url": ["https://avatars2.githubusercontent.com/u/1089141?v=4"],
    "gravatar_id": [""],
    "url": ["https://api.github.com/users/tju"],
    "html_url": ["https://github.com/tju"],
    "followers_url": ["https://api.github.com/users/tju/followers"],
    "following_url": ["https://api.github.com/users/tju/following{/other_user}"],
    "gists_url": ["https://api.github.com/users/tju/gists{/gist_id}"],
    "starred_url": ["https://api.github.com/users/tju/starred{/owner}{/repo}"],
    "subscriptions_url": ["https://api.github.com/users/tju/subscriptions"],
    "organizations_url": ["https://api.github.com/users/tju/orgs"],
    "repos_url": ["https://api.github.com/users/tju/repos"],
    "events_url": ["https://api.github.com/users/tju/events{/privacy}"],
    "received_events_url": ["https://api.github.com/users/tju/received_events"],
    "type": ["User"],
    "site_admin": [false]
  }
]
