[
  {
    "login": ["codeisafourletter"],
    "id": [25409828],
    "node_id": ["MDQ6VXNlcjI1NDA5ODI4"],
    "avatar_url": ["https://avatars1.githubusercontent.com/u/25409828?v=4"],
    "gravatar_id": [""],
    "url": ["https://api.github.com/users/codeisafourletter"],
    "html_url": ["https://github.com/codeisafourletter"],
    "followers_url": ["https://api.github.com/users/codeisafourletter/followers"],
    "following_url": ["https://api.github.com/users/codeisafourletter/following{/other_user}"],
    "gists_url": ["https://api.github.com/users/codeisafourletter/gists{/gist_id}"],
    "starred_url": ["https://api.github.com/users/codeisafourletter/starred{/owner}{/repo}"],
    "subscriptions_url": ["https://api.github.com/users/codeisafourletter/subscriptions"],
    "organizations_url": ["https://api.github.com/users/codeisafourletter/orgs"],
    "repos_url": ["https://api.github.com/users/codeisafourletter/repos"],
    "events_url": ["https://api.github.com/users/codeisafourletter/events{/privacy}"],
    "received_events_url": ["https://api.github.com/users/codeisafourletter/received_events"],
    "type": ["User"],
    "site_admin": [false]
  }
]
