[
  {
    "login": ["saledouble"],
    "id": [10117031],
    "node_id": ["MDQ6VXNlcjEwMTE3MDMx"],
    "avatar_url": ["https://avatars1.githubusercontent.com/u/10117031?v=4"],
    "gravatar_id": [""],
    "url": ["https://api.github.com/users/saledouble"],
    "html_url": ["https://github.com/saledouble"],
    "followers_url": ["https://api.github.com/users/saledouble/followers"],
    "following_url": ["https://api.github.com/users/saledouble/following{/other_user}"],
    "gists_url": ["https://api.github.com/users/saledouble/gists{/gist_id}"],
    "starred_url": ["https://api.github.com/users/saledouble/starred{/owner}{/repo}"],
    "subscriptions_url": ["https://api.github.com/users/saledouble/subscriptions"],
    "organizations_url": ["https://api.github.com/users/saledouble/orgs"],
    "repos_url": ["https://api.github.com/users/saledouble/repos"],
    "events_url": ["https://api.github.com/users/saledouble/events{/privacy}"],
    "received_events_url": ["https://api.github.com/users/saledouble/received_events"],
    "type": ["User"],
    "site_admin": [false]
  }
]
