[
  {
    "login": ["fgh95"],
    "id": [43019129],
    "node_id": ["MDQ6VXNlcjQzMDE5MTI5"],
    "avatar_url": ["https://avatars0.githubusercontent.com/u/43019129?v=4"],
    "gravatar_id": [""],
    "url": ["https://api.github.com/users/fgh95"],
    "html_url": ["https://github.com/fgh95"],
    "followers_url": ["https://api.github.com/users/fgh95/followers"],
    "following_url": ["https://api.github.com/users/fgh95/following{/other_user}"],
    "gists_url": ["https://api.github.com/users/fgh95/gists{/gist_id}"],
    "starred_url": ["https://api.github.com/users/fgh95/starred{/owner}{/repo}"],
    "subscriptions_url": ["https://api.github.com/users/fgh95/subscriptions"],
    "organizations_url": ["https://api.github.com/users/fgh95/orgs"],
    "repos_url": ["https://api.github.com/users/fgh95/repos"],
    "events_url": ["https://api.github.com/users/fgh95/events{/privacy}"],
    "received_events_url": ["https://api.github.com/users/fgh95/received_events"],
    "type": ["User"],
    "site_admin": [false]
  }
]
