[
  {
    "login": ["krvax"],
    "id": [819447],
    "node_id": ["MDQ6VXNlcjgxOTQ0Nw=="],
    "avatar_url": ["https://avatars2.githubusercontent.com/u/819447?v=4"],
    "gravatar_id": [""],
    "url": ["https://api.github.com/users/krvax"],
    "html_url": ["https://github.com/krvax"],
    "followers_url": ["https://api.github.com/users/krvax/followers"],
    "following_url": ["https://api.github.com/users/krvax/following{/other_user}"],
    "gists_url": ["https://api.github.com/users/krvax/gists{/gist_id}"],
    "starred_url": ["https://api.github.com/users/krvax/starred{/owner}{/repo}"],
    "subscriptions_url": ["https://api.github.com/users/krvax/subscriptions"],
    "organizations_url": ["https://api.github.com/users/krvax/orgs"],
    "repos_url": ["https://api.github.com/users/krvax/repos"],
    "events_url": ["https://api.github.com/users/krvax/events{/privacy}"],
    "received_events_url": ["https://api.github.com/users/krvax/received_events"],
    "type": ["User"],
    "site_admin": [false]
  }
]
