[
  {
    "login": ["pgragg"],
    "id": [9450846],
    "node_id": ["MDQ6VXNlcjk0NTA4NDY="],
    "avatar_url": ["https://avatars2.githubusercontent.com/u/9450846?v=4"],
    "gravatar_id": [""],
    "url": ["https://api.github.com/users/pgragg"],
    "html_url": ["https://github.com/pgragg"],
    "followers_url": ["https://api.github.com/users/pgragg/followers"],
    "following_url": ["https://api.github.com/users/pgragg/following{/other_user}"],
    "gists_url": ["https://api.github.com/users/pgragg/gists{/gist_id}"],
    "starred_url": ["https://api.github.com/users/pgragg/starred{/owner}{/repo}"],
    "subscriptions_url": ["https://api.github.com/users/pgragg/subscriptions"],
    "organizations_url": ["https://api.github.com/users/pgragg/orgs"],
    "repos_url": ["https://api.github.com/users/pgragg/repos"],
    "events_url": ["https://api.github.com/users/pgragg/events{/privacy}"],
    "received_events_url": ["https://api.github.com/users/pgragg/received_events"],
    "type": ["User"],
    "site_admin": [false]
  }
]
