[
  {
    "login": ["vukbatanovic"],
    "id": [16827592],
    "node_id": ["MDQ6VXNlcjE2ODI3NTky"],
    "avatar_url": ["https://avatars0.githubusercontent.com/u/16827592?v=4"],
    "gravatar_id": [""],
    "url": ["https://api.github.com/users/vukbatanovic"],
    "html_url": ["https://github.com/vukbatanovic"],
    "followers_url": ["https://api.github.com/users/vukbatanovic/followers"],
    "following_url": ["https://api.github.com/users/vukbatanovic/following{/other_user}"],
    "gists_url": ["https://api.github.com/users/vukbatanovic/gists{/gist_id}"],
    "starred_url": ["https://api.github.com/users/vukbatanovic/starred{/owner}{/repo}"],
    "subscriptions_url": ["https://api.github.com/users/vukbatanovic/subscriptions"],
    "organizations_url": ["https://api.github.com/users/vukbatanovic/orgs"],
    "repos_url": ["https://api.github.com/users/vukbatanovic/repos"],
    "events_url": ["https://api.github.com/users/vukbatanovic/events{/privacy}"],
    "received_events_url": ["https://api.github.com/users/vukbatanovic/received_events"],
    "type": ["User"],
    "site_admin": [false]
  }
]
