[
  {
    "login": ["saridsa1"],
    "id": [25052883],
    "node_id": ["MDQ6VXNlcjI1MDUyODgz"],
    "avatar_url": ["https://avatars1.githubusercontent.com/u/25052883?v=4"],
    "gravatar_id": [""],
    "url": ["https://api.github.com/users/saridsa1"],
    "html_url": ["https://github.com/saridsa1"],
    "followers_url": ["https://api.github.com/users/saridsa1/followers"],
    "following_url": ["https://api.github.com/users/saridsa1/following{/other_user}"],
    "gists_url": ["https://api.github.com/users/saridsa1/gists{/gist_id}"],
    "starred_url": ["https://api.github.com/users/saridsa1/starred{/owner}{/repo}"],
    "subscriptions_url": ["https://api.github.com/users/saridsa1/subscriptions"],
    "organizations_url": ["https://api.github.com/users/saridsa1/orgs"],
    "repos_url": ["https://api.github.com/users/saridsa1/repos"],
    "events_url": ["https://api.github.com/users/saridsa1/events{/privacy}"],
    "received_events_url": ["https://api.github.com/users/saridsa1/received_events"],
    "type": ["User"],
    "site_admin": [false]
  }
]
