[
  {
    "login": ["Sehaba95"],
    "id": [19336306],
    "node_id": ["MDQ6VXNlcjE5MzM2MzA2"],
    "avatar_url": ["https://avatars2.githubusercontent.com/u/19336306?v=4"],
    "gravatar_id": [""],
    "url": ["https://api.github.com/users/Sehaba95"],
    "html_url": ["https://github.com/Sehaba95"],
    "followers_url": ["https://api.github.com/users/Sehaba95/followers"],
    "following_url": ["https://api.github.com/users/Sehaba95/following{/other_user}"],
    "gists_url": ["https://api.github.com/users/Sehaba95/gists{/gist_id}"],
    "starred_url": ["https://api.github.com/users/Sehaba95/starred{/owner}{/repo}"],
    "subscriptions_url": ["https://api.github.com/users/Sehaba95/subscriptions"],
    "organizations_url": ["https://api.github.com/users/Sehaba95/orgs"],
    "repos_url": ["https://api.github.com/users/Sehaba95/repos"],
    "events_url": ["https://api.github.com/users/Sehaba95/events{/privacy}"],
    "received_events_url": ["https://api.github.com/users/Sehaba95/received_events"],
    "type": ["User"],
    "site_admin": [false]
  }
]
