[
  {
    "login": ["RHM697"],
    "id": [25660802],
    "node_id": ["MDQ6VXNlcjI1NjYwODAy"],
    "avatar_url": ["https://avatars3.githubusercontent.com/u/25660802?v=4"],
    "gravatar_id": [""],
    "url": ["https://api.github.com/users/RHM697"],
    "html_url": ["https://github.com/RHM697"],
    "followers_url": ["https://api.github.com/users/RHM697/followers"],
    "following_url": ["https://api.github.com/users/RHM697/following{/other_user}"],
    "gists_url": ["https://api.github.com/users/RHM697/gists{/gist_id}"],
    "starred_url": ["https://api.github.com/users/RHM697/starred{/owner}{/repo}"],
    "subscriptions_url": ["https://api.github.com/users/RHM697/subscriptions"],
    "organizations_url": ["https://api.github.com/users/RHM697/orgs"],
    "repos_url": ["https://api.github.com/users/RHM697/repos"],
    "events_url": ["https://api.github.com/users/RHM697/events{/privacy}"],
    "received_events_url": ["https://api.github.com/users/RHM697/received_events"],
    "type": ["User"],
    "site_admin": [false]
  }
]
