[
  {
    "login": ["yashmosh"],
    "id": [7934677],
    "node_id": ["MDQ6VXNlcjc5MzQ2Nzc="],
    "avatar_url": ["https://avatars3.githubusercontent.com/u/7934677?v=4"],
    "gravatar_id": [""],
    "url": ["https://api.github.com/users/yashmosh"],
    "html_url": ["https://github.com/yashmosh"],
    "followers_url": ["https://api.github.com/users/yashmosh/followers"],
    "following_url": ["https://api.github.com/users/yashmosh/following{/other_user}"],
    "gists_url": ["https://api.github.com/users/yashmosh/gists{/gist_id}"],
    "starred_url": ["https://api.github.com/users/yashmosh/starred{/owner}{/repo}"],
    "subscriptions_url": ["https://api.github.com/users/yashmosh/subscriptions"],
    "organizations_url": ["https://api.github.com/users/yashmosh/orgs"],
    "repos_url": ["https://api.github.com/users/yashmosh/repos"],
    "events_url": ["https://api.github.com/users/yashmosh/events{/privacy}"],
    "received_events_url": ["https://api.github.com/users/yashmosh/received_events"],
    "type": ["User"],
    "site_admin": [false]
  }
]
