[
  {
    "login": ["thejeshgn"],
    "id": [76114],
    "node_id": ["MDQ6VXNlcjc2MTE0"],
    "avatar_url": ["https://avatars1.githubusercontent.com/u/76114?v=4"],
    "gravatar_id": [""],
    "url": ["https://api.github.com/users/thejeshgn"],
    "html_url": ["https://github.com/thejeshgn"],
    "followers_url": ["https://api.github.com/users/thejeshgn/followers"],
    "following_url": ["https://api.github.com/users/thejeshgn/following{/other_user}"],
    "gists_url": ["https://api.github.com/users/thejeshgn/gists{/gist_id}"],
    "starred_url": ["https://api.github.com/users/thejeshgn/starred{/owner}{/repo}"],
    "subscriptions_url": ["https://api.github.com/users/thejeshgn/subscriptions"],
    "organizations_url": ["https://api.github.com/users/thejeshgn/orgs"],
    "repos_url": ["https://api.github.com/users/thejeshgn/repos"],
    "events_url": ["https://api.github.com/users/thejeshgn/events{/privacy}"],
    "received_events_url": ["https://api.github.com/users/thejeshgn/received_events"],
    "type": ["User"],
    "site_admin": [false]
  }
]
