[
  {
    "login": ["dweinstein"],
    "id": [794478],
    "node_id": ["MDQ6VXNlcjc5NDQ3OA=="],
    "avatar_url": ["https://avatars1.githubusercontent.com/u/794478?v=4"],
    "gravatar_id": [""],
    "url": ["https://api.github.com/users/dweinstein"],
    "html_url": ["https://github.com/dweinstein"],
    "followers_url": ["https://api.github.com/users/dweinstein/followers"],
    "following_url": ["https://api.github.com/users/dweinstein/following{/other_user}"],
    "gists_url": ["https://api.github.com/users/dweinstein/gists{/gist_id}"],
    "starred_url": ["https://api.github.com/users/dweinstein/starred{/owner}{/repo}"],
    "subscriptions_url": ["https://api.github.com/users/dweinstein/subscriptions"],
    "organizations_url": ["https://api.github.com/users/dweinstein/orgs"],
    "repos_url": ["https://api.github.com/users/dweinstein/repos"],
    "events_url": ["https://api.github.com/users/dweinstein/events{/privacy}"],
    "received_events_url": ["https://api.github.com/users/dweinstein/received_events"],
    "type": ["User"],
    "site_admin": [false]
  }
]
