[
  {
    "login": ["yul11a"],
    "id": [6744643],
    "node_id": ["MDQ6VXNlcjY3NDQ2NDM="],
    "avatar_url": ["https://avatars3.githubusercontent.com/u/6744643?v=4"],
    "gravatar_id": [""],
    "url": ["https://api.github.com/users/yul11a"],
    "html_url": ["https://github.com/yul11a"],
    "followers_url": ["https://api.github.com/users/yul11a/followers"],
    "following_url": ["https://api.github.com/users/yul11a/following{/other_user}"],
    "gists_url": ["https://api.github.com/users/yul11a/gists{/gist_id}"],
    "starred_url": ["https://api.github.com/users/yul11a/starred{/owner}{/repo}"],
    "subscriptions_url": ["https://api.github.com/users/yul11a/subscriptions"],
    "organizations_url": ["https://api.github.com/users/yul11a/orgs"],
    "repos_url": ["https://api.github.com/users/yul11a/repos"],
    "events_url": ["https://api.github.com/users/yul11a/events{/privacy}"],
    "received_events_url": ["https://api.github.com/users/yul11a/received_events"],
    "type": ["User"],
    "site_admin": [false]
  }
]
