[
  {
    "login": ["aniruddhasanyal"],
    "id": [15258737],
    "node_id": ["MDQ6VXNlcjE1MjU4NzM3"],
    "avatar_url": ["https://avatars2.githubusercontent.com/u/15258737?v=4"],
    "gravatar_id": [""],
    "url": ["https://api.github.com/users/aniruddhasanyal"],
    "html_url": ["https://github.com/aniruddhasanyal"],
    "followers_url": ["https://api.github.com/users/aniruddhasanyal/followers"],
    "following_url": ["https://api.github.com/users/aniruddhasanyal/following{/other_user}"],
    "gists_url": ["https://api.github.com/users/aniruddhasanyal/gists{/gist_id}"],
    "starred_url": ["https://api.github.com/users/aniruddhasanyal/starred{/owner}{/repo}"],
    "subscriptions_url": ["https://api.github.com/users/aniruddhasanyal/subscriptions"],
    "organizations_url": ["https://api.github.com/users/aniruddhasanyal/orgs"],
    "repos_url": ["https://api.github.com/users/aniruddhasanyal/repos"],
    "events_url": ["https://api.github.com/users/aniruddhasanyal/events{/privacy}"],
    "received_events_url": ["https://api.github.com/users/aniruddhasanyal/received_events"],
    "type": ["User"],
    "site_admin": [false]
  }
]
