[
  {
    "login": ["Selich"],
    "id": [10079878],
    "node_id": ["MDQ6VXNlcjEwMDc5ODc4"],
    "avatar_url": ["https://avatars3.githubusercontent.com/u/10079878?v=4"],
    "gravatar_id": [""],
    "url": ["https://api.github.com/users/Selich"],
    "html_url": ["https://github.com/Selich"],
    "followers_url": ["https://api.github.com/users/Selich/followers"],
    "following_url": ["https://api.github.com/users/Selich/following{/other_user}"],
    "gists_url": ["https://api.github.com/users/Selich/gists{/gist_id}"],
    "starred_url": ["https://api.github.com/users/Selich/starred{/owner}{/repo}"],
    "subscriptions_url": ["https://api.github.com/users/Selich/subscriptions"],
    "organizations_url": ["https://api.github.com/users/Selich/orgs"],
    "repos_url": ["https://api.github.com/users/Selich/repos"],
    "events_url": ["https://api.github.com/users/Selich/events{/privacy}"],
    "received_events_url": ["https://api.github.com/users/Selich/received_events"],
    "type": ["User"],
    "site_admin": [false]
  }
]
