[
  {
    "login": ["Ivan-Markovic"],
    "id": [17255518],
    "node_id": ["MDQ6VXNlcjE3MjU1NTE4"],
    "avatar_url": ["https://avatars1.githubusercontent.com/u/17255518?v=4"],
    "gravatar_id": [""],
    "url": ["https://api.github.com/users/Ivan-Markovic"],
    "html_url": ["https://github.com/Ivan-Markovic"],
    "followers_url": ["https://api.github.com/users/Ivan-Markovic/followers"],
    "following_url": ["https://api.github.com/users/Ivan-Markovic/following{/other_user}"],
    "gists_url": ["https://api.github.com/users/Ivan-Markovic/gists{/gist_id}"],
    "starred_url": ["https://api.github.com/users/Ivan-Markovic/starred{/owner}{/repo}"],
    "subscriptions_url": ["https://api.github.com/users/Ivan-Markovic/subscriptions"],
    "organizations_url": ["https://api.github.com/users/Ivan-Markovic/orgs"],
    "repos_url": ["https://api.github.com/users/Ivan-Markovic/repos"],
    "events_url": ["https://api.github.com/users/Ivan-Markovic/events{/privacy}"],
    "received_events_url": ["https://api.github.com/users/Ivan-Markovic/received_events"],
    "type": ["User"],
    "site_admin": [false]
  }
]
