[
  {
    "login": ["Patrick160893"],
    "id": [6538320],
    "node_id": ["MDQ6VXNlcjY1MzgzMjA="],
    "avatar_url": ["https://avatars2.githubusercontent.com/u/6538320?v=4"],
    "gravatar_id": [""],
    "url": ["https://api.github.com/users/Patrick160893"],
    "html_url": ["https://github.com/Patrick160893"],
    "followers_url": ["https://api.github.com/users/Patrick160893/followers"],
    "following_url": ["https://api.github.com/users/Patrick160893/following{/other_user}"],
    "gists_url": ["https://api.github.com/users/Patrick160893/gists{/gist_id}"],
    "starred_url": ["https://api.github.com/users/Patrick160893/starred{/owner}{/repo}"],
    "subscriptions_url": ["https://api.github.com/users/Patrick160893/subscriptions"],
    "organizations_url": ["https://api.github.com/users/Patrick160893/orgs"],
    "repos_url": ["https://api.github.com/users/Patrick160893/repos"],
    "events_url": ["https://api.github.com/users/Patrick160893/events{/privacy}"],
    "received_events_url": ["https://api.github.com/users/Patrick160893/received_events"],
    "type": ["User"],
    "site_admin": [false]
  }
]
