[
  {
    "login": ["Rajpratik71"],
    "id": [12658912],
    "node_id": ["MDQ6VXNlcjEyNjU4OTEy"],
    "avatar_url": ["https://avatars1.githubusercontent.com/u/12658912?v=4"],
    "gravatar_id": [""],
    "url": ["https://api.github.com/users/Rajpratik71"],
    "html_url": ["https://github.com/Rajpratik71"],
    "followers_url": ["https://api.github.com/users/Rajpratik71/followers"],
    "following_url": ["https://api.github.com/users/Rajpratik71/following{/other_user}"],
    "gists_url": ["https://api.github.com/users/Rajpratik71/gists{/gist_id}"],
    "starred_url": ["https://api.github.com/users/Rajpratik71/starred{/owner}{/repo}"],
    "subscriptions_url": ["https://api.github.com/users/Rajpratik71/subscriptions"],
    "organizations_url": ["https://api.github.com/users/Rajpratik71/orgs"],
    "repos_url": ["https://api.github.com/users/Rajpratik71/repos"],
    "events_url": ["https://api.github.com/users/Rajpratik71/events{/privacy}"],
    "received_events_url": ["https://api.github.com/users/Rajpratik71/received_events"],
    "type": ["User"],
    "site_admin": [false]
  }
]
