[
  {
    "login": ["arpitgogia"],
    "id": [9051659],
    "node_id": ["MDQ6VXNlcjkwNTE2NTk="],
    "avatar_url": ["https://avatars3.githubusercontent.com/u/9051659?v=4"],
    "gravatar_id": [""],
    "url": ["https://api.github.com/users/arpitgogia"],
    "html_url": ["https://github.com/arpitgogia"],
    "followers_url": ["https://api.github.com/users/arpitgogia/followers"],
    "following_url": ["https://api.github.com/users/arpitgogia/following{/other_user}"],
    "gists_url": ["https://api.github.com/users/arpitgogia/gists{/gist_id}"],
    "starred_url": ["https://api.github.com/users/arpitgogia/starred{/owner}{/repo}"],
    "subscriptions_url": ["https://api.github.com/users/arpitgogia/subscriptions"],
    "organizations_url": ["https://api.github.com/users/arpitgogia/orgs"],
    "repos_url": ["https://api.github.com/users/arpitgogia/repos"],
    "events_url": ["https://api.github.com/users/arpitgogia/events{/privacy}"],
    "received_events_url": ["https://api.github.com/users/arpitgogia/received_events"],
    "type": ["User"],
    "site_admin": [false]
  }
]
