[
  {
    "login": ["theYogesh"],
    "id": [12001055],
    "node_id": ["MDQ6VXNlcjEyMDAxMDU1"],
    "avatar_url": ["https://avatars3.githubusercontent.com/u/12001055?v=4"],
    "gravatar_id": [""],
    "url": ["https://api.github.com/users/theYogesh"],
    "html_url": ["https://github.com/theYogesh"],
    "followers_url": ["https://api.github.com/users/theYogesh/followers"],
    "following_url": ["https://api.github.com/users/theYogesh/following{/other_user}"],
    "gists_url": ["https://api.github.com/users/theYogesh/gists{/gist_id}"],
    "starred_url": ["https://api.github.com/users/theYogesh/starred{/owner}{/repo}"],
    "subscriptions_url": ["https://api.github.com/users/theYogesh/subscriptions"],
    "organizations_url": ["https://api.github.com/users/theYogesh/orgs"],
    "repos_url": ["https://api.github.com/users/theYogesh/repos"],
    "events_url": ["https://api.github.com/users/theYogesh/events{/privacy}"],
    "received_events_url": ["https://api.github.com/users/theYogesh/received_events"],
    "type": ["User"],
    "site_admin": [false]
  }
]
