[
  {
    "login": ["urahamat01"],
    "id": [42867755],
    "node_id": ["MDQ6VXNlcjQyODY3NzU1"],
    "avatar_url": ["https://avatars0.githubusercontent.com/u/42867755?v=4"],
    "gravatar_id": [""],
    "url": ["https://api.github.com/users/urahamat01"],
    "html_url": ["https://github.com/urahamat01"],
    "followers_url": ["https://api.github.com/users/urahamat01/followers"],
    "following_url": ["https://api.github.com/users/urahamat01/following{/other_user}"],
    "gists_url": ["https://api.github.com/users/urahamat01/gists{/gist_id}"],
    "starred_url": ["https://api.github.com/users/urahamat01/starred{/owner}{/repo}"],
    "subscriptions_url": ["https://api.github.com/users/urahamat01/subscriptions"],
    "organizations_url": ["https://api.github.com/users/urahamat01/orgs"],
    "repos_url": ["https://api.github.com/users/urahamat01/repos"],
    "events_url": ["https://api.github.com/users/urahamat01/events{/privacy}"],
    "received_events_url": ["https://api.github.com/users/urahamat01/received_events"],
    "type": ["User"],
    "site_admin": [false]
  }
]
