[
  {
    "login": ["tan007"],
    "id": [1693803],
    "node_id": ["MDQ6VXNlcjE2OTM4MDM="],
    "avatar_url": ["https://avatars3.githubusercontent.com/u/1693803?v=4"],
    "gravatar_id": [""],
    "url": ["https://api.github.com/users/tan007"],
    "html_url": ["https://github.com/tan007"],
    "followers_url": ["https://api.github.com/users/tan007/followers"],
    "following_url": ["https://api.github.com/users/tan007/following{/other_user}"],
    "gists_url": ["https://api.github.com/users/tan007/gists{/gist_id}"],
    "starred_url": ["https://api.github.com/users/tan007/starred{/owner}{/repo}"],
    "subscriptions_url": ["https://api.github.com/users/tan007/subscriptions"],
    "organizations_url": ["https://api.github.com/users/tan007/orgs"],
    "repos_url": ["https://api.github.com/users/tan007/repos"],
    "events_url": ["https://api.github.com/users/tan007/events{/privacy}"],
    "received_events_url": ["https://api.github.com/users/tan007/received_events"],
    "type": ["User"],
    "site_admin": [false]
  }
]
