[
  {
    "login": ["GhadaAlfattni"],
    "id": [35068180],
    "node_id": ["MDQ6VXNlcjM1MDY4MTgw"],
    "avatar_url": ["https://avatars0.githubusercontent.com/u/35068180?v=4"],
    "gravatar_id": [""],
    "url": ["https://api.github.com/users/GhadaAlfattni"],
    "html_url": ["https://github.com/GhadaAlfattni"],
    "followers_url": ["https://api.github.com/users/GhadaAlfattni/followers"],
    "following_url": ["https://api.github.com/users/GhadaAlfattni/following{/other_user}"],
    "gists_url": ["https://api.github.com/users/GhadaAlfattni/gists{/gist_id}"],
    "starred_url": ["https://api.github.com/users/GhadaAlfattni/starred{/owner}{/repo}"],
    "subscriptions_url": ["https://api.github.com/users/GhadaAlfattni/subscriptions"],
    "organizations_url": ["https://api.github.com/users/GhadaAlfattni/orgs"],
    "repos_url": ["https://api.github.com/users/GhadaAlfattni/repos"],
    "events_url": ["https://api.github.com/users/GhadaAlfattni/events{/privacy}"],
    "received_events_url": ["https://api.github.com/users/GhadaAlfattni/received_events"],
    "type": ["User"],
    "site_admin": [false]
  }
]
