[
  {
    "login": ["sanchitgupta001"],
    "id": [11902742],
    "node_id": ["MDQ6VXNlcjExOTAyNzQy"],
    "avatar_url": ["https://avatars0.githubusercontent.com/u/11902742?v=4"],
    "gravatar_id": [""],
    "url": ["https://api.github.com/users/sanchitgupta001"],
    "html_url": ["https://github.com/sanchitgupta001"],
    "followers_url": ["https://api.github.com/users/sanchitgupta001/followers"],
    "following_url": ["https://api.github.com/users/sanchitgupta001/following{/other_user}"],
    "gists_url": ["https://api.github.com/users/sanchitgupta001/gists{/gist_id}"],
    "starred_url": ["https://api.github.com/users/sanchitgupta001/starred{/owner}{/repo}"],
    "subscriptions_url": ["https://api.github.com/users/sanchitgupta001/subscriptions"],
    "organizations_url": ["https://api.github.com/users/sanchitgupta001/orgs"],
    "repos_url": ["https://api.github.com/users/sanchitgupta001/repos"],
    "events_url": ["https://api.github.com/users/sanchitgupta001/events{/privacy}"],
    "received_events_url": ["https://api.github.com/users/sanchitgupta001/received_events"],
    "type": ["User"],
    "site_admin": [false]
  }
]
