[
  {
    "login": ["unbaiat"],
    "id": [12748292],
    "node_id": ["MDQ6VXNlcjEyNzQ4Mjky"],
    "avatar_url": ["https://avatars3.githubusercontent.com/u/12748292?v=4"],
    "gravatar_id": [""],
    "url": ["https://api.github.com/users/unbaiat"],
    "html_url": ["https://github.com/unbaiat"],
    "followers_url": ["https://api.github.com/users/unbaiat/followers"],
    "following_url": ["https://api.github.com/users/unbaiat/following{/other_user}"],
    "gists_url": ["https://api.github.com/users/unbaiat/gists{/gist_id}"],
    "starred_url": ["https://api.github.com/users/unbaiat/starred{/owner}{/repo}"],
    "subscriptions_url": ["https://api.github.com/users/unbaiat/subscriptions"],
    "organizations_url": ["https://api.github.com/users/unbaiat/orgs"],
    "repos_url": ["https://api.github.com/users/unbaiat/repos"],
    "events_url": ["https://api.github.com/users/unbaiat/events{/privacy}"],
    "received_events_url": ["https://api.github.com/users/unbaiat/received_events"],
    "type": ["User"],
    "site_admin": [false]
  }
]
