[
  {
    "url": ["https://api.github.com/repos/nikolamilosevic86/FinAnalyzer/issues/5"],
    "repository_url": ["https://api.github.com/repos/nikolamilosevic86/FinAnalyzer"],
    "labels_url": ["https://api.github.com/repos/nikolamilosevic86/FinAnalyzer/issues/5/labels{/name}"],
    "comments_url": ["https://api.github.com/repos/nikolamilosevic86/FinAnalyzer/issues/5/comments"],
    "events_url": ["https://api.github.com/repos/nikolamilosevic86/FinAnalyzer/issues/5/events"],
    "html_url": ["https://github.com/nikolamilosevic86/FinAnalyzer/issues/5"],
    "id": [263740990],
    "node_id": ["MDU6SXNzdWUyNjM3NDA5OTA="],
    "number": [5],
    "title": ["File not executing"],
    "user": {
      "login": ["abbhinavsri30"],
      "id": [8376699],
      "node_id": ["MDQ6VXNlcjgzNzY2OTk="],
      "avatar_url": ["https://avatars0.githubusercontent.com/u/8376699?v=4"],
      "gravatar_id": [""],
      "url": ["https://api.github.com/users/abbhinavsri30"],
      "html_url": ["https://github.com/abbhinavsri30"],
      "followers_url": ["https://api.github.com/users/abbhinavsri30/followers"],
      "following_url": ["https://api.github.com/users/abbhinavsri30/following{/other_user}"],
      "gists_url": ["https://api.github.com/users/abbhinavsri30/gists{/gist_id}"],
      "starred_url": ["https://api.github.com/users/abbhinavsri30/starred{/owner}{/repo}"],
      "subscriptions_url": ["https://api.github.com/users/abbhinavsri30/subscriptions"],
      "organizations_url": ["https://api.github.com/users/abbhinavsri30/orgs"],
      "repos_url": ["https://api.github.com/users/abbhinavsri30/repos"],
      "events_url": ["https://api.github.com/users/abbhinavsri30/events{/privacy}"],
      "received_events_url": ["https://api.github.com/users/abbhinavsri30/received_events"],
      "type": ["User"],
      "site_admin": [false]
    },
    "labels": [],
    "state": ["open"],
    "locked": [false],
    "assignee": {},
    "assignees": [],
    "milestone": {},
    "comments": [0],
    "created_at": ["2017-10-08T18:35:45Z"],
    "updated_at": ["2017-10-08T18:35:45Z"],
    "closed_at": {},
    "author_association": ["NONE"],
    "body": ["Using the package manager, when running the file, i get below erroe:\r\n\r\njava.lang.Exception: Unable to find Description file in package archive!\r\n\tat org.pentaho.packageManagement.DefaultPackageManager.getPackageArchiveInfo(DefaultPackageManager.java:297)\r\n\tat weka.core.WekaPackageManager.installPackageFromArchive(WekaPackageManager.java:1846)\r\n\tat weka.gui.PackageManager$UnofficialInstallTask.doInBackground(PackageManager.java:783)\r\n\tat weka.gui.PackageManager$UnofficialInstallTask.doInBackground(PackageManager.java:728)\r\n\tat javax.swing.SwingWorker$1.call(Unknown Source)\r\n\tat java.util.concurrent.FutureTask.run(Unknown Source)\r\n\tat javax.swing.SwingWorker.run(Unknown Source)\r\n\tat java.util.concurrent.ThreadPoolExecutor.runWorker(Unknown Source)\r\n\tat java.util.concurrent.ThreadPoolExecutor$Worker.run(Unknown Source)\r\n\tat java.lang.Thread.run(Unknown Source)\r\n"]
  },
  {
    "url": ["https://api.github.com/repos/nikolamilosevic86/FinAnalyzer/issues/4"],
    "repository_url": ["https://api.github.com/repos/nikolamilosevic86/FinAnalyzer"],
    "labels_url": ["https://api.github.com/repos/nikolamilosevic86/FinAnalyzer/issues/4/labels{/name}"],
    "comments_url": ["https://api.github.com/repos/nikolamilosevic86/FinAnalyzer/issues/4/comments"],
    "events_url": ["https://api.github.com/repos/nikolamilosevic86/FinAnalyzer/issues/4/events"],
    "html_url": ["https://github.com/nikolamilosevic86/FinAnalyzer/issues/4"],
    "id": [153609602],
    "node_id": ["MDU6SXNzdWUxNTM2MDk2MDI="],
    "number": [4],
    "title": ["Able to predict short term trend and upload user's custom weka model?"],
    "user": {
      "login": ["ghost"],
      "id": [10137],
      "node_id": ["MDQ6VXNlcjEwMTM3"],
      "avatar_url": ["https://avatars3.githubusercontent.com/u/10137?v=4"],
      "gravatar_id": [""],
      "url": ["https://api.github.com/users/ghost"],
      "html_url": ["https://github.com/ghost"],
      "followers_url": ["https://api.github.com/users/ghost/followers"],
      "following_url": ["https://api.github.com/users/ghost/following{/other_user}"],
      "gists_url": ["https://api.github.com/users/ghost/gists{/gist_id}"],
      "starred_url": ["https://api.github.com/users/ghost/starred{/owner}{/repo}"],
      "subscriptions_url": ["https://api.github.com/users/ghost/subscriptions"],
      "organizations_url": ["https://api.github.com/users/ghost/orgs"],
      "repos_url": ["https://api.github.com/users/ghost/repos"],
      "events_url": ["https://api.github.com/users/ghost/events{/privacy}"],
      "received_events_url": ["https://api.github.com/users/ghost/received_events"],
      "type": ["User"],
      "site_admin": [false]
    },
    "labels": [
      {
        "id": [368745377],
        "node_id": ["MDU6TGFiZWwzNjg3NDUzNzc="],
        "url": ["https://api.github.com/repos/nikolamilosevic86/FinAnalyzer/labels/enhancement"],
        "name": ["enhancement"],
        "color": ["84b6eb"],
        "default": [true]
      }
    ],
    "state": ["open"],
    "locked": [false],
    "assignee": {},
    "assignees": [],
    "milestone": {},
    "comments": [4],
    "created_at": ["2016-05-07T18:21:15Z"],
    "updated_at": ["2016-05-11T04:56:31Z"],
    "closed_at": {},
    "author_association": ["NONE"],
    "body": ["HI nikol,\nGoogle brought me to your website accidentally and their I found this software. Its really an interesting software but what is your weka model's accuracy. Some where you wrote that when you converted to a weka model accuracy decreased or something.\n\nDo you have a short term trend predicting model, say for predicting stocks trend up or down next month. Is it possible to add custom user weka model to your software?\n\nThis is not related to the software but to the machine learning applications in stock price prediction?\nI have created  machine learning models using historical daily prices and its indicator values as features. But after many models and feature selection my model accuracy is near 50%. Now I am stuck my models are not improving or worsening it just stuck in one place. Do you have any advice?\n"]
  },
  {
    "url": ["https://api.github.com/repos/nikolamilosevic86/FinAnalyzer/issues/3"],
    "repository_url": ["https://api.github.com/repos/nikolamilosevic86/FinAnalyzer"],
    "labels_url": ["https://api.github.com/repos/nikolamilosevic86/FinAnalyzer/issues/3/labels{/name}"],
    "comments_url": ["https://api.github.com/repos/nikolamilosevic86/FinAnalyzer/issues/3/comments"],
    "events_url": ["https://api.github.com/repos/nikolamilosevic86/FinAnalyzer/issues/3/events"],
    "html_url": ["https://github.com/nikolamilosevic86/FinAnalyzer/issues/3"],
    "id": [152719755],
    "node_id": ["MDU6SXNzdWUxNTI3MTk3NTU="],
    "number": [3],
    "title": ["Stock symbol with extension behind the dot has not retrieve the information"],
    "user": {
      "login": ["antton"],
      "id": [1666548],
      "node_id": ["MDQ6VXNlcjE2NjY1NDg="],
      "avatar_url": ["https://avatars1.githubusercontent.com/u/1666548?v=4"],
      "gravatar_id": [""],
      "url": ["https://api.github.com/users/antton"],
      "html_url": ["https://github.com/antton"],
      "followers_url": ["https://api.github.com/users/antton/followers"],
      "following_url": ["https://api.github.com/users/antton/following{/other_user}"],
      "gists_url": ["https://api.github.com/users/antton/gists{/gist_id}"],
      "starred_url": ["https://api.github.com/users/antton/starred{/owner}{/repo}"],
      "subscriptions_url": ["https://api.github.com/users/antton/subscriptions"],
      "organizations_url": ["https://api.github.com/users/antton/orgs"],
      "repos_url": ["https://api.github.com/users/antton/repos"],
      "events_url": ["https://api.github.com/users/antton/events{/privacy}"],
      "received_events_url": ["https://api.github.com/users/antton/received_events"],
      "type": ["User"],
      "site_admin": [false]
    },
    "labels": [
      {
        "id": [368745375],
        "node_id": ["MDU6TGFiZWwzNjg3NDUzNzU="],
        "url": ["https://api.github.com/repos/nikolamilosevic86/FinAnalyzer/labels/bug"],
        "name": ["bug"],
        "color": ["ee0701"],
        "default": [true]
      }
    ],
    "state": ["open"],
    "locked": [false],
    "assignee": {},
    "assignees": [],
    "milestone": {},
    "comments": [1],
    "created_at": ["2016-05-03T08:01:24Z"],
    "updated_at": ["2016-05-03T08:11:18Z"],
    "closed_at": {},
    "author_association": ["NONE"],
    "body": ["Hi, \n\nFor example if you try to get the following stock symbol PHM.MC you only get the rss information but not the indicator values column.\n\nI try to change the . \"dot\" with , \"comma\" but it would take the value behind the comma.\n\nNice work!!\n"]
  },
  {
    "url": ["https://api.github.com/repos/nikolamilosevic86/FinAnalyzer/issues/2"],
    "repository_url": ["https://api.github.com/repos/nikolamilosevic86/FinAnalyzer"],
    "labels_url": ["https://api.github.com/repos/nikolamilosevic86/FinAnalyzer/issues/2/labels{/name}"],
    "comments_url": ["https://api.github.com/repos/nikolamilosevic86/FinAnalyzer/issues/2/comments"],
    "events_url": ["https://api.github.com/repos/nikolamilosevic86/FinAnalyzer/issues/2/events"],
    "html_url": ["https://github.com/nikolamilosevic86/FinAnalyzer/issues/2"],
    "id": [152449030],
    "node_id": ["MDU6SXNzdWUxNTI0NDkwMzA="],
    "number": [2],
    "title": ["Implement input by the name of the company and auto-complete"],
    "user": {
      "login": ["nikolamilosevic86"],
      "id": [5192295],
      "node_id": ["MDQ6VXNlcjUxOTIyOTU="],
      "avatar_url": ["https://avatars0.githubusercontent.com/u/5192295?v=4"],
      "gravatar_id": [""],
      "url": ["https://api.github.com/users/nikolamilosevic86"],
      "html_url": ["https://github.com/nikolamilosevic86"],
      "followers_url": ["https://api.github.com/users/nikolamilosevic86/followers"],
      "following_url": ["https://api.github.com/users/nikolamilosevic86/following{/other_user}"],
      "gists_url": ["https://api.github.com/users/nikolamilosevic86/gists{/gist_id}"],
      "starred_url": ["https://api.github.com/users/nikolamilosevic86/starred{/owner}{/repo}"],
      "subscriptions_url": ["https://api.github.com/users/nikolamilosevic86/subscriptions"],
      "organizations_url": ["https://api.github.com/users/nikolamilosevic86/orgs"],
      "repos_url": ["https://api.github.com/users/nikolamilosevic86/repos"],
      "events_url": ["https://api.github.com/users/nikolamilosevic86/events{/privacy}"],
      "received_events_url": ["https://api.github.com/users/nikolamilosevic86/received_events"],
      "type": ["User"],
      "site_admin": [false]
    },
    "labels": [
      {
        "id": [368745377],
        "node_id": ["MDU6TGFiZWwzNjg3NDUzNzc="],
        "url": ["https://api.github.com/repos/nikolamilosevic86/FinAnalyzer/labels/enhancement"],
        "name": ["enhancement"],
        "color": ["84b6eb"],
        "default": [true]
      }
    ],
    "state": ["open"],
    "locked": [false],
    "assignee": {},
    "assignees": [],
    "milestone": {},
    "comments": [0],
    "created_at": ["2016-05-01T21:30:36Z"],
    "updated_at": ["2016-05-01T21:30:43Z"],
    "closed_at": {},
    "author_association": ["OWNER"],
    "body": ["I do have a list of more than 25 000 companies indexed by Yahoo Finance. Input box should allow input by company name and auto complete if the company is on the list. \n"]
  },
  {
    "url": ["https://api.github.com/repos/nikolamilosevic86/FinAnalyzer/issues/1"],
    "repository_url": ["https://api.github.com/repos/nikolamilosevic86/FinAnalyzer"],
    "labels_url": ["https://api.github.com/repos/nikolamilosevic86/FinAnalyzer/issues/1/labels{/name}"],
    "comments_url": ["https://api.github.com/repos/nikolamilosevic86/FinAnalyzer/issues/1/comments"],
    "events_url": ["https://api.github.com/repos/nikolamilosevic86/FinAnalyzer/issues/1/events"],
    "html_url": ["https://github.com/nikolamilosevic86/FinAnalyzer/issues/1"],
    "id": [152447789],
    "node_id": ["MDU6SXNzdWUxNTI0NDc3ODk="],
    "number": [1],
    "title": ["Implement text sentiment classifier for news"],
    "user": {
      "login": ["nikolamilosevic86"],
      "id": [5192295],
      "node_id": ["MDQ6VXNlcjUxOTIyOTU="],
      "avatar_url": ["https://avatars0.githubusercontent.com/u/5192295?v=4"],
      "gravatar_id": [""],
      "url": ["https://api.github.com/users/nikolamilosevic86"],
      "html_url": ["https://github.com/nikolamilosevic86"],
      "followers_url": ["https://api.github.com/users/nikolamilosevic86/followers"],
      "following_url": ["https://api.github.com/users/nikolamilosevic86/following{/other_user}"],
      "gists_url": ["https://api.github.com/users/nikolamilosevic86/gists{/gist_id}"],
      "starred_url": ["https://api.github.com/users/nikolamilosevic86/starred{/owner}{/repo}"],
      "subscriptions_url": ["https://api.github.com/users/nikolamilosevic86/subscriptions"],
      "organizations_url": ["https://api.github.com/users/nikolamilosevic86/orgs"],
      "repos_url": ["https://api.github.com/users/nikolamilosevic86/repos"],
      "events_url": ["https://api.github.com/users/nikolamilosevic86/events{/privacy}"],
      "received_events_url": ["https://api.github.com/users/nikolamilosevic86/received_events"],
      "type": ["User"],
      "site_admin": [false]
    },
    "labels": [
      {
        "id": [368745377],
        "node_id": ["MDU6TGFiZWwzNjg3NDUzNzc="],
        "url": ["https://api.github.com/repos/nikolamilosevic86/FinAnalyzer/labels/enhancement"],
        "name": ["enhancement"],
        "color": ["84b6eb"],
        "default": [true]
      }
    ],
    "state": ["open"],
    "locked": [false],
    "assignee": {},
    "assignees": [],
    "milestone": {},
    "comments": [0],
    "created_at": ["2016-05-01T21:28:42Z"],
    "updated_at": ["2016-05-01T21:28:52Z"],
    "closed_at": {},
    "author_association": ["OWNER"],
    "body": ["News titles should be classified by its sentiment and colours should be presented in table view. Also, machine analyst can tell overall sentiment of the news articles\n"]
  }
]
