[
  {
    "url": ["https://api.github.com/repos/nikolamilosevic86/autoofficeframework/issues/5"],
    "repository_url": ["https://api.github.com/repos/nikolamilosevic86/autoofficeframework"],
    "labels_url": ["https://api.github.com/repos/nikolamilosevic86/autoofficeframework/issues/5/labels{/name}"],
    "comments_url": ["https://api.github.com/repos/nikolamilosevic86/autoofficeframework/issues/5/comments"],
    "events_url": ["https://api.github.com/repos/nikolamilosevic86/autoofficeframework/issues/5/events"],
    "html_url": ["https://github.com/nikolamilosevic86/autoofficeframework/issues/5"],
    "id": [62126180],
    "node_id": ["MDU6SXNzdWU2MjEyNjE4MA=="],
    "number": [5],
    "title": ["V2 - Automate OneNote"],
    "user": {
      "login": ["GoogleCodeExporter"],
      "id": [9614759],
      "node_id": ["MDQ6VXNlcjk2MTQ3NTk="],
      "avatar_url": ["https://avatars0.githubusercontent.com/u/9614759?v=4"],
      "gravatar_id": [""],
      "url": ["https://api.github.com/users/GoogleCodeExporter"],
      "html_url": ["https://github.com/GoogleCodeExporter"],
      "followers_url": ["https://api.github.com/users/GoogleCodeExporter/followers"],
      "following_url": ["https://api.github.com/users/GoogleCodeExporter/following{/other_user}"],
      "gists_url": ["https://api.github.com/users/GoogleCodeExporter/gists{/gist_id}"],
      "starred_url": ["https://api.github.com/users/GoogleCodeExporter/starred{/owner}{/repo}"],
      "subscriptions_url": ["https://api.github.com/users/GoogleCodeExporter/subscriptions"],
      "organizations_url": ["https://api.github.com/users/GoogleCodeExporter/orgs"],
      "repos_url": ["https://api.github.com/users/GoogleCodeExporter/repos"],
      "events_url": ["https://api.github.com/users/GoogleCodeExporter/events{/privacy}"],
      "received_events_url": ["https://api.github.com/users/GoogleCodeExporter/received_events"],
      "type": ["User"],
      "site_admin": [false]
    },
    "labels": [
      {
        "id": [188049147],
        "node_id": ["MDU6TGFiZWwxODgwNDkxNDc="],
        "url": ["https://api.github.com/repos/nikolamilosevic86/autoofficeframework/labels/Priority-Medium"],
        "name": ["Priority-Medium"],
        "color": ["ededed"],
        "default": [false]
      },
      {
        "id": [188049146],
        "node_id": ["MDU6TGFiZWwxODgwNDkxNDY="],
        "url": ["https://api.github.com/repos/nikolamilosevic86/autoofficeframework/labels/Type-Task"],
        "name": ["Type-Task"],
        "color": ["ededed"],
        "default": [false]
      },
      {
        "id": [188049148],
        "node_id": ["MDU6TGFiZWwxODgwNDkxNDg="],
        "url": ["https://api.github.com/repos/nikolamilosevic86/autoofficeframework/labels/auto-migrated"],
        "name": ["auto-migrated"],
        "color": ["ededed"],
        "default": [false]
      }
    ],
    "state": ["open"],
    "locked": [false],
    "assignee": {},
    "assignees": [],
    "milestone": {},
    "comments": [0],
    "created_at": ["2015-03-16T16:01:30Z"],
    "updated_at": ["2015-03-16T16:01:30Z"],
    "closed_at": {},
    "author_association": ["NONE"],
    "body": ["```\nAdd class for automation of OneNote.\n```\n\nOriginal issue reported on code.google.com by `nikola.m...@gmail.com` on 11 Jan 2011 at 3:08\n"]
  },
  {
    "url": ["https://api.github.com/repos/nikolamilosevic86/autoofficeframework/issues/4"],
    "repository_url": ["https://api.github.com/repos/nikolamilosevic86/autoofficeframework"],
    "labels_url": ["https://api.github.com/repos/nikolamilosevic86/autoofficeframework/issues/4/labels{/name}"],
    "comments_url": ["https://api.github.com/repos/nikolamilosevic86/autoofficeframework/issues/4/comments"],
    "events_url": ["https://api.github.com/repos/nikolamilosevic86/autoofficeframework/issues/4/events"],
    "html_url": ["https://github.com/nikolamilosevic86/autoofficeframework/issues/4"],
    "id": [62126178],
    "node_id": ["MDU6SXNzdWU2MjEyNjE3OA=="],
    "number": [4],
    "title": ["Extend MS Word class"],
    "user": {
      "login": ["GoogleCodeExporter"],
      "id": [9614759],
      "node_id": ["MDQ6VXNlcjk2MTQ3NTk="],
      "avatar_url": ["https://avatars0.githubusercontent.com/u/9614759?v=4"],
      "gravatar_id": [""],
      "url": ["https://api.github.com/users/GoogleCodeExporter"],
      "html_url": ["https://github.com/GoogleCodeExporter"],
      "followers_url": ["https://api.github.com/users/GoogleCodeExporter/followers"],
      "following_url": ["https://api.github.com/users/GoogleCodeExporter/following{/other_user}"],
      "gists_url": ["https://api.github.com/users/GoogleCodeExporter/gists{/gist_id}"],
      "starred_url": ["https://api.github.com/users/GoogleCodeExporter/starred{/owner}{/repo}"],
      "subscriptions_url": ["https://api.github.com/users/GoogleCodeExporter/subscriptions"],
      "organizations_url": ["https://api.github.com/users/GoogleCodeExporter/orgs"],
      "repos_url": ["https://api.github.com/users/GoogleCodeExporter/repos"],
      "events_url": ["https://api.github.com/users/GoogleCodeExporter/events{/privacy}"],
      "received_events_url": ["https://api.github.com/users/GoogleCodeExporter/received_events"],
      "type": ["User"],
      "site_admin": [false]
    },
    "labels": [
      {
        "id": [188049147],
        "node_id": ["MDU6TGFiZWwxODgwNDkxNDc="],
        "url": ["https://api.github.com/repos/nikolamilosevic86/autoofficeframework/labels/Priority-Medium"],
        "name": ["Priority-Medium"],
        "color": ["ededed"],
        "default": [false]
      },
      {
        "id": [188049146],
        "node_id": ["MDU6TGFiZWwxODgwNDkxNDY="],
        "url": ["https://api.github.com/repos/nikolamilosevic86/autoofficeframework/labels/Type-Task"],
        "name": ["Type-Task"],
        "color": ["ededed"],
        "default": [false]
      },
      {
        "id": [188049148],
        "node_id": ["MDU6TGFiZWwxODgwNDkxNDg="],
        "url": ["https://api.github.com/repos/nikolamilosevic86/autoofficeframework/labels/auto-migrated"],
        "name": ["auto-migrated"],
        "color": ["ededed"],
        "default": [false]
      }
    ],
    "state": ["open"],
    "locked": [false],
    "assignee": {},
    "assignees": [],
    "milestone": {},
    "comments": [0],
    "created_at": ["2015-03-16T16:01:29Z"],
    "updated_at": ["2015-03-16T16:01:29Z"],
    "closed_at": {},
    "author_association": ["NONE"],
    "body": ["```\nIt is needed to add few more functionality for MS Word class. \n\nStile formating, Inset table, check inserting equation how works, if possble \nadd, add simbol, hiperlinking, page layout, margins, pagesize, support views.\n```\n\nOriginal issue reported on code.google.com by `nikola.m...@gmail.com` on 11 Jan 2011 at 2:37\n"]
  },
  {
    "url": ["https://api.github.com/repos/nikolamilosevic86/autoofficeframework/issues/3"],
    "repository_url": ["https://api.github.com/repos/nikolamilosevic86/autoofficeframework"],
    "labels_url": ["https://api.github.com/repos/nikolamilosevic86/autoofficeframework/issues/3/labels{/name}"],
    "comments_url": ["https://api.github.com/repos/nikolamilosevic86/autoofficeframework/issues/3/comments"],
    "events_url": ["https://api.github.com/repos/nikolamilosevic86/autoofficeframework/issues/3/events"],
    "html_url": ["https://github.com/nikolamilosevic86/autoofficeframework/issues/3"],
    "id": [62126177],
    "node_id": ["MDU6SXNzdWU2MjEyNjE3Nw=="],
    "number": [3],
    "title": ["Add functionality for MS Power Point"],
    "user": {
      "login": ["GoogleCodeExporter"],
      "id": [9614759],
      "node_id": ["MDQ6VXNlcjk2MTQ3NTk="],
      "avatar_url": ["https://avatars0.githubusercontent.com/u/9614759?v=4"],
      "gravatar_id": [""],
      "url": ["https://api.github.com/users/GoogleCodeExporter"],
      "html_url": ["https://github.com/GoogleCodeExporter"],
      "followers_url": ["https://api.github.com/users/GoogleCodeExporter/followers"],
      "following_url": ["https://api.github.com/users/GoogleCodeExporter/following{/other_user}"],
      "gists_url": ["https://api.github.com/users/GoogleCodeExporter/gists{/gist_id}"],
      "starred_url": ["https://api.github.com/users/GoogleCodeExporter/starred{/owner}{/repo}"],
      "subscriptions_url": ["https://api.github.com/users/GoogleCodeExporter/subscriptions"],
      "organizations_url": ["https://api.github.com/users/GoogleCodeExporter/orgs"],
      "repos_url": ["https://api.github.com/users/GoogleCodeExporter/repos"],
      "events_url": ["https://api.github.com/users/GoogleCodeExporter/events{/privacy}"],
      "received_events_url": ["https://api.github.com/users/GoogleCodeExporter/received_events"],
      "type": ["User"],
      "site_admin": [false]
    },
    "labels": [
      {
        "id": [188049147],
        "node_id": ["MDU6TGFiZWwxODgwNDkxNDc="],
        "url": ["https://api.github.com/repos/nikolamilosevic86/autoofficeframework/labels/Priority-Medium"],
        "name": ["Priority-Medium"],
        "color": ["ededed"],
        "default": [false]
      },
      {
        "id": [188049146],
        "node_id": ["MDU6TGFiZWwxODgwNDkxNDY="],
        "url": ["https://api.github.com/repos/nikolamilosevic86/autoofficeframework/labels/Type-Task"],
        "name": ["Type-Task"],
        "color": ["ededed"],
        "default": [false]
      },
      {
        "id": [188049148],
        "node_id": ["MDU6TGFiZWwxODgwNDkxNDg="],
        "url": ["https://api.github.com/repos/nikolamilosevic86/autoofficeframework/labels/auto-migrated"],
        "name": ["auto-migrated"],
        "color": ["ededed"],
        "default": [false]
      }
    ],
    "state": ["open"],
    "locked": [false],
    "assignee": {},
    "assignees": [],
    "milestone": {},
    "comments": [0],
    "created_at": ["2015-03-16T16:01:29Z"],
    "updated_at": ["2015-03-16T16:01:29Z"],
    "closed_at": {},
    "author_association": ["NONE"],
    "body": ["```\nAdd class for automation of MS Power point using COM and OLE. \n\nIn first version this class should provide text formating, writing on \npresentation, choosing background, saving file, opening file, opening process \nas visible or not, adding image, adding slide, removing slide, copy slide, \ninserting table, adding animation between slides, starting slide show, setting \ntimeing.\n```\n\nOriginal issue reported on code.google.com by `nikola.m...@gmail.com` on 11 Jan 2011 at 2:33\n"]
  },
  {
    "url": ["https://api.github.com/repos/nikolamilosevic86/autoofficeframework/issues/2"],
    "repository_url": ["https://api.github.com/repos/nikolamilosevic86/autoofficeframework"],
    "labels_url": ["https://api.github.com/repos/nikolamilosevic86/autoofficeframework/issues/2/labels{/name}"],
    "comments_url": ["https://api.github.com/repos/nikolamilosevic86/autoofficeframework/issues/2/comments"],
    "events_url": ["https://api.github.com/repos/nikolamilosevic86/autoofficeframework/issues/2/events"],
    "html_url": ["https://github.com/nikolamilosevic86/autoofficeframework/issues/2"],
    "id": [62126176],
    "node_id": ["MDU6SXNzdWU2MjEyNjE3Ng=="],
    "number": [2],
    "title": ["Extend MS Excel class"],
    "user": {
      "login": ["GoogleCodeExporter"],
      "id": [9614759],
      "node_id": ["MDQ6VXNlcjk2MTQ3NTk="],
      "avatar_url": ["https://avatars0.githubusercontent.com/u/9614759?v=4"],
      "gravatar_id": [""],
      "url": ["https://api.github.com/users/GoogleCodeExporter"],
      "html_url": ["https://github.com/GoogleCodeExporter"],
      "followers_url": ["https://api.github.com/users/GoogleCodeExporter/followers"],
      "following_url": ["https://api.github.com/users/GoogleCodeExporter/following{/other_user}"],
      "gists_url": ["https://api.github.com/users/GoogleCodeExporter/gists{/gist_id}"],
      "starred_url": ["https://api.github.com/users/GoogleCodeExporter/starred{/owner}{/repo}"],
      "subscriptions_url": ["https://api.github.com/users/GoogleCodeExporter/subscriptions"],
      "organizations_url": ["https://api.github.com/users/GoogleCodeExporter/orgs"],
      "repos_url": ["https://api.github.com/users/GoogleCodeExporter/repos"],
      "events_url": ["https://api.github.com/users/GoogleCodeExporter/events{/privacy}"],
      "received_events_url": ["https://api.github.com/users/GoogleCodeExporter/received_events"],
      "type": ["User"],
      "site_admin": [false]
    },
    "labels": [
      {
        "id": [188049147],
        "node_id": ["MDU6TGFiZWwxODgwNDkxNDc="],
        "url": ["https://api.github.com/repos/nikolamilosevic86/autoofficeframework/labels/Priority-Medium"],
        "name": ["Priority-Medium"],
        "color": ["ededed"],
        "default": [false]
      },
      {
        "id": [188049146],
        "node_id": ["MDU6TGFiZWwxODgwNDkxNDY="],
        "url": ["https://api.github.com/repos/nikolamilosevic86/autoofficeframework/labels/Type-Task"],
        "name": ["Type-Task"],
        "color": ["ededed"],
        "default": [false]
      },
      {
        "id": [188049148],
        "node_id": ["MDU6TGFiZWwxODgwNDkxNDg="],
        "url": ["https://api.github.com/repos/nikolamilosevic86/autoofficeframework/labels/auto-migrated"],
        "name": ["auto-migrated"],
        "color": ["ededed"],
        "default": [false]
      }
    ],
    "state": ["open"],
    "locked": [false],
    "assignee": {},
    "assignees": [],
    "milestone": {},
    "comments": [0],
    "created_at": ["2015-03-16T16:01:29Z"],
    "updated_at": ["2015-03-16T16:01:29Z"],
    "closed_at": {},
    "author_association": ["NONE"],
    "body": ["```\nIt is needed to extend MS Excel automation class to provide more functionality, \nlike reading from document, writing, formating tables, creating graphs, adding \nfunctions etc. \n\nFor first version it is needed to provide most used functionality of MS Excel. \n\nList will be added later.\n```\n\nOriginal issue reported on code.google.com by `nikola.m...@gmail.com` on 11 Jan 2011 at 2:27\n"]
  },
  {
    "url": ["https://api.github.com/repos/nikolamilosevic86/autoofficeframework/issues/1"],
    "repository_url": ["https://api.github.com/repos/nikolamilosevic86/autoofficeframework"],
    "labels_url": ["https://api.github.com/repos/nikolamilosevic86/autoofficeframework/issues/1/labels{/name}"],
    "comments_url": ["https://api.github.com/repos/nikolamilosevic86/autoofficeframework/issues/1/comments"],
    "events_url": ["https://api.github.com/repos/nikolamilosevic86/autoofficeframework/issues/1/events"],
    "html_url": ["https://github.com/nikolamilosevic86/autoofficeframework/issues/1"],
    "id": [62126174],
    "node_id": ["MDU6SXNzdWU2MjEyNjE3NA=="],
    "number": [1],
    "title": ["Create class for Outlook automation"],
    "user": {
      "login": ["GoogleCodeExporter"],
      "id": [9614759],
      "node_id": ["MDQ6VXNlcjk2MTQ3NTk="],
      "avatar_url": ["https://avatars0.githubusercontent.com/u/9614759?v=4"],
      "gravatar_id": [""],
      "url": ["https://api.github.com/users/GoogleCodeExporter"],
      "html_url": ["https://github.com/GoogleCodeExporter"],
      "followers_url": ["https://api.github.com/users/GoogleCodeExporter/followers"],
      "following_url": ["https://api.github.com/users/GoogleCodeExporter/following{/other_user}"],
      "gists_url": ["https://api.github.com/users/GoogleCodeExporter/gists{/gist_id}"],
      "starred_url": ["https://api.github.com/users/GoogleCodeExporter/starred{/owner}{/repo}"],
      "subscriptions_url": ["https://api.github.com/users/GoogleCodeExporter/subscriptions"],
      "organizations_url": ["https://api.github.com/users/GoogleCodeExporter/orgs"],
      "repos_url": ["https://api.github.com/users/GoogleCodeExporter/repos"],
      "events_url": ["https://api.github.com/users/GoogleCodeExporter/events{/privacy}"],
      "received_events_url": ["https://api.github.com/users/GoogleCodeExporter/received_events"],
      "type": ["User"],
      "site_admin": [false]
    },
    "labels": [
      {
        "id": [188049147],
        "node_id": ["MDU6TGFiZWwxODgwNDkxNDc="],
        "url": ["https://api.github.com/repos/nikolamilosevic86/autoofficeframework/labels/Priority-Medium"],
        "name": ["Priority-Medium"],
        "color": ["ededed"],
        "default": [false]
      },
      {
        "id": [188049146],
        "node_id": ["MDU6TGFiZWwxODgwNDkxNDY="],
        "url": ["https://api.github.com/repos/nikolamilosevic86/autoofficeframework/labels/Type-Task"],
        "name": ["Type-Task"],
        "color": ["ededed"],
        "default": [false]
      },
      {
        "id": [188049148],
        "node_id": ["MDU6TGFiZWwxODgwNDkxNDg="],
        "url": ["https://api.github.com/repos/nikolamilosevic86/autoofficeframework/labels/auto-migrated"],
        "name": ["auto-migrated"],
        "color": ["ededed"],
        "default": [false]
      }
    ],
    "state": ["open"],
    "locked": [false],
    "assignee": {},
    "assignees": [],
    "milestone": {},
    "comments": [0],
    "created_at": ["2015-03-16T16:01:28Z"],
    "updated_at": ["2015-03-16T16:01:28Z"],
    "closed_at": {},
    "author_association": ["NONE"],
    "body": ["```\nIt is needed to automate Microsoft office Outlook. For this purpuse one class \nshould be added that can automate via COM (as for MS Word and MS Excel) MS \nOutlook. This class should be able to start new MS Outlook process, create new \nmail, send mail, add attachment to mail, recieve mail, reply to mail, format \nmail text. \n\nIn the first verstion it is neede onlt to ontegrate with sending and recieving \nmails in outlook. Later will be added other features like integration with \ncalendar, contact list etc.\n```\n\nOriginal issue reported on code.google.com by `nikola.m...@gmail.com` on 11 Jan 2011 at 2:25\n"]
  }
]
