[
  {
    "url": ["https://api.github.com/repos/nikolamilosevic86/TableDisentangler/issues/7"],
    "repository_url": ["https://api.github.com/repos/nikolamilosevic86/TableDisentangler"],
    "labels_url": ["https://api.github.com/repos/nikolamilosevic86/TableDisentangler/issues/7/labels{/name}"],
    "comments_url": ["https://api.github.com/repos/nikolamilosevic86/TableDisentangler/issues/7/comments"],
    "events_url": ["https://api.github.com/repos/nikolamilosevic86/TableDisentangler/issues/7/events"],
    "html_url": ["https://github.com/nikolamilosevic86/TableDisentangler/issues/7"],
    "id": [333068395],
    "node_id": ["MDU6SXNzdWUzMzMwNjgzOTU="],
    "number": [7],
    "title": ["how to run and test"],
    "user": {
      "login": ["wanghaisheng"],
      "id": [2363295],
      "node_id": ["MDQ6VXNlcjIzNjMyOTU="],
      "avatar_url": ["https://avatars1.githubusercontent.com/u/2363295?v=4"],
      "gravatar_id": [""],
      "url": ["https://api.github.com/users/wanghaisheng"],
      "html_url": ["https://github.com/wanghaisheng"],
      "followers_url": ["https://api.github.com/users/wanghaisheng/followers"],
      "following_url": ["https://api.github.com/users/wanghaisheng/following{/other_user}"],
      "gists_url": ["https://api.github.com/users/wanghaisheng/gists{/gist_id}"],
      "starred_url": ["https://api.github.com/users/wanghaisheng/starred{/owner}{/repo}"],
      "subscriptions_url": ["https://api.github.com/users/wanghaisheng/subscriptions"],
      "organizations_url": ["https://api.github.com/users/wanghaisheng/orgs"],
      "repos_url": ["https://api.github.com/users/wanghaisheng/repos"],
      "events_url": ["https://api.github.com/users/wanghaisheng/events{/privacy}"],
      "received_events_url": ["https://api.github.com/users/wanghaisheng/received_events"],
      "type": ["User"],
      "site_admin": [false]
    },
    "labels": [],
    "state": ["open"],
    "locked": [false],
    "assignee": {},
    "assignees": [],
    "milestone": {},
    "comments": [0],
    "created_at": ["2018-06-17T14:49:45Z"],
    "updated_at": ["2018-06-17T14:49:45Z"],
    "closed_at": {},
    "author_association": ["NONE"],
    "body": ["a little doc will be appreciated\r\nby the way where is TableAnnotator.jar"]
  }
]
