[
  {
    "url": ["https://api.github.com/repos/nikolamilosevic86/SerbianStemmer/issues/1"],
    "repository_url": ["https://api.github.com/repos/nikolamilosevic86/SerbianStemmer"],
    "labels_url": ["https://api.github.com/repos/nikolamilosevic86/SerbianStemmer/issues/1/labels{/name}"],
    "comments_url": ["https://api.github.com/repos/nikolamilosevic86/SerbianStemmer/issues/1/comments"],
    "events_url": ["https://api.github.com/repos/nikolamilosevic86/SerbianStemmer/issues/1/events"],
    "html_url": ["https://github.com/nikolamilosevic86/SerbianStemmer/issues/1"],
    "id": [273971264],
    "node_id": ["MDU6SXNzdWUyNzM5NzEyNjQ="],
    "number": [1],
    "title": ["Bug in length of stem"],
    "user": {
      "login": ["Adelija"],
      "id": [8451505],
      "node_id": ["MDQ6VXNlcjg0NTE1MDU="],
      "avatar_url": ["https://avatars2.githubusercontent.com/u/8451505?v=4"],
      "gravatar_id": [""],
      "url": ["https://api.github.com/users/Adelija"],
      "html_url": ["https://github.com/Adelija"],
      "followers_url": ["https://api.github.com/users/Adelija/followers"],
      "following_url": ["https://api.github.com/users/Adelija/following{/other_user}"],
      "gists_url": ["https://api.github.com/users/Adelija/gists{/gist_id}"],
      "starred_url": ["https://api.github.com/users/Adelija/starred{/owner}{/repo}"],
      "subscriptions_url": ["https://api.github.com/users/Adelija/subscriptions"],
      "organizations_url": ["https://api.github.com/users/Adelija/orgs"],
      "repos_url": ["https://api.github.com/users/Adelija/repos"],
      "events_url": ["https://api.github.com/users/Adelija/events{/privacy}"],
      "received_events_url": ["https://api.github.com/users/Adelija/received_events"],
      "type": ["User"],
      "site_admin": [false]
    },
    "labels": [],
    "state": ["open"],
    "locked": [false],
    "assignee": {},
    "assignees": [],
    "milestone": {},
    "comments": [2],
    "created_at": ["2017-11-14T22:46:54Z"],
    "updated_at": ["2017-11-14T23:55:05Z"],
    "closed_at": {},
    "author_association": ["CONTRIBUTOR"],
    "body": ["Hello Nikola, \r\nI am using your stemmer and it's quite good. You wrote in your paper related to Stemmer that minimal length of stem should be more than 2. \r\nBut in both method stem_arr(str) and stem_str(str)\r\n            if(word.endswith(key) and len(word)>2):\r\nreturn stem with length 2. for example, words plaše, plovan, pleva return the same stem \"pl\". Maybe you should change that line of code with\r\n            if(word.endswith(key) and len(word)-len(key)>2):\r\nAm I right?\r\n"]
  }
]
