[
  {
    "url": ["https://api.github.com/repos/nikolamilosevic86/hunpos/issues/20"],
    "repository_url": ["https://api.github.com/repos/nikolamilosevic86/hunpos"],
    "labels_url": ["https://api.github.com/repos/nikolamilosevic86/hunpos/issues/20/labels{/name}"],
    "comments_url": ["https://api.github.com/repos/nikolamilosevic86/hunpos/issues/20/comments"],
    "events_url": ["https://api.github.com/repos/nikolamilosevic86/hunpos/issues/20/events"],
    "html_url": ["https://github.com/nikolamilosevic86/hunpos/issues/20"],
    "id": [86913616],
    "node_id": ["MDU6SXNzdWU4NjkxMzYxNg=="],
    "number": [20],
    "title": ["Please provide a 64-bit Linux binary"],
    "user": {
      "login": ["GoogleCodeExporter"],
      "id": [9614759],
      "node_id": ["MDQ6VXNlcjk2MTQ3NTk="],
      "avatar_url": ["https://avatars0.githubusercontent.com/u/9614759?v=4"],
      "gravatar_id": [""],
      "url": ["https://api.github.com/users/GoogleCodeExporter"],
      "html_url": ["https://github.com/GoogleCodeExporter"],
      "followers_url": ["https://api.github.com/users/GoogleCodeExporter/followers"],
      "following_url": ["https://api.github.com/users/GoogleCodeExporter/following{/other_user}"],
      "gists_url": ["https://api.github.com/users/GoogleCodeExporter/gists{/gist_id}"],
      "starred_url": ["https://api.github.com/users/GoogleCodeExporter/starred{/owner}{/repo}"],
      "subscriptions_url": ["https://api.github.com/users/GoogleCodeExporter/subscriptions"],
      "organizations_url": ["https://api.github.com/users/GoogleCodeExporter/orgs"],
      "repos_url": ["https://api.github.com/users/GoogleCodeExporter/repos"],
      "events_url": ["https://api.github.com/users/GoogleCodeExporter/events{/privacy}"],
      "received_events_url": ["https://api.github.com/users/GoogleCodeExporter/received_events"],
      "type": ["User"],
      "site_admin": [false]
    },
    "labels": [
      {
        "id": [222717812],
        "node_id": ["MDU6TGFiZWwyMjI3MTc4MTI="],
        "url": ["https://api.github.com/repos/nikolamilosevic86/hunpos/labels/Priority-Medium"],
        "name": ["Priority-Medium"],
        "color": ["ededed"],
        "default": [false]
      },
      {
        "id": [222717824],
        "node_id": ["MDU6TGFiZWwyMjI3MTc4MjQ="],
        "url": ["https://api.github.com/repos/nikolamilosevic86/hunpos/labels/Type-Defect"],
        "name": ["Type-Defect"],
        "color": ["ededed"],
        "default": [false]
      },
      {
        "id": [222717815],
        "node_id": ["MDU6TGFiZWwyMjI3MTc4MTU="],
        "url": ["https://api.github.com/repos/nikolamilosevic86/hunpos/labels/auto-migrated"],
        "name": ["auto-migrated"],
        "color": ["ededed"],
        "default": [false]
      }
    ],
    "state": ["open"],
    "locked": [false],
    "assignee": {},
    "assignees": [],
    "milestone": {},
    "comments": [0],
    "created_at": ["2015-06-10T10:10:15Z"],
    "updated_at": ["2015-06-10T10:10:15Z"],
    "closed_at": {},
    "author_association": ["NONE"],
    "body": ["```\nMany thanks in advance :-)\n\nBest regards,\n\nVlado B, 16:45\n```\n\nOriginal issue reported on code.google.com by `vlado...@gmail.com` on 4 Aug 2014 at 2:47\n"]
  },
  {
    "url": ["https://api.github.com/repos/nikolamilosevic86/hunpos/issues/19"],
    "repository_url": ["https://api.github.com/repos/nikolamilosevic86/hunpos"],
    "labels_url": ["https://api.github.com/repos/nikolamilosevic86/hunpos/issues/19/labels{/name}"],
    "comments_url": ["https://api.github.com/repos/nikolamilosevic86/hunpos/issues/19/comments"],
    "events_url": ["https://api.github.com/repos/nikolamilosevic86/hunpos/issues/19/events"],
    "html_url": ["https://github.com/nikolamilosevic86/hunpos/issues/19"],
    "id": [86913613],
    "node_id": ["MDU6SXNzdWU4NjkxMzYxMw=="],
    "number": [19],
    "title": ["Stack over flow for large corpora"],
    "user": {
      "login": ["GoogleCodeExporter"],
      "id": [9614759],
      "node_id": ["MDQ6VXNlcjk2MTQ3NTk="],
      "avatar_url": ["https://avatars0.githubusercontent.com/u/9614759?v=4"],
      "gravatar_id": [""],
      "url": ["https://api.github.com/users/GoogleCodeExporter"],
      "html_url": ["https://github.com/GoogleCodeExporter"],
      "followers_url": ["https://api.github.com/users/GoogleCodeExporter/followers"],
      "following_url": ["https://api.github.com/users/GoogleCodeExporter/following{/other_user}"],
      "gists_url": ["https://api.github.com/users/GoogleCodeExporter/gists{/gist_id}"],
      "starred_url": ["https://api.github.com/users/GoogleCodeExporter/starred{/owner}{/repo}"],
      "subscriptions_url": ["https://api.github.com/users/GoogleCodeExporter/subscriptions"],
      "organizations_url": ["https://api.github.com/users/GoogleCodeExporter/orgs"],
      "repos_url": ["https://api.github.com/users/GoogleCodeExporter/repos"],
      "events_url": ["https://api.github.com/users/GoogleCodeExporter/events{/privacy}"],
      "received_events_url": ["https://api.github.com/users/GoogleCodeExporter/received_events"],
      "type": ["User"],
      "site_admin": [false]
    },
    "labels": [
      {
        "id": [222717812],
        "node_id": ["MDU6TGFiZWwyMjI3MTc4MTI="],
        "url": ["https://api.github.com/repos/nikolamilosevic86/hunpos/labels/Priority-Medium"],
        "name": ["Priority-Medium"],
        "color": ["ededed"],
        "default": [false]
      },
      {
        "id": [222717824],
        "node_id": ["MDU6TGFiZWwyMjI3MTc4MjQ="],
        "url": ["https://api.github.com/repos/nikolamilosevic86/hunpos/labels/Type-Defect"],
        "name": ["Type-Defect"],
        "color": ["ededed"],
        "default": [false]
      },
      {
        "id": [222717815],
        "node_id": ["MDU6TGFiZWwyMjI3MTc4MTU="],
        "url": ["https://api.github.com/repos/nikolamilosevic86/hunpos/labels/auto-migrated"],
        "name": ["auto-migrated"],
        "color": ["ededed"],
        "default": [false]
      }
    ],
    "state": ["open"],
    "locked": [false],
    "assignee": {},
    "assignees": [],
    "milestone": {},
    "comments": [1],
    "created_at": ["2015-06-10T10:10:15Z"],
    "updated_at": ["2015-06-10T10:10:15Z"],
    "closed_at": {},
    "author_association": ["NONE"],
    "body": ["```\nI am trying to make a new model with hunpos but it has issues with large \ncorpora. My corpus is 300 000 words and I get stack overflow problem.\nI am using it on linux. Does this POS tagger support larger corpora? Or this \nproblem is because of my OS and my Computer RAM? \n\n```\n\nOriginal issue reported on code.google.com by `Shadi...@gmail.com` on 19 Feb 2014 at 9:50\n"]
  },
  {
    "url": ["https://api.github.com/repos/nikolamilosevic86/hunpos/issues/18"],
    "repository_url": ["https://api.github.com/repos/nikolamilosevic86/hunpos"],
    "labels_url": ["https://api.github.com/repos/nikolamilosevic86/hunpos/issues/18/labels{/name}"],
    "comments_url": ["https://api.github.com/repos/nikolamilosevic86/hunpos/issues/18/comments"],
    "events_url": ["https://api.github.com/repos/nikolamilosevic86/hunpos/issues/18/events"],
    "html_url": ["https://github.com/nikolamilosevic86/hunpos/issues/18"],
    "id": [86913610],
    "node_id": ["MDU6SXNzdWU4NjkxMzYxMA=="],
    "number": [18],
    "title": ["64 bit version? Getting error \"/lib/ld-linux.so.2: bad ELF interpreter: No such file or directory"],
    "user": {
      "login": ["GoogleCodeExporter"],
      "id": [9614759],
      "node_id": ["MDQ6VXNlcjk2MTQ3NTk="],
      "avatar_url": ["https://avatars0.githubusercontent.com/u/9614759?v=4"],
      "gravatar_id": [""],
      "url": ["https://api.github.com/users/GoogleCodeExporter"],
      "html_url": ["https://github.com/GoogleCodeExporter"],
      "followers_url": ["https://api.github.com/users/GoogleCodeExporter/followers"],
      "following_url": ["https://api.github.com/users/GoogleCodeExporter/following{/other_user}"],
      "gists_url": ["https://api.github.com/users/GoogleCodeExporter/gists{/gist_id}"],
      "starred_url": ["https://api.github.com/users/GoogleCodeExporter/starred{/owner}{/repo}"],
      "subscriptions_url": ["https://api.github.com/users/GoogleCodeExporter/subscriptions"],
      "organizations_url": ["https://api.github.com/users/GoogleCodeExporter/orgs"],
      "repos_url": ["https://api.github.com/users/GoogleCodeExporter/repos"],
      "events_url": ["https://api.github.com/users/GoogleCodeExporter/events{/privacy}"],
      "received_events_url": ["https://api.github.com/users/GoogleCodeExporter/received_events"],
      "type": ["User"],
      "site_admin": [false]
    },
    "labels": [
      {
        "id": [222717812],
        "node_id": ["MDU6TGFiZWwyMjI3MTc4MTI="],
        "url": ["https://api.github.com/repos/nikolamilosevic86/hunpos/labels/Priority-Medium"],
        "name": ["Priority-Medium"],
        "color": ["ededed"],
        "default": [false]
      },
      {
        "id": [222717824],
        "node_id": ["MDU6TGFiZWwyMjI3MTc4MjQ="],
        "url": ["https://api.github.com/repos/nikolamilosevic86/hunpos/labels/Type-Defect"],
        "name": ["Type-Defect"],
        "color": ["ededed"],
        "default": [false]
      },
      {
        "id": [222717815],
        "node_id": ["MDU6TGFiZWwyMjI3MTc4MTU="],
        "url": ["https://api.github.com/repos/nikolamilosevic86/hunpos/labels/auto-migrated"],
        "name": ["auto-migrated"],
        "color": ["ededed"],
        "default": [false]
      }
    ],
    "state": ["open"],
    "locked": [false],
    "assignee": {},
    "assignees": [],
    "milestone": {},
    "comments": [0],
    "created_at": ["2015-06-10T10:10:15Z"],
    "updated_at": ["2015-06-10T10:10:15Z"],
    "closed_at": {},
    "author_association": ["NONE"],
    "body": ["```\nWhat steps will reproduce the problem?\n1.\n2.\n3.\n\nWhat is the expected output? What do you see instead?\n\n\nWhat version of the product are you using? On what operating system?\n\n\nPlease provide any additional information below.\n\n\n```\n\nOriginal issue reported on code.google.com by `gyorgy.c...@gmail.com` on 18 Feb 2014 at 10:46\n"]
  },
  {
    "url": ["https://api.github.com/repos/nikolamilosevic86/hunpos/issues/17"],
    "repository_url": ["https://api.github.com/repos/nikolamilosevic86/hunpos"],
    "labels_url": ["https://api.github.com/repos/nikolamilosevic86/hunpos/issues/17/labels{/name}"],
    "comments_url": ["https://api.github.com/repos/nikolamilosevic86/hunpos/issues/17/comments"],
    "events_url": ["https://api.github.com/repos/nikolamilosevic86/hunpos/issues/17/events"],
    "html_url": ["https://github.com/nikolamilosevic86/hunpos/issues/17"],
    "id": [86913608],
    "node_id": ["MDU6SXNzdWU4NjkxMzYwOA=="],
    "number": [17],
    "title": ["hunpos-tag binary cannot be run, differs from self-compiled version"],
    "user": {
      "login": ["GoogleCodeExporter"],
      "id": [9614759],
      "node_id": ["MDQ6VXNlcjk2MTQ3NTk="],
      "avatar_url": ["https://avatars0.githubusercontent.com/u/9614759?v=4"],
      "gravatar_id": [""],
      "url": ["https://api.github.com/users/GoogleCodeExporter"],
      "html_url": ["https://github.com/GoogleCodeExporter"],
      "followers_url": ["https://api.github.com/users/GoogleCodeExporter/followers"],
      "following_url": ["https://api.github.com/users/GoogleCodeExporter/following{/other_user}"],
      "gists_url": ["https://api.github.com/users/GoogleCodeExporter/gists{/gist_id}"],
      "starred_url": ["https://api.github.com/users/GoogleCodeExporter/starred{/owner}{/repo}"],
      "subscriptions_url": ["https://api.github.com/users/GoogleCodeExporter/subscriptions"],
      "organizations_url": ["https://api.github.com/users/GoogleCodeExporter/orgs"],
      "repos_url": ["https://api.github.com/users/GoogleCodeExporter/repos"],
      "events_url": ["https://api.github.com/users/GoogleCodeExporter/events{/privacy}"],
      "received_events_url": ["https://api.github.com/users/GoogleCodeExporter/received_events"],
      "type": ["User"],
      "site_admin": [false]
    },
    "labels": [
      {
        "id": [222717812],
        "node_id": ["MDU6TGFiZWwyMjI3MTc4MTI="],
        "url": ["https://api.github.com/repos/nikolamilosevic86/hunpos/labels/Priority-Medium"],
        "name": ["Priority-Medium"],
        "color": ["ededed"],
        "default": [false]
      },
      {
        "id": [222717824],
        "node_id": ["MDU6TGFiZWwyMjI3MTc4MjQ="],
        "url": ["https://api.github.com/repos/nikolamilosevic86/hunpos/labels/Type-Defect"],
        "name": ["Type-Defect"],
        "color": ["ededed"],
        "default": [false]
      },
      {
        "id": [222717815],
        "node_id": ["MDU6TGFiZWwyMjI3MTc4MTU="],
        "url": ["https://api.github.com/repos/nikolamilosevic86/hunpos/labels/auto-migrated"],
        "name": ["auto-migrated"],
        "color": ["ededed"],
        "default": [false]
      }
    ],
    "state": ["open"],
    "locked": [false],
    "assignee": {},
    "assignees": [],
    "milestone": {},
    "comments": [4],
    "created_at": ["2015-06-10T10:10:14Z"],
    "updated_at": ["2015-06-10T10:10:15Z"],
    "closed_at": {},
    "author_association": ["NONE"],
    "body": ["```\nWhat steps will reproduce the problem?\n1. download binaries from the hunpos repository\n2. run hunpos-tag\n3.\n\nWhat is the expected output? What do you see instead?\nResult:\n$ ./hunpos-tag \nbash: ./hunpos-tag: No such file or directory\n\n\nWhat version of the product are you using? On what operating system?\n1.0 on Ubuntu 12.04\n\nPlease provide any additional information below.\nCompiling from the source in repository and running hunpos-tag works.\n\n```\n\nOriginal issue reported on code.google.com by `samuel.r...@gmail.com` on 26 Sep 2012 at 8:25\n"]
  },
  {
    "url": ["https://api.github.com/repos/nikolamilosevic86/hunpos/issues/16"],
    "repository_url": ["https://api.github.com/repos/nikolamilosevic86/hunpos"],
    "labels_url": ["https://api.github.com/repos/nikolamilosevic86/hunpos/issues/16/labels{/name}"],
    "comments_url": ["https://api.github.com/repos/nikolamilosevic86/hunpos/issues/16/comments"],
    "events_url": ["https://api.github.com/repos/nikolamilosevic86/hunpos/issues/16/events"],
    "html_url": ["https://github.com/nikolamilosevic86/hunpos/issues/16"],
    "id": [86913607],
    "node_id": ["MDU6SXNzdWU4NjkxMzYwNw=="],
    "number": [16],
    "title": ["tagging erroneous in some cases"],
    "user": {
      "login": ["GoogleCodeExporter"],
      "id": [9614759],
      "node_id": ["MDQ6VXNlcjk2MTQ3NTk="],
      "avatar_url": ["https://avatars0.githubusercontent.com/u/9614759?v=4"],
      "gravatar_id": [""],
      "url": ["https://api.github.com/users/GoogleCodeExporter"],
      "html_url": ["https://github.com/GoogleCodeExporter"],
      "followers_url": ["https://api.github.com/users/GoogleCodeExporter/followers"],
      "following_url": ["https://api.github.com/users/GoogleCodeExporter/following{/other_user}"],
      "gists_url": ["https://api.github.com/users/GoogleCodeExporter/gists{/gist_id}"],
      "starred_url": ["https://api.github.com/users/GoogleCodeExporter/starred{/owner}{/repo}"],
      "subscriptions_url": ["https://api.github.com/users/GoogleCodeExporter/subscriptions"],
      "organizations_url": ["https://api.github.com/users/GoogleCodeExporter/orgs"],
      "repos_url": ["https://api.github.com/users/GoogleCodeExporter/repos"],
      "events_url": ["https://api.github.com/users/GoogleCodeExporter/events{/privacy}"],
      "received_events_url": ["https://api.github.com/users/GoogleCodeExporter/received_events"],
      "type": ["User"],
      "site_admin": [false]
    },
    "labels": [
      {
        "id": [222717812],
        "node_id": ["MDU6TGFiZWwyMjI3MTc4MTI="],
        "url": ["https://api.github.com/repos/nikolamilosevic86/hunpos/labels/Priority-Medium"],
        "name": ["Priority-Medium"],
        "color": ["ededed"],
        "default": [false]
      },
      {
        "id": [222717824],
        "node_id": ["MDU6TGFiZWwyMjI3MTc4MjQ="],
        "url": ["https://api.github.com/repos/nikolamilosevic86/hunpos/labels/Type-Defect"],
        "name": ["Type-Defect"],
        "color": ["ededed"],
        "default": [false]
      },
      {
        "id": [222717815],
        "node_id": ["MDU6TGFiZWwyMjI3MTc4MTU="],
        "url": ["https://api.github.com/repos/nikolamilosevic86/hunpos/labels/auto-migrated"],
        "name": ["auto-migrated"],
        "color": ["ededed"],
        "default": [false]
      }
    ],
    "state": ["open"],
    "locked": [false],
    "assignee": {},
    "assignees": [],
    "milestone": {},
    "comments": [0],
    "created_at": ["2015-06-10T10:10:14Z"],
    "updated_at": ["2015-06-10T10:10:14Z"],
    "closed_at": {},
    "author_association": ["NONE"],
    "body": ["```\nWhat steps will reproduce the problem?\nTag a sample corpus\n\n\nWhat is the expected output? What do you see instead?\nI wrote in for example:\n       got       expected\nI   PRP \ndo  VBP \nwork    NN  <-- VB\n.   SENT    \n\n\nWhat version of the product are you using? On what operating system?\n1.2.8, linux mint\n\nPlease provide any additional information below.\n\n\n```\n\nOriginal issue reported on code.google.com by `krie...@gmx.de` on 19 Dec 2010 at 8:59\n"]
  },
  {
    "url": ["https://api.github.com/repos/nikolamilosevic86/hunpos/issues/15"],
    "repository_url": ["https://api.github.com/repos/nikolamilosevic86/hunpos"],
    "labels_url": ["https://api.github.com/repos/nikolamilosevic86/hunpos/issues/15/labels{/name}"],
    "comments_url": ["https://api.github.com/repos/nikolamilosevic86/hunpos/issues/15/comments"],
    "events_url": ["https://api.github.com/repos/nikolamilosevic86/hunpos/issues/15/events"],
    "html_url": ["https://github.com/nikolamilosevic86/hunpos/issues/15"],
    "id": [86913602],
    "node_id": ["MDU6SXNzdWU4NjkxMzYwMg=="],
    "number": [15],
    "title": ["Fatal error: exception Failure(\"empty context_trie)"],
    "user": {
      "login": ["GoogleCodeExporter"],
      "id": [9614759],
      "node_id": ["MDQ6VXNlcjk2MTQ3NTk="],
      "avatar_url": ["https://avatars0.githubusercontent.com/u/9614759?v=4"],
      "gravatar_id": [""],
      "url": ["https://api.github.com/users/GoogleCodeExporter"],
      "html_url": ["https://github.com/GoogleCodeExporter"],
      "followers_url": ["https://api.github.com/users/GoogleCodeExporter/followers"],
      "following_url": ["https://api.github.com/users/GoogleCodeExporter/following{/other_user}"],
      "gists_url": ["https://api.github.com/users/GoogleCodeExporter/gists{/gist_id}"],
      "starred_url": ["https://api.github.com/users/GoogleCodeExporter/starred{/owner}{/repo}"],
      "subscriptions_url": ["https://api.github.com/users/GoogleCodeExporter/subscriptions"],
      "organizations_url": ["https://api.github.com/users/GoogleCodeExporter/orgs"],
      "repos_url": ["https://api.github.com/users/GoogleCodeExporter/repos"],
      "events_url": ["https://api.github.com/users/GoogleCodeExporter/events{/privacy}"],
      "received_events_url": ["https://api.github.com/users/GoogleCodeExporter/received_events"],
      "type": ["User"],
      "site_admin": [false]
    },
    "labels": [
      {
        "id": [222717812],
        "node_id": ["MDU6TGFiZWwyMjI3MTc4MTI="],
        "url": ["https://api.github.com/repos/nikolamilosevic86/hunpos/labels/Priority-Medium"],
        "name": ["Priority-Medium"],
        "color": ["ededed"],
        "default": [false]
      },
      {
        "id": [222717824],
        "node_id": ["MDU6TGFiZWwyMjI3MTc4MjQ="],
        "url": ["https://api.github.com/repos/nikolamilosevic86/hunpos/labels/Type-Defect"],
        "name": ["Type-Defect"],
        "color": ["ededed"],
        "default": [false]
      },
      {
        "id": [222717815],
        "node_id": ["MDU6TGFiZWwyMjI3MTc4MTU="],
        "url": ["https://api.github.com/repos/nikolamilosevic86/hunpos/labels/auto-migrated"],
        "name": ["auto-migrated"],
        "color": ["ededed"],
        "default": [false]
      }
    ],
    "state": ["open"],
    "locked": [false],
    "assignee": {},
    "assignees": [],
    "milestone": {},
    "comments": [3],
    "created_at": ["2015-06-10T10:10:13Z"],
    "updated_at": ["2015-06-10T10:10:14Z"],
    "closed_at": {},
    "author_association": ["NONE"],
    "body": ["```\nHi, \n\nI've tried to make my own POS model under LINUX. I first tried with a corpus of \n1 600 000 words (and tags) and I got a Stack Overflow error, so I tried with a \nmuch smaller corpus (100 000 words and tags), the program tells me it's reading \nthe training corpus, then compiling probabilities, then it sends me a Fatal \nerror: exception Failure(\"empty context_trie).\n\nWhat do I do wrong, my corpus is just a file with 1 word and one tag / line \nwith LF end of line.\n\nTIA for the answer\n\n```\n\nOriginal issue reported on code.google.com by `dwight...@gmail.com` on 25 Nov 2010 at 4:09\n"]
  },
  {
    "url": ["https://api.github.com/repos/nikolamilosevic86/hunpos/issues/14"],
    "repository_url": ["https://api.github.com/repos/nikolamilosevic86/hunpos"],
    "labels_url": ["https://api.github.com/repos/nikolamilosevic86/hunpos/issues/14/labels{/name}"],
    "comments_url": ["https://api.github.com/repos/nikolamilosevic86/hunpos/issues/14/comments"],
    "events_url": ["https://api.github.com/repos/nikolamilosevic86/hunpos/issues/14/events"],
    "html_url": ["https://github.com/nikolamilosevic86/hunpos/issues/14"],
    "id": [86913599],
    "node_id": ["MDU6SXNzdWU4NjkxMzU5OQ=="],
    "number": [14],
    "title": ["windows syntax for training"],
    "user": {
      "login": ["GoogleCodeExporter"],
      "id": [9614759],
      "node_id": ["MDQ6VXNlcjk2MTQ3NTk="],
      "avatar_url": ["https://avatars0.githubusercontent.com/u/9614759?v=4"],
      "gravatar_id": [""],
      "url": ["https://api.github.com/users/GoogleCodeExporter"],
      "html_url": ["https://github.com/GoogleCodeExporter"],
      "followers_url": ["https://api.github.com/users/GoogleCodeExporter/followers"],
      "following_url": ["https://api.github.com/users/GoogleCodeExporter/following{/other_user}"],
      "gists_url": ["https://api.github.com/users/GoogleCodeExporter/gists{/gist_id}"],
      "starred_url": ["https://api.github.com/users/GoogleCodeExporter/starred{/owner}{/repo}"],
      "subscriptions_url": ["https://api.github.com/users/GoogleCodeExporter/subscriptions"],
      "organizations_url": ["https://api.github.com/users/GoogleCodeExporter/orgs"],
      "repos_url": ["https://api.github.com/users/GoogleCodeExporter/repos"],
      "events_url": ["https://api.github.com/users/GoogleCodeExporter/events{/privacy}"],
      "received_events_url": ["https://api.github.com/users/GoogleCodeExporter/received_events"],
      "type": ["User"],
      "site_admin": [false]
    },
    "labels": [
      {
        "id": [222717812],
        "node_id": ["MDU6TGFiZWwyMjI3MTc4MTI="],
        "url": ["https://api.github.com/repos/nikolamilosevic86/hunpos/labels/Priority-Medium"],
        "name": ["Priority-Medium"],
        "color": ["ededed"],
        "default": [false]
      },
      {
        "id": [222717824],
        "node_id": ["MDU6TGFiZWwyMjI3MTc4MjQ="],
        "url": ["https://api.github.com/repos/nikolamilosevic86/hunpos/labels/Type-Defect"],
        "name": ["Type-Defect"],
        "color": ["ededed"],
        "default": [false]
      },
      {
        "id": [222717815],
        "node_id": ["MDU6TGFiZWwyMjI3MTc4MTU="],
        "url": ["https://api.github.com/repos/nikolamilosevic86/hunpos/labels/auto-migrated"],
        "name": ["auto-migrated"],
        "color": ["ededed"],
        "default": [false]
      }
    ],
    "state": ["open"],
    "locked": [false],
    "assignee": {},
    "assignees": [],
    "milestone": {},
    "comments": [2],
    "created_at": ["2015-06-10T10:10:13Z"],
    "updated_at": ["2015-06-10T10:10:13Z"],
    "closed_at": {},
    "author_association": ["NONE"],
    "body": ["```\nHi,\n\nCould you please give the correct training syntax for windows. I've tried: type \nfrenchcorpus.txt > hunpos-train french.model (type being the windows equivalent \nof cat) and it doesn't work.\nThe Linux syntax you recommend is : {{cat uzbek.corpus | ./hunpos-train \nuzbek.model}}}, what are the curly bracket used for ?\nTIA\n```\n\nOriginal issue reported on code.google.com by `dwight...@gmail.com` on 25 Nov 2010 at 12:23\n"]
  },
  {
    "url": ["https://api.github.com/repos/nikolamilosevic86/hunpos/issues/13"],
    "repository_url": ["https://api.github.com/repos/nikolamilosevic86/hunpos"],
    "labels_url": ["https://api.github.com/repos/nikolamilosevic86/hunpos/issues/13/labels{/name}"],
    "comments_url": ["https://api.github.com/repos/nikolamilosevic86/hunpos/issues/13/comments"],
    "events_url": ["https://api.github.com/repos/nikolamilosevic86/hunpos/issues/13/events"],
    "html_url": ["https://github.com/nikolamilosevic86/hunpos/issues/13"],
    "id": [86913595],
    "node_id": ["MDU6SXNzdWU4NjkxMzU5NQ=="],
    "number": [13],
    "title": ["drink NN instead of VB"],
    "user": {
      "login": ["GoogleCodeExporter"],
      "id": [9614759],
      "node_id": ["MDQ6VXNlcjk2MTQ3NTk="],
      "avatar_url": ["https://avatars0.githubusercontent.com/u/9614759?v=4"],
      "gravatar_id": [""],
      "url": ["https://api.github.com/users/GoogleCodeExporter"],
      "html_url": ["https://github.com/GoogleCodeExporter"],
      "followers_url": ["https://api.github.com/users/GoogleCodeExporter/followers"],
      "following_url": ["https://api.github.com/users/GoogleCodeExporter/following{/other_user}"],
      "gists_url": ["https://api.github.com/users/GoogleCodeExporter/gists{/gist_id}"],
      "starred_url": ["https://api.github.com/users/GoogleCodeExporter/starred{/owner}{/repo}"],
      "subscriptions_url": ["https://api.github.com/users/GoogleCodeExporter/subscriptions"],
      "organizations_url": ["https://api.github.com/users/GoogleCodeExporter/orgs"],
      "repos_url": ["https://api.github.com/users/GoogleCodeExporter/repos"],
      "events_url": ["https://api.github.com/users/GoogleCodeExporter/events{/privacy}"],
      "received_events_url": ["https://api.github.com/users/GoogleCodeExporter/received_events"],
      "type": ["User"],
      "site_admin": [false]
    },
    "labels": [
      {
        "id": [222717812],
        "node_id": ["MDU6TGFiZWwyMjI3MTc4MTI="],
        "url": ["https://api.github.com/repos/nikolamilosevic86/hunpos/labels/Priority-Medium"],
        "name": ["Priority-Medium"],
        "color": ["ededed"],
        "default": [false]
      },
      {
        "id": [222717824],
        "node_id": ["MDU6TGFiZWwyMjI3MTc4MjQ="],
        "url": ["https://api.github.com/repos/nikolamilosevic86/hunpos/labels/Type-Defect"],
        "name": ["Type-Defect"],
        "color": ["ededed"],
        "default": [false]
      },
      {
        "id": [222717815],
        "node_id": ["MDU6TGFiZWwyMjI3MTc4MTU="],
        "url": ["https://api.github.com/repos/nikolamilosevic86/hunpos/labels/auto-migrated"],
        "name": ["auto-migrated"],
        "color": ["ededed"],
        "default": [false]
      }
    ],
    "state": ["open"],
    "locked": [false],
    "assignee": {},
    "assignees": [],
    "milestone": {},
    "comments": [2],
    "created_at": ["2015-06-10T10:10:12Z"],
    "updated_at": ["2015-06-10T10:10:13Z"],
    "closed_at": {},
    "author_association": ["NONE"],
    "body": ["```\nMaybe   RB  \nthat    WDT \nmade    VBD \nMother  NNP \ndrink   NN  \n,   ,   \nI   PRP \ndo  VBP \nnot RB  \nknow    VB  \n.   .   \n\nElvárt:\nMaybe   RB  \nthat    WDT \nmade    VBD \nMother  NNP \ndrink   VB  <----------------- ez nem jó   \n,   ,   \nI   PRP \ndo  VBP \nnot RB  \nknow    VB  \n.   .   \n\n```\n\nOriginal issue reported on code.google.com by `krie...@gmx.de` on 24 Nov 2010 at 10:15\n"]
  },
  {
    "url": ["https://api.github.com/repos/nikolamilosevic86/hunpos/issues/12"],
    "repository_url": ["https://api.github.com/repos/nikolamilosevic86/hunpos"],
    "labels_url": ["https://api.github.com/repos/nikolamilosevic86/hunpos/issues/12/labels{/name}"],
    "comments_url": ["https://api.github.com/repos/nikolamilosevic86/hunpos/issues/12/comments"],
    "events_url": ["https://api.github.com/repos/nikolamilosevic86/hunpos/issues/12/events"],
    "html_url": ["https://github.com/nikolamilosevic86/hunpos/issues/12"],
    "id": [86913591],
    "node_id": ["MDU6SXNzdWU4NjkxMzU5MQ=="],
    "number": [12],
    "title": ["Hunpos does not tag properly when input/output is piped to/from file"],
    "user": {
      "login": ["GoogleCodeExporter"],
      "id": [9614759],
      "node_id": ["MDQ6VXNlcjk2MTQ3NTk="],
      "avatar_url": ["https://avatars0.githubusercontent.com/u/9614759?v=4"],
      "gravatar_id": [""],
      "url": ["https://api.github.com/users/GoogleCodeExporter"],
      "html_url": ["https://github.com/GoogleCodeExporter"],
      "followers_url": ["https://api.github.com/users/GoogleCodeExporter/followers"],
      "following_url": ["https://api.github.com/users/GoogleCodeExporter/following{/other_user}"],
      "gists_url": ["https://api.github.com/users/GoogleCodeExporter/gists{/gist_id}"],
      "starred_url": ["https://api.github.com/users/GoogleCodeExporter/starred{/owner}{/repo}"],
      "subscriptions_url": ["https://api.github.com/users/GoogleCodeExporter/subscriptions"],
      "organizations_url": ["https://api.github.com/users/GoogleCodeExporter/orgs"],
      "repos_url": ["https://api.github.com/users/GoogleCodeExporter/repos"],
      "events_url": ["https://api.github.com/users/GoogleCodeExporter/events{/privacy}"],
      "received_events_url": ["https://api.github.com/users/GoogleCodeExporter/received_events"],
      "type": ["User"],
      "site_admin": [false]
    },
    "labels": [
      {
        "id": [222717812],
        "node_id": ["MDU6TGFiZWwyMjI3MTc4MTI="],
        "url": ["https://api.github.com/repos/nikolamilosevic86/hunpos/labels/Priority-Medium"],
        "name": ["Priority-Medium"],
        "color": ["ededed"],
        "default": [false]
      },
      {
        "id": [222717824],
        "node_id": ["MDU6TGFiZWwyMjI3MTc4MjQ="],
        "url": ["https://api.github.com/repos/nikolamilosevic86/hunpos/labels/Type-Defect"],
        "name": ["Type-Defect"],
        "color": ["ededed"],
        "default": [false]
      },
      {
        "id": [222717815],
        "node_id": ["MDU6TGFiZWwyMjI3MTc4MTU="],
        "url": ["https://api.github.com/repos/nikolamilosevic86/hunpos/labels/auto-migrated"],
        "name": ["auto-migrated"],
        "color": ["ededed"],
        "default": [false]
      }
    ],
    "state": ["open"],
    "locked": [false],
    "assignee": {},
    "assignees": [],
    "milestone": {},
    "comments": [1],
    "created_at": ["2015-06-10T10:10:12Z"],
    "updated_at": ["2015-06-10T10:10:12Z"],
    "closed_at": {},
    "author_association": ["NONE"],
    "body": ["```\nI am running Hunpos 1.0 on Windows XP, using the provided english-wsj \nmodel. Hunpos works great when I use it interactively, but when I pipe \ninput/output to/from file, the tags are all obviously wrong.\n\nHere is my input file (in.txt):\n\nThe\nquick\nred\nfox\njumped\nover\nthe\nlazy\ndogs.\n\n>hunpos-tag english.model <in.txt >out.txt\n\nThis is what I get in out.txt:\n\nThe\n    NNP \nquick\n    VBD \nred\n    CD  \nfox\n    CD  \njumped\n    CD  \nover\n    CD  \nthe\n    CD  \nlazy\n    CD  \ndogs.\n    JJ  \n\n    NNS \n\nIf I type the same text in manually at the console, the resulting tags are \ncompletely different.\n\nWhat gives?\n\nThanks in advance... Alex Dowad\n```\n\nOriginal issue reported on code.google.com by `alexinbe...@gmail.com` on 18 Feb 2010 at 12:06\n"]
  },
  {
    "url": ["https://api.github.com/repos/nikolamilosevic86/hunpos/issues/11"],
    "repository_url": ["https://api.github.com/repos/nikolamilosevic86/hunpos"],
    "labels_url": ["https://api.github.com/repos/nikolamilosevic86/hunpos/issues/11/labels{/name}"],
    "comments_url": ["https://api.github.com/repos/nikolamilosevic86/hunpos/issues/11/comments"],
    "events_url": ["https://api.github.com/repos/nikolamilosevic86/hunpos/issues/11/events"],
    "html_url": ["https://github.com/nikolamilosevic86/hunpos/issues/11"],
    "id": [86913589],
    "node_id": ["MDU6SXNzdWU4NjkxMzU4OQ=="],
    "number": [11],
    "title": ["merészé, ..lábé"],
    "user": {
      "login": ["GoogleCodeExporter"],
      "id": [9614759],
      "node_id": ["MDQ6VXNlcjk2MTQ3NTk="],
      "avatar_url": ["https://avatars0.githubusercontent.com/u/9614759?v=4"],
      "gravatar_id": [""],
      "url": ["https://api.github.com/users/GoogleCodeExporter"],
      "html_url": ["https://github.com/GoogleCodeExporter"],
      "followers_url": ["https://api.github.com/users/GoogleCodeExporter/followers"],
      "following_url": ["https://api.github.com/users/GoogleCodeExporter/following{/other_user}"],
      "gists_url": ["https://api.github.com/users/GoogleCodeExporter/gists{/gist_id}"],
      "starred_url": ["https://api.github.com/users/GoogleCodeExporter/starred{/owner}{/repo}"],
      "subscriptions_url": ["https://api.github.com/users/GoogleCodeExporter/subscriptions"],
      "organizations_url": ["https://api.github.com/users/GoogleCodeExporter/orgs"],
      "repos_url": ["https://api.github.com/users/GoogleCodeExporter/repos"],
      "events_url": ["https://api.github.com/users/GoogleCodeExporter/events{/privacy}"],
      "received_events_url": ["https://api.github.com/users/GoogleCodeExporter/received_events"],
      "type": ["User"],
      "site_admin": [false]
    },
    "labels": [
      {
        "id": [222717812],
        "node_id": ["MDU6TGFiZWwyMjI3MTc4MTI="],
        "url": ["https://api.github.com/repos/nikolamilosevic86/hunpos/labels/Priority-Medium"],
        "name": ["Priority-Medium"],
        "color": ["ededed"],
        "default": [false]
      },
      {
        "id": [222717824],
        "node_id": ["MDU6TGFiZWwyMjI3MTc4MjQ="],
        "url": ["https://api.github.com/repos/nikolamilosevic86/hunpos/labels/Type-Defect"],
        "name": ["Type-Defect"],
        "color": ["ededed"],
        "default": [false]
      },
      {
        "id": [222717815],
        "node_id": ["MDU6TGFiZWwyMjI3MTc4MTU="],
        "url": ["https://api.github.com/repos/nikolamilosevic86/hunpos/labels/auto-migrated"],
        "name": ["auto-migrated"],
        "color": ["ededed"],
        "default": [false]
      }
    ],
    "state": ["open"],
    "locked": [false],
    "assignee": {},
    "assignees": [],
    "milestone": {},
    "comments": [0],
    "created_at": ["2015-06-10T10:10:12Z"],
    "updated_at": ["2015-06-10T10:10:12Z"],
    "closed_at": {},
    "author_association": ["NONE"],
    "body": ["```\nWhat steps will reproduce the problem?\nmerészé NOUN\negéré   NOUN<ANP>\nregényé NOUN<CAS<TRA>>\nrémé    NOUN<CAS<TRA>>\nkézé    NOUN\nlábé    NOUN\n\nWhat is the expected output? What do you see instead?\nmerészé NOUN<ANP>\nregényé NOUN<ANP>\nrémé    NOUN<ANP>\nkézé    NOUN<ANP>\nlábé    NOUN<ANP>\n\nWhat version of the product are you using? On what operating system?\ncurrent, 2009 July linux, debian\n\nPlease provide any additional information below.\n\n\n```\n\nOriginal issue reported on code.google.com by `krie...@gmx.de` on 13 Jul 2009 at 7:18\n"]
  },
  {
    "url": ["https://api.github.com/repos/nikolamilosevic86/hunpos/issues/10"],
    "repository_url": ["https://api.github.com/repos/nikolamilosevic86/hunpos"],
    "labels_url": ["https://api.github.com/repos/nikolamilosevic86/hunpos/issues/10/labels{/name}"],
    "comments_url": ["https://api.github.com/repos/nikolamilosevic86/hunpos/issues/10/comments"],
    "events_url": ["https://api.github.com/repos/nikolamilosevic86/hunpos/issues/10/events"],
    "html_url": ["https://github.com/nikolamilosevic86/hunpos/issues/10"],
    "id": [86913586],
    "node_id": ["MDU6SXNzdWU4NjkxMzU4Ng=="],
    "number": [10],
    "title": ["keréké"],
    "user": {
      "login": ["GoogleCodeExporter"],
      "id": [9614759],
      "node_id": ["MDQ6VXNlcjk2MTQ3NTk="],
      "avatar_url": ["https://avatars0.githubusercontent.com/u/9614759?v=4"],
      "gravatar_id": [""],
      "url": ["https://api.github.com/users/GoogleCodeExporter"],
      "html_url": ["https://github.com/GoogleCodeExporter"],
      "followers_url": ["https://api.github.com/users/GoogleCodeExporter/followers"],
      "following_url": ["https://api.github.com/users/GoogleCodeExporter/following{/other_user}"],
      "gists_url": ["https://api.github.com/users/GoogleCodeExporter/gists{/gist_id}"],
      "starred_url": ["https://api.github.com/users/GoogleCodeExporter/starred{/owner}{/repo}"],
      "subscriptions_url": ["https://api.github.com/users/GoogleCodeExporter/subscriptions"],
      "organizations_url": ["https://api.github.com/users/GoogleCodeExporter/orgs"],
      "repos_url": ["https://api.github.com/users/GoogleCodeExporter/repos"],
      "events_url": ["https://api.github.com/users/GoogleCodeExporter/events{/privacy}"],
      "received_events_url": ["https://api.github.com/users/GoogleCodeExporter/received_events"],
      "type": ["User"],
      "site_admin": [false]
    },
    "labels": [
      {
        "id": [222717812],
        "node_id": ["MDU6TGFiZWwyMjI3MTc4MTI="],
        "url": ["https://api.github.com/repos/nikolamilosevic86/hunpos/labels/Priority-Medium"],
        "name": ["Priority-Medium"],
        "color": ["ededed"],
        "default": [false]
      },
      {
        "id": [222717824],
        "node_id": ["MDU6TGFiZWwyMjI3MTc4MjQ="],
        "url": ["https://api.github.com/repos/nikolamilosevic86/hunpos/labels/Type-Defect"],
        "name": ["Type-Defect"],
        "color": ["ededed"],
        "default": [false]
      },
      {
        "id": [222717815],
        "node_id": ["MDU6TGFiZWwyMjI3MTc4MTU="],
        "url": ["https://api.github.com/repos/nikolamilosevic86/hunpos/labels/auto-migrated"],
        "name": ["auto-migrated"],
        "color": ["ededed"],
        "default": [false]
      }
    ],
    "state": ["open"],
    "locked": [false],
    "assignee": {},
    "assignees": [],
    "milestone": {},
    "comments": [0],
    "created_at": ["2015-06-10T10:10:11Z"],
    "updated_at": ["2015-06-10T10:10:11Z"],
    "closed_at": {},
    "author_association": ["NONE"],
    "body": ["```\nWhat steps will reproduce the problem?\nkeréké  NOUN<PLUR><ANP>\negéré   NOUN<ANP>\n\nWhat is the expected output? What do you see instead?\nkeréké  - non plural\n\nWhat version of the product are you using? On what operating system?\ncurrent (2009. July), linux debian\n\nPlease provide any additional information below.\n\n\n```\n\nOriginal issue reported on code.google.com by `krie...@gmx.de` on 13 Jul 2009 at 7:12\n"]
  },
  {
    "url": ["https://api.github.com/repos/nikolamilosevic86/hunpos/issues/9"],
    "repository_url": ["https://api.github.com/repos/nikolamilosevic86/hunpos"],
    "labels_url": ["https://api.github.com/repos/nikolamilosevic86/hunpos/issues/9/labels{/name}"],
    "comments_url": ["https://api.github.com/repos/nikolamilosevic86/hunpos/issues/9/comments"],
    "events_url": ["https://api.github.com/repos/nikolamilosevic86/hunpos/issues/9/events"],
    "html_url": ["https://github.com/nikolamilosevic86/hunpos/issues/9"],
    "id": [86913585],
    "node_id": ["MDU6SXNzdWU4NjkxMzU4NQ=="],
    "number": [9],
    "title": ["Unable to checkout the code (error 403)"],
    "user": {
      "login": ["GoogleCodeExporter"],
      "id": [9614759],
      "node_id": ["MDQ6VXNlcjk2MTQ3NTk="],
      "avatar_url": ["https://avatars0.githubusercontent.com/u/9614759?v=4"],
      "gravatar_id": [""],
      "url": ["https://api.github.com/users/GoogleCodeExporter"],
      "html_url": ["https://github.com/GoogleCodeExporter"],
      "followers_url": ["https://api.github.com/users/GoogleCodeExporter/followers"],
      "following_url": ["https://api.github.com/users/GoogleCodeExporter/following{/other_user}"],
      "gists_url": ["https://api.github.com/users/GoogleCodeExporter/gists{/gist_id}"],
      "starred_url": ["https://api.github.com/users/GoogleCodeExporter/starred{/owner}{/repo}"],
      "subscriptions_url": ["https://api.github.com/users/GoogleCodeExporter/subscriptions"],
      "organizations_url": ["https://api.github.com/users/GoogleCodeExporter/orgs"],
      "repos_url": ["https://api.github.com/users/GoogleCodeExporter/repos"],
      "events_url": ["https://api.github.com/users/GoogleCodeExporter/events{/privacy}"],
      "received_events_url": ["https://api.github.com/users/GoogleCodeExporter/received_events"],
      "type": ["User"],
      "site_admin": [false]
    },
    "labels": [
      {
        "id": [222717812],
        "node_id": ["MDU6TGFiZWwyMjI3MTc4MTI="],
        "url": ["https://api.github.com/repos/nikolamilosevic86/hunpos/labels/Priority-Medium"],
        "name": ["Priority-Medium"],
        "color": ["ededed"],
        "default": [false]
      },
      {
        "id": [222717824],
        "node_id": ["MDU6TGFiZWwyMjI3MTc4MjQ="],
        "url": ["https://api.github.com/repos/nikolamilosevic86/hunpos/labels/Type-Defect"],
        "name": ["Type-Defect"],
        "color": ["ededed"],
        "default": [false]
      },
      {
        "id": [222717815],
        "node_id": ["MDU6TGFiZWwyMjI3MTc4MTU="],
        "url": ["https://api.github.com/repos/nikolamilosevic86/hunpos/labels/auto-migrated"],
        "name": ["auto-migrated"],
        "color": ["ededed"],
        "default": [false]
      }
    ],
    "state": ["open"],
    "locked": [false],
    "assignee": {},
    "assignees": [],
    "milestone": {},
    "comments": [0],
    "created_at": ["2015-06-10T10:10:11Z"],
    "updated_at": ["2015-06-10T10:10:11Z"],
    "closed_at": {},
    "author_association": ["NONE"],
    "body": ["```\nWhat steps will reproduce the problem?\n1. Try to checkout the project with the command\nsvn checkout http://hunpos.googlecode.com/svn/trunk/ hunpos-read-only\n\nWhat is the expected output? What do you see instead?\nThe project should be checked-out\nsvn: PROPFIND request failed on '/svn/trunk'\nsvn: PROPFIND of '/svn/trunk': 403 Forbidden (http://hunpos.googlecode.com)\n\nWhat version of the product are you using? On what operating system?\nsvn version 1.4.4 and 1.5\n\nPlease provide any additional information below.\n\n\n```\n\nOriginal issue reported on code.google.com by `benjamin...@gmail.com` on 11 Jun 2009 at 12:29\n"]
  },
  {
    "url": ["https://api.github.com/repos/nikolamilosevic86/hunpos/issues/8"],
    "repository_url": ["https://api.github.com/repos/nikolamilosevic86/hunpos"],
    "labels_url": ["https://api.github.com/repos/nikolamilosevic86/hunpos/issues/8/labels{/name}"],
    "comments_url": ["https://api.github.com/repos/nikolamilosevic86/hunpos/issues/8/comments"],
    "events_url": ["https://api.github.com/repos/nikolamilosevic86/hunpos/issues/8/events"],
    "html_url": ["https://github.com/nikolamilosevic86/hunpos/issues/8"],
    "id": [86913582],
    "node_id": ["MDU6SXNzdWU4NjkxMzU4Mg=="],
    "number": [8],
    "title": ["Enhancement request, lemma display would be very useful."],
    "user": {
      "login": ["GoogleCodeExporter"],
      "id": [9614759],
      "node_id": ["MDQ6VXNlcjk2MTQ3NTk="],
      "avatar_url": ["https://avatars0.githubusercontent.com/u/9614759?v=4"],
      "gravatar_id": [""],
      "url": ["https://api.github.com/users/GoogleCodeExporter"],
      "html_url": ["https://github.com/GoogleCodeExporter"],
      "followers_url": ["https://api.github.com/users/GoogleCodeExporter/followers"],
      "following_url": ["https://api.github.com/users/GoogleCodeExporter/following{/other_user}"],
      "gists_url": ["https://api.github.com/users/GoogleCodeExporter/gists{/gist_id}"],
      "starred_url": ["https://api.github.com/users/GoogleCodeExporter/starred{/owner}{/repo}"],
      "subscriptions_url": ["https://api.github.com/users/GoogleCodeExporter/subscriptions"],
      "organizations_url": ["https://api.github.com/users/GoogleCodeExporter/orgs"],
      "repos_url": ["https://api.github.com/users/GoogleCodeExporter/repos"],
      "events_url": ["https://api.github.com/users/GoogleCodeExporter/events{/privacy}"],
      "received_events_url": ["https://api.github.com/users/GoogleCodeExporter/received_events"],
      "type": ["User"],
      "site_admin": [false]
    },
    "labels": [
      {
        "id": [222717812],
        "node_id": ["MDU6TGFiZWwyMjI3MTc4MTI="],
        "url": ["https://api.github.com/repos/nikolamilosevic86/hunpos/labels/Priority-Medium"],
        "name": ["Priority-Medium"],
        "color": ["ededed"],
        "default": [false]
      },
      {
        "id": [222717824],
        "node_id": ["MDU6TGFiZWwyMjI3MTc4MjQ="],
        "url": ["https://api.github.com/repos/nikolamilosevic86/hunpos/labels/Type-Defect"],
        "name": ["Type-Defect"],
        "color": ["ededed"],
        "default": [false]
      },
      {
        "id": [222717815],
        "node_id": ["MDU6TGFiZWwyMjI3MTc4MTU="],
        "url": ["https://api.github.com/repos/nikolamilosevic86/hunpos/labels/auto-migrated"],
        "name": ["auto-migrated"],
        "color": ["ededed"],
        "default": [false]
      }
    ],
    "state": ["open"],
    "locked": [false],
    "assignee": {},
    "assignees": [],
    "milestone": {},
    "comments": [1],
    "created_at": ["2015-06-10T10:10:11Z"],
    "updated_at": ["2015-06-10T10:10:11Z"],
    "closed_at": {},
    "author_association": ["NONE"],
    "body": ["```\nWhat steps will reproduce the problem?\ngyáraikat       NOUN<PLUR><POSS<PLUR>><CAS<ACC>>\n\nWhat is the expected output? What do you see instead?\ngyáraikat       NOUN<PLUR><POSS<PLUR>><CAS<ACC>>  gyár\n\nWhat version of the product are you using? On what operating system?\n2009 április 24, current. linux-debian\n\nPlease provide any additional information below.\nThis is an enhancement request. It would be very useful, if wird stem\n(lemma) would be displayed for each word.\n\n```\n\nOriginal issue reported on code.google.com by `krie...@gmx.de` on 25 Apr 2009 at 8:34\n"]
  },
  {
    "url": ["https://api.github.com/repos/nikolamilosevic86/hunpos/issues/7"],
    "repository_url": ["https://api.github.com/repos/nikolamilosevic86/hunpos"],
    "labels_url": ["https://api.github.com/repos/nikolamilosevic86/hunpos/issues/7/labels{/name}"],
    "comments_url": ["https://api.github.com/repos/nikolamilosevic86/hunpos/issues/7/comments"],
    "events_url": ["https://api.github.com/repos/nikolamilosevic86/hunpos/issues/7/events"],
    "html_url": ["https://github.com/nikolamilosevic86/hunpos/issues/7"],
    "id": [86913581],
    "node_id": ["MDU6SXNzdWU4NjkxMzU4MQ=="],
    "number": [7],
    "title": ["personal pronouns error"],
    "user": {
      "login": ["GoogleCodeExporter"],
      "id": [9614759],
      "node_id": ["MDQ6VXNlcjk2MTQ3NTk="],
      "avatar_url": ["https://avatars0.githubusercontent.com/u/9614759?v=4"],
      "gravatar_id": [""],
      "url": ["https://api.github.com/users/GoogleCodeExporter"],
      "html_url": ["https://github.com/GoogleCodeExporter"],
      "followers_url": ["https://api.github.com/users/GoogleCodeExporter/followers"],
      "following_url": ["https://api.github.com/users/GoogleCodeExporter/following{/other_user}"],
      "gists_url": ["https://api.github.com/users/GoogleCodeExporter/gists{/gist_id}"],
      "starred_url": ["https://api.github.com/users/GoogleCodeExporter/starred{/owner}{/repo}"],
      "subscriptions_url": ["https://api.github.com/users/GoogleCodeExporter/subscriptions"],
      "organizations_url": ["https://api.github.com/users/GoogleCodeExporter/orgs"],
      "repos_url": ["https://api.github.com/users/GoogleCodeExporter/repos"],
      "events_url": ["https://api.github.com/users/GoogleCodeExporter/events{/privacy}"],
      "received_events_url": ["https://api.github.com/users/GoogleCodeExporter/received_events"],
      "type": ["User"],
      "site_admin": [false]
    },
    "labels": [
      {
        "id": [222717812],
        "node_id": ["MDU6TGFiZWwyMjI3MTc4MTI="],
        "url": ["https://api.github.com/repos/nikolamilosevic86/hunpos/labels/Priority-Medium"],
        "name": ["Priority-Medium"],
        "color": ["ededed"],
        "default": [false]
      },
      {
        "id": [222717824],
        "node_id": ["MDU6TGFiZWwyMjI3MTc4MjQ="],
        "url": ["https://api.github.com/repos/nikolamilosevic86/hunpos/labels/Type-Defect"],
        "name": ["Type-Defect"],
        "color": ["ededed"],
        "default": [false]
      },
      {
        "id": [222717815],
        "node_id": ["MDU6TGFiZWwyMjI3MTc4MTU="],
        "url": ["https://api.github.com/repos/nikolamilosevic86/hunpos/labels/auto-migrated"],
        "name": ["auto-migrated"],
        "color": ["ededed"],
        "default": [false]
      }
    ],
    "state": ["open"],
    "locked": [false],
    "assignee": {},
    "assignees": [],
    "milestone": {},
    "comments": [0],
    "created_at": ["2015-06-10T10:10:10Z"],
    "updated_at": ["2015-06-10T10:10:11Z"],
    "closed_at": {},
    "author_association": ["NONE"],
    "body": ["```\nWhat steps will reproduce the problem?\nnekünk  VERB<INF>\nnekik   NOUN<PERS><PLUR><CAS<DAT>>\ntõletek VERB<MODAL><PERS<1>>\ntõle    NOUN<PERS><CAS<ABL>>\nhozzátok        NOUN<PLUR>\nhozzájuk        NOUN<PERS><PLUR><CAS<ALL>>\nértem   VERB<PERS<1>><DEF>\njöttek  VERB<PAST><PLUR>\n\n\nWhat is the expected output? What do you see instead?\nnekünk  VERB<INF> expected:  NOUN<PERS <1>><PLUR><CAS<DAT>>\ntõletek VERB<MODAL><PERS<1>> expected: NOUN<PERS <2>><CAS<ABL>>\nhozzátok        NOUN<PLUR> expected: NOUN<PERS <2jöttek \nVERB<PAST><PLUR>>><PLUR><CAS<ALL>>\nértem   VERB<PERS<1>><DEF> expected:NOUN<PERS<1>><PLUR><CAS<CAU>>, when\nfollowed by verb, like in example\n\nWhat version of the product are you using? On what operating system?\ncurrent, 2009. apr. 24, linux-debian\n\nPlease provide any additional infNOUN<PERS<1>><PLUR><CAS<CAU>>ormation below.\n\n\n```\n\nOriginal issue reported on code.google.com by `krie...@gmx.de` on 25 Apr 2009 at 8:29\n"]
  },
  {
    "url": ["https://api.github.com/repos/nikolamilosevic86/hunpos/issues/4"],
    "repository_url": ["https://api.github.com/repos/nikolamilosevic86/hunpos"],
    "labels_url": ["https://api.github.com/repos/nikolamilosevic86/hunpos/issues/4/labels{/name}"],
    "comments_url": ["https://api.github.com/repos/nikolamilosevic86/hunpos/issues/4/comments"],
    "events_url": ["https://api.github.com/repos/nikolamilosevic86/hunpos/issues/4/events"],
    "html_url": ["https://github.com/nikolamilosevic86/hunpos/issues/4"],
    "id": [86913574],
    "node_id": ["MDU6SXNzdWU4NjkxMzU3NA=="],
    "number": [4],
    "title": ["refactoring of special tokens"],
    "user": {
      "login": ["GoogleCodeExporter"],
      "id": [9614759],
      "node_id": ["MDQ6VXNlcjk2MTQ3NTk="],
      "avatar_url": ["https://avatars0.githubusercontent.com/u/9614759?v=4"],
      "gravatar_id": [""],
      "url": ["https://api.github.com/users/GoogleCodeExporter"],
      "html_url": ["https://github.com/GoogleCodeExporter"],
      "followers_url": ["https://api.github.com/users/GoogleCodeExporter/followers"],
      "following_url": ["https://api.github.com/users/GoogleCodeExporter/following{/other_user}"],
      "gists_url": ["https://api.github.com/users/GoogleCodeExporter/gists{/gist_id}"],
      "starred_url": ["https://api.github.com/users/GoogleCodeExporter/starred{/owner}{/repo}"],
      "subscriptions_url": ["https://api.github.com/users/GoogleCodeExporter/subscriptions"],
      "organizations_url": ["https://api.github.com/users/GoogleCodeExporter/orgs"],
      "repos_url": ["https://api.github.com/users/GoogleCodeExporter/repos"],
      "events_url": ["https://api.github.com/users/GoogleCodeExporter/events{/privacy}"],
      "received_events_url": ["https://api.github.com/users/GoogleCodeExporter/received_events"],
      "type": ["User"],
      "site_admin": [false]
    },
    "labels": [
      {
        "id": [222717823],
        "node_id": ["MDU6TGFiZWwyMjI3MTc4MjM="],
        "url": ["https://api.github.com/repos/nikolamilosevic86/hunpos/labels/Priority-High"],
        "name": ["Priority-High"],
        "color": ["ededed"],
        "default": [false]
      },
      {
        "id": [222717813],
        "node_id": ["MDU6TGFiZWwyMjI3MTc4MTM="],
        "url": ["https://api.github.com/repos/nikolamilosevic86/hunpos/labels/Type-Enhancement"],
        "name": ["Type-Enhancement"],
        "color": ["ededed"],
        "default": [false]
      },
      {
        "id": [222717815],
        "node_id": ["MDU6TGFiZWwyMjI3MTc4MTU="],
        "url": ["https://api.github.com/repos/nikolamilosevic86/hunpos/labels/auto-migrated"],
        "name": ["auto-migrated"],
        "color": ["ededed"],
        "default": [false]
      }
    ],
    "state": ["open"],
    "locked": [false],
    "assignee": {},
    "assignees": [],
    "milestone": {},
    "comments": [0],
    "created_at": ["2015-06-10T10:10:09Z"],
    "updated_at": ["2015-06-10T10:10:09Z"],
    "closed_at": {},
    "author_association": ["NONE"],
    "body": ["```\nspecial tokens (class based emission probs) are important features of\nhunpos and TnT. \n\nFor the following regular expressions hunpos learns the tag distribution of\nthe training corpus separately to give more reliable estimates for open\nclass items like numbers unseen during training:\n\n^[0-9]+$ \n^[0-9]+\\.$      \n^[0-9.,:-]+[0-9]+$\n^[0-9]+[a-zA-Z]{1,3}$ \n\nAfter this, at tag time, if the word is not found in the lexicon\n(numerals are added to the lexicon like all other items) hunpos checks\nwhether  the unseen word matches some of the regexps, and uses the\ndistribution learned for this regexp to guess the tag.\n\nNow these regexpr are hardcoded in special_tokens.ml file. Need some very\nfast regexp matching or something like tranducers.\n```\n\nOriginal issue reported on code.google.com by `hala...@gmail.com` on 30 Jun 2007 at 11:54\n"]
  },
  {
    "url": ["https://api.github.com/repos/nikolamilosevic86/hunpos/issues/3"],
    "repository_url": ["https://api.github.com/repos/nikolamilosevic86/hunpos"],
    "labels_url": ["https://api.github.com/repos/nikolamilosevic86/hunpos/issues/3/labels{/name}"],
    "comments_url": ["https://api.github.com/repos/nikolamilosevic86/hunpos/issues/3/comments"],
    "events_url": ["https://api.github.com/repos/nikolamilosevic86/hunpos/issues/3/events"],
    "html_url": ["https://github.com/nikolamilosevic86/hunpos/issues/3"],
    "id": [86913573],
    "node_id": ["MDU6SXNzdWU4NjkxMzU3Mw=="],
    "number": [3],
    "title": ["import TnT model file"],
    "user": {
      "login": ["GoogleCodeExporter"],
      "id": [9614759],
      "node_id": ["MDQ6VXNlcjk2MTQ3NTk="],
      "avatar_url": ["https://avatars0.githubusercontent.com/u/9614759?v=4"],
      "gravatar_id": [""],
      "url": ["https://api.github.com/users/GoogleCodeExporter"],
      "html_url": ["https://github.com/GoogleCodeExporter"],
      "followers_url": ["https://api.github.com/users/GoogleCodeExporter/followers"],
      "following_url": ["https://api.github.com/users/GoogleCodeExporter/following{/other_user}"],
      "gists_url": ["https://api.github.com/users/GoogleCodeExporter/gists{/gist_id}"],
      "starred_url": ["https://api.github.com/users/GoogleCodeExporter/starred{/owner}{/repo}"],
      "subscriptions_url": ["https://api.github.com/users/GoogleCodeExporter/subscriptions"],
      "organizations_url": ["https://api.github.com/users/GoogleCodeExporter/orgs"],
      "repos_url": ["https://api.github.com/users/GoogleCodeExporter/repos"],
      "events_url": ["https://api.github.com/users/GoogleCodeExporter/events{/privacy}"],
      "received_events_url": ["https://api.github.com/users/GoogleCodeExporter/received_events"],
      "type": ["User"],
      "site_admin": [false]
    },
    "labels": [
      {
        "id": [222717822],
        "node_id": ["MDU6TGFiZWwyMjI3MTc4MjI="],
        "url": ["https://api.github.com/repos/nikolamilosevic86/hunpos/labels/Priority-Low"],
        "name": ["Priority-Low"],
        "color": ["ededed"],
        "default": [false]
      },
      {
        "id": [222717813],
        "node_id": ["MDU6TGFiZWwyMjI3MTc4MTM="],
        "url": ["https://api.github.com/repos/nikolamilosevic86/hunpos/labels/Type-Enhancement"],
        "name": ["Type-Enhancement"],
        "color": ["ededed"],
        "default": [false]
      },
      {
        "id": [222717815],
        "node_id": ["MDU6TGFiZWwyMjI3MTc4MTU="],
        "url": ["https://api.github.com/repos/nikolamilosevic86/hunpos/labels/auto-migrated"],
        "name": ["auto-migrated"],
        "color": ["ededed"],
        "default": [false]
      }
    ],
    "state": ["open"],
    "locked": [false],
    "assignee": {},
    "assignees": [],
    "milestone": {},
    "comments": [0],
    "created_at": ["2015-06-10T10:10:09Z"],
    "updated_at": ["2015-06-10T10:10:09Z"],
    "closed_at": {},
    "author_association": ["NONE"],
    "body": ["```\nnice feature to import TnT model files directly for example\n[http://www.bultreebank.org/taggers/taggers.html Bulgarian model file]\n\n\n```\n\nOriginal issue reported on code.google.com by `hala...@gmail.com` on 30 Jun 2007 at 9:59\n"]
  },
  {
    "url": ["https://api.github.com/repos/nikolamilosevic86/hunpos/issues/2"],
    "repository_url": ["https://api.github.com/repos/nikolamilosevic86/hunpos"],
    "labels_url": ["https://api.github.com/repos/nikolamilosevic86/hunpos/issues/2/labels{/name}"],
    "comments_url": ["https://api.github.com/repos/nikolamilosevic86/hunpos/issues/2/comments"],
    "events_url": ["https://api.github.com/repos/nikolamilosevic86/hunpos/issues/2/events"],
    "html_url": ["https://github.com/nikolamilosevic86/hunpos/issues/2"],
    "id": [86913572],
    "node_id": ["MDU6SXNzdWU4NjkxMzU3Mg=="],
    "number": [2],
    "title": ["human readable model files"],
    "user": {
      "login": ["GoogleCodeExporter"],
      "id": [9614759],
      "node_id": ["MDQ6VXNlcjk2MTQ3NTk="],
      "avatar_url": ["https://avatars0.githubusercontent.com/u/9614759?v=4"],
      "gravatar_id": [""],
      "url": ["https://api.github.com/users/GoogleCodeExporter"],
      "html_url": ["https://github.com/GoogleCodeExporter"],
      "followers_url": ["https://api.github.com/users/GoogleCodeExporter/followers"],
      "following_url": ["https://api.github.com/users/GoogleCodeExporter/following{/other_user}"],
      "gists_url": ["https://api.github.com/users/GoogleCodeExporter/gists{/gist_id}"],
      "starred_url": ["https://api.github.com/users/GoogleCodeExporter/starred{/owner}{/repo}"],
      "subscriptions_url": ["https://api.github.com/users/GoogleCodeExporter/subscriptions"],
      "organizations_url": ["https://api.github.com/users/GoogleCodeExporter/orgs"],
      "repos_url": ["https://api.github.com/users/GoogleCodeExporter/repos"],
      "events_url": ["https://api.github.com/users/GoogleCodeExporter/events{/privacy}"],
      "received_events_url": ["https://api.github.com/users/GoogleCodeExporter/received_events"],
      "type": ["User"],
      "site_admin": [false]
    },
    "labels": [
      {
        "id": [222717812],
        "node_id": ["MDU6TGFiZWwyMjI3MTc4MTI="],
        "url": ["https://api.github.com/repos/nikolamilosevic86/hunpos/labels/Priority-Medium"],
        "name": ["Priority-Medium"],
        "color": ["ededed"],
        "default": [false]
      },
      {
        "id": [222717813],
        "node_id": ["MDU6TGFiZWwyMjI3MTc4MTM="],
        "url": ["https://api.github.com/repos/nikolamilosevic86/hunpos/labels/Type-Enhancement"],
        "name": ["Type-Enhancement"],
        "color": ["ededed"],
        "default": [false]
      },
      {
        "id": [222717815],
        "node_id": ["MDU6TGFiZWwyMjI3MTc4MTU="],
        "url": ["https://api.github.com/repos/nikolamilosevic86/hunpos/labels/auto-migrated"],
        "name": ["auto-migrated"],
        "color": ["ededed"],
        "default": [false]
      }
    ],
    "state": ["open"],
    "locked": [false],
    "assignee": {},
    "assignees": [],
    "milestone": {},
    "comments": [0],
    "created_at": ["2015-06-10T10:10:09Z"],
    "updated_at": ["2015-06-10T10:10:09Z"],
    "closed_at": {},
    "author_association": ["NONE"],
    "body": ["```\nTomaz Erjavec sent this feature request\n\n\"- I think it would be usefull if the model were in fact plain text, as\nwith TnT. I have often found it useful to be able to edit the model by\nhand, say for adding missed out morphological forms to the lexicon. Or,\nright now we have the case where we have a tagged corpus with lots of words\ntagged as unknown. Id like to train the tagger on this corpus, then remove\nthe unknown words from the lexcion, and tag the same corpus, substituting\nthe unknown tag with the one assigned by the tagger. It is not obvious how\nI could do this with HunPos\"\n```\n\nOriginal issue reported on code.google.com by `hala...@gmail.com` on 29 Jun 2007 at 2:03\n"]
  },
  {
    "url": ["https://api.github.com/repos/nikolamilosevic86/hunpos/issues/1"],
    "repository_url": ["https://api.github.com/repos/nikolamilosevic86/hunpos"],
    "labels_url": ["https://api.github.com/repos/nikolamilosevic86/hunpos/issues/1/labels{/name}"],
    "comments_url": ["https://api.github.com/repos/nikolamilosevic86/hunpos/issues/1/comments"],
    "events_url": ["https://api.github.com/repos/nikolamilosevic86/hunpos/issues/1/events"],
    "html_url": ["https://github.com/nikolamilosevic86/hunpos/issues/1"],
    "id": [86913571],
    "node_id": ["MDU6SXNzdWU4NjkxMzU3MQ=="],
    "number": [1],
    "title": ["feture like tnt-diff"],
    "user": {
      "login": ["GoogleCodeExporter"],
      "id": [9614759],
      "node_id": ["MDQ6VXNlcjk2MTQ3NTk="],
      "avatar_url": ["https://avatars0.githubusercontent.com/u/9614759?v=4"],
      "gravatar_id": [""],
      "url": ["https://api.github.com/users/GoogleCodeExporter"],
      "html_url": ["https://github.com/GoogleCodeExporter"],
      "followers_url": ["https://api.github.com/users/GoogleCodeExporter/followers"],
      "following_url": ["https://api.github.com/users/GoogleCodeExporter/following{/other_user}"],
      "gists_url": ["https://api.github.com/users/GoogleCodeExporter/gists{/gist_id}"],
      "starred_url": ["https://api.github.com/users/GoogleCodeExporter/starred{/owner}{/repo}"],
      "subscriptions_url": ["https://api.github.com/users/GoogleCodeExporter/subscriptions"],
      "organizations_url": ["https://api.github.com/users/GoogleCodeExporter/orgs"],
      "repos_url": ["https://api.github.com/users/GoogleCodeExporter/repos"],
      "events_url": ["https://api.github.com/users/GoogleCodeExporter/events{/privacy}"],
      "received_events_url": ["https://api.github.com/users/GoogleCodeExporter/received_events"],
      "type": ["User"],
      "site_admin": [false]
    },
    "labels": [
      {
        "id": [222717812],
        "node_id": ["MDU6TGFiZWwyMjI3MTc4MTI="],
        "url": ["https://api.github.com/repos/nikolamilosevic86/hunpos/labels/Priority-Medium"],
        "name": ["Priority-Medium"],
        "color": ["ededed"],
        "default": [false]
      },
      {
        "id": [222717813],
        "node_id": ["MDU6TGFiZWwyMjI3MTc4MTM="],
        "url": ["https://api.github.com/repos/nikolamilosevic86/hunpos/labels/Type-Enhancement"],
        "name": ["Type-Enhancement"],
        "color": ["ededed"],
        "default": [false]
      },
      {
        "id": [222717815],
        "node_id": ["MDU6TGFiZWwyMjI3MTc4MTU="],
        "url": ["https://api.github.com/repos/nikolamilosevic86/hunpos/labels/auto-migrated"],
        "name": ["auto-migrated"],
        "color": ["ededed"],
        "default": [false]
      }
    ],
    "state": ["open"],
    "locked": [false],
    "assignee": {},
    "assignees": [],
    "milestone": {},
    "comments": [0],
    "created_at": ["2015-06-10T10:10:09Z"],
    "updated_at": ["2015-06-10T10:10:09Z"],
    "closed_at": {},
    "author_association": ["NONE"],
    "body": ["```\ntnt-diff is a nifty little program. Maybe at some point you could add this? \n```\n\nOriginal issue reported on code.google.com by `hala...@gmail.com` on 29 Jun 2007 at 11:06\n"]
  }
]
