[
  {
    "url": ["https://api.github.com/repos/nikolamilosevic86/skoseditor/issues/19"],
    "repository_url": ["https://api.github.com/repos/nikolamilosevic86/skoseditor"],
    "labels_url": ["https://api.github.com/repos/nikolamilosevic86/skoseditor/issues/19/labels{/name}"],
    "comments_url": ["https://api.github.com/repos/nikolamilosevic86/skoseditor/issues/19/comments"],
    "events_url": ["https://api.github.com/repos/nikolamilosevic86/skoseditor/issues/19/events"],
    "html_url": ["https://github.com/nikolamilosevic86/skoseditor/issues/19"],
    "id": [128788298],
    "node_id": ["MDU6SXNzdWUxMjg3ODgyOTg="],
    "number": [19],
    "title": ["SKOS annotations not shown in \"SKOS annotations\""],
    "user": {
      "login": ["GoogleCodeExporter"],
      "id": [9614759],
      "node_id": ["MDQ6VXNlcjk2MTQ3NTk="],
      "avatar_url": ["https://avatars0.githubusercontent.com/u/9614759?v=4"],
      "gravatar_id": [""],
      "url": ["https://api.github.com/users/GoogleCodeExporter"],
      "html_url": ["https://github.com/GoogleCodeExporter"],
      "followers_url": ["https://api.github.com/users/GoogleCodeExporter/followers"],
      "following_url": ["https://api.github.com/users/GoogleCodeExporter/following{/other_user}"],
      "gists_url": ["https://api.github.com/users/GoogleCodeExporter/gists{/gist_id}"],
      "starred_url": ["https://api.github.com/users/GoogleCodeExporter/starred{/owner}{/repo}"],
      "subscriptions_url": ["https://api.github.com/users/GoogleCodeExporter/subscriptions"],
      "organizations_url": ["https://api.github.com/users/GoogleCodeExporter/orgs"],
      "repos_url": ["https://api.github.com/users/GoogleCodeExporter/repos"],
      "events_url": ["https://api.github.com/users/GoogleCodeExporter/events{/privacy}"],
      "received_events_url": ["https://api.github.com/users/GoogleCodeExporter/received_events"],
      "type": ["User"],
      "site_admin": [false]
    },
    "labels": [
      {
        "id": [316817710],
        "node_id": ["MDU6TGFiZWwzMTY4MTc3MTA="],
        "url": ["https://api.github.com/repos/nikolamilosevic86/skoseditor/labels/Priority-Medium"],
        "name": ["Priority-Medium"],
        "color": ["ededed"],
        "default": [false]
      },
      {
        "id": [316817711],
        "node_id": ["MDU6TGFiZWwzMTY4MTc3MTE="],
        "url": ["https://api.github.com/repos/nikolamilosevic86/skoseditor/labels/Type-Defect"],
        "name": ["Type-Defect"],
        "color": ["ededed"],
        "default": [false]
      },
      {
        "id": [316817712],
        "node_id": ["MDU6TGFiZWwzMTY4MTc3MTI="],
        "url": ["https://api.github.com/repos/nikolamilosevic86/skoseditor/labels/auto-migrated"],
        "name": ["auto-migrated"],
        "color": ["ededed"],
        "default": [false]
      }
    ],
    "state": ["open"],
    "locked": [false],
    "assignee": {},
    "assignees": [],
    "milestone": {},
    "comments": [0],
    "created_at": ["2016-01-26T10:48:27Z"],
    "updated_at": ["2016-01-26T10:48:27Z"],
    "closed_at": {},
    "author_association": ["NONE"],
    "body": ["```\nWhat steps will reproduce the problem?\n1. Open a SKOS ontology \n2. In the SKOS view, select a concept that has SKOS annotations\n3. Look in the \"SKOS Annotations\" pane on the right: the annotations are hidden.\n\nWhat is the expected output? What do you see instead?\n\nAnnotations should be visible. Instead, only the annotation property names are \nshown for each annotation. E.g.: the text \"'preferred label' [language: en]\" is \nshown whenever there's a preferred label for a concept, but not the label \nstring itself.\n\nWhat version of the product are you using? On what operating system?\n\nProtégé 4.3 on Windows 7, SKOS plugin SKOSEd-2.0-alpha.\n\nPlease provide any additional information below.\n\nIt looks like Protégé is hiding a row of output. Whenever a concept has two \nannotations of the same type, for instance both English and German labels, we \nget to see the content of one annotation.\n```\n\nOriginal issue reported on code.google.com by `johan.w....@gmail.com` on 14 Apr 2014 at 2:52\n"]
  },
  {
    "url": ["https://api.github.com/repos/nikolamilosevic86/skoseditor/issues/18"],
    "repository_url": ["https://api.github.com/repos/nikolamilosevic86/skoseditor"],
    "labels_url": ["https://api.github.com/repos/nikolamilosevic86/skoseditor/issues/18/labels{/name}"],
    "comments_url": ["https://api.github.com/repos/nikolamilosevic86/skoseditor/issues/18/comments"],
    "events_url": ["https://api.github.com/repos/nikolamilosevic86/skoseditor/issues/18/events"],
    "html_url": ["https://github.com/nikolamilosevic86/skoseditor/issues/18"],
    "id": [128788297],
    "node_id": ["MDU6SXNzdWUxMjg3ODgyOTc="],
    "number": [18],
    "title": ["\"OK\" button in dialog to select ConceptScheme when adding a new Concept is grayed"],
    "user": {
      "login": ["GoogleCodeExporter"],
      "id": [9614759],
      "node_id": ["MDQ6VXNlcjk2MTQ3NTk="],
      "avatar_url": ["https://avatars0.githubusercontent.com/u/9614759?v=4"],
      "gravatar_id": [""],
      "url": ["https://api.github.com/users/GoogleCodeExporter"],
      "html_url": ["https://github.com/GoogleCodeExporter"],
      "followers_url": ["https://api.github.com/users/GoogleCodeExporter/followers"],
      "following_url": ["https://api.github.com/users/GoogleCodeExporter/following{/other_user}"],
      "gists_url": ["https://api.github.com/users/GoogleCodeExporter/gists{/gist_id}"],
      "starred_url": ["https://api.github.com/users/GoogleCodeExporter/starred{/owner}{/repo}"],
      "subscriptions_url": ["https://api.github.com/users/GoogleCodeExporter/subscriptions"],
      "organizations_url": ["https://api.github.com/users/GoogleCodeExporter/orgs"],
      "repos_url": ["https://api.github.com/users/GoogleCodeExporter/repos"],
      "events_url": ["https://api.github.com/users/GoogleCodeExporter/events{/privacy}"],
      "received_events_url": ["https://api.github.com/users/GoogleCodeExporter/received_events"],
      "type": ["User"],
      "site_admin": [false]
    },
    "labels": [
      {
        "id": [316817710],
        "node_id": ["MDU6TGFiZWwzMTY4MTc3MTA="],
        "url": ["https://api.github.com/repos/nikolamilosevic86/skoseditor/labels/Priority-Medium"],
        "name": ["Priority-Medium"],
        "color": ["ededed"],
        "default": [false]
      },
      {
        "id": [316817711],
        "node_id": ["MDU6TGFiZWwzMTY4MTc3MTE="],
        "url": ["https://api.github.com/repos/nikolamilosevic86/skoseditor/labels/Type-Defect"],
        "name": ["Type-Defect"],
        "color": ["ededed"],
        "default": [false]
      },
      {
        "id": [316817712],
        "node_id": ["MDU6TGFiZWwzMTY4MTc3MTI="],
        "url": ["https://api.github.com/repos/nikolamilosevic86/skoseditor/labels/auto-migrated"],
        "name": ["auto-migrated"],
        "color": ["ededed"],
        "default": [false]
      }
    ],
    "state": ["open"],
    "locked": [false],
    "assignee": {},
    "assignees": [],
    "milestone": {},
    "comments": [2],
    "created_at": ["2016-01-26T10:48:26Z"],
    "updated_at": ["2016-01-26T10:48:26Z"],
    "closed_at": {},
    "author_association": ["NONE"],
    "body": ["```\n- Create new ontology\n- Import SKOS-DL ontology\n- Go to SKOS View Tab\n- In view \"Concept list\" view (or \"Asserted Concept hierarchy\") click on button \n\"Add Concept\"\n- No Concept Scheme exists, we can simply create the URI of the Concept and \nsave it\n- Now go in \"Concept Scheme List\" view, create a new Concept Scheme by clicking \non \"Add Concept Scheme\", and save it\n- Go back to \"Concept list\" view (or \"Asserted Concept hierarchy\"), click on \nbutton \"Add Concept\"\n- Dialog appears to select the Concept Scheme of the Scheme. \"OK\" Button is \ngrayed out, I cannot click on it and cannot create the Concept\n\n\n```\n\nOriginal issue reported on code.google.com by `thomas.t...@gmail.com` on 22 Feb 2013 at 11:15\n\nAttachments:\n- [Capture du 2013-02-22 12:14:19.png](https://storage.googleapis.com/google-code-attachments/skoseditor/issue-18/comment-0/Capture du 2013-02-22 12:14:19.png)\n"]
  },
  {
    "url": ["https://api.github.com/repos/nikolamilosevic86/skoseditor/issues/17"],
    "repository_url": ["https://api.github.com/repos/nikolamilosevic86/skoseditor"],
    "labels_url": ["https://api.github.com/repos/nikolamilosevic86/skoseditor/issues/17/labels{/name}"],
    "comments_url": ["https://api.github.com/repos/nikolamilosevic86/skoseditor/issues/17/comments"],
    "events_url": ["https://api.github.com/repos/nikolamilosevic86/skoseditor/issues/17/events"],
    "html_url": ["https://github.com/nikolamilosevic86/skoseditor/issues/17"],
    "id": [128788296],
    "node_id": ["MDU6SXNzdWUxMjg3ODgyOTY="],
    "number": [17],
    "title": ["Option to open a SKOS ontology no present. "],
    "user": {
      "login": ["GoogleCodeExporter"],
      "id": [9614759],
      "node_id": ["MDQ6VXNlcjk2MTQ3NTk="],
      "avatar_url": ["https://avatars0.githubusercontent.com/u/9614759?v=4"],
      "gravatar_id": [""],
      "url": ["https://api.github.com/users/GoogleCodeExporter"],
      "html_url": ["https://github.com/GoogleCodeExporter"],
      "followers_url": ["https://api.github.com/users/GoogleCodeExporter/followers"],
      "following_url": ["https://api.github.com/users/GoogleCodeExporter/following{/other_user}"],
      "gists_url": ["https://api.github.com/users/GoogleCodeExporter/gists{/gist_id}"],
      "starred_url": ["https://api.github.com/users/GoogleCodeExporter/starred{/owner}{/repo}"],
      "subscriptions_url": ["https://api.github.com/users/GoogleCodeExporter/subscriptions"],
      "organizations_url": ["https://api.github.com/users/GoogleCodeExporter/orgs"],
      "repos_url": ["https://api.github.com/users/GoogleCodeExporter/repos"],
      "events_url": ["https://api.github.com/users/GoogleCodeExporter/events{/privacy}"],
      "received_events_url": ["https://api.github.com/users/GoogleCodeExporter/received_events"],
      "type": ["User"],
      "site_admin": [false]
    },
    "labels": [
      {
        "id": [316817710],
        "node_id": ["MDU6TGFiZWwzMTY4MTc3MTA="],
        "url": ["https://api.github.com/repos/nikolamilosevic86/skoseditor/labels/Priority-Medium"],
        "name": ["Priority-Medium"],
        "color": ["ededed"],
        "default": [false]
      },
      {
        "id": [316817711],
        "node_id": ["MDU6TGFiZWwzMTY4MTc3MTE="],
        "url": ["https://api.github.com/repos/nikolamilosevic86/skoseditor/labels/Type-Defect"],
        "name": ["Type-Defect"],
        "color": ["ededed"],
        "default": [false]
      },
      {
        "id": [316817712],
        "node_id": ["MDU6TGFiZWwzMTY4MTc3MTI="],
        "url": ["https://api.github.com/repos/nikolamilosevic86/skoseditor/labels/auto-migrated"],
        "name": ["auto-migrated"],
        "color": ["ededed"],
        "default": [false]
      }
    ],
    "state": ["open"],
    "locked": [false],
    "assignee": {},
    "assignees": [],
    "milestone": {},
    "comments": [0],
    "created_at": ["2016-01-26T10:48:26Z"],
    "updated_at": ["2016-01-26T10:48:26Z"],
    "closed_at": {},
    "author_association": ["NONE"],
    "body": ["```\nWhat steps will reproduce the problem?\n1. Install SKOS Plug\n2. Start Protege 4.1 with \"run.sh\"\n\n\nWhat is the expected output? What do you see instead?\nI see a dialog with various options to open an OWL Ontology, but none to open a \nSKOS. In the console window I do see \"Installed plugin Protege SKOS plugin\" and \nsome of the SKOS views are present if I create an empty owl ontology\n\n\nWhat version of the product are you using? On what operating system?\nSKOSEd-2.0-alpha(build 42) on Protege 4.1 on Ubuntu 12.10\n\nPlease provide any additional information below.\n\n```\n\nOriginal issue reported on code.google.com by `nw...@log1.net` on 20 Feb 2013 at 10:27\n"]
  },
  {
    "url": ["https://api.github.com/repos/nikolamilosevic86/skoseditor/issues/16"],
    "repository_url": ["https://api.github.com/repos/nikolamilosevic86/skoseditor"],
    "labels_url": ["https://api.github.com/repos/nikolamilosevic86/skoseditor/issues/16/labels{/name}"],
    "comments_url": ["https://api.github.com/repos/nikolamilosevic86/skoseditor/issues/16/comments"],
    "events_url": ["https://api.github.com/repos/nikolamilosevic86/skoseditor/issues/16/events"],
    "html_url": ["https://github.com/nikolamilosevic86/skoseditor/issues/16"],
    "id": [128788295],
    "node_id": ["MDU6SXNzdWUxMjg3ODgyOTU="],
    "number": [16],
    "title": ["Protege crashes when try to load ontology with SKOS plug-in "],
    "user": {
      "login": ["GoogleCodeExporter"],
      "id": [9614759],
      "node_id": ["MDQ6VXNlcjk2MTQ3NTk="],
      "avatar_url": ["https://avatars0.githubusercontent.com/u/9614759?v=4"],
      "gravatar_id": [""],
      "url": ["https://api.github.com/users/GoogleCodeExporter"],
      "html_url": ["https://github.com/GoogleCodeExporter"],
      "followers_url": ["https://api.github.com/users/GoogleCodeExporter/followers"],
      "following_url": ["https://api.github.com/users/GoogleCodeExporter/following{/other_user}"],
      "gists_url": ["https://api.github.com/users/GoogleCodeExporter/gists{/gist_id}"],
      "starred_url": ["https://api.github.com/users/GoogleCodeExporter/starred{/owner}{/repo}"],
      "subscriptions_url": ["https://api.github.com/users/GoogleCodeExporter/subscriptions"],
      "organizations_url": ["https://api.github.com/users/GoogleCodeExporter/orgs"],
      "repos_url": ["https://api.github.com/users/GoogleCodeExporter/repos"],
      "events_url": ["https://api.github.com/users/GoogleCodeExporter/events{/privacy}"],
      "received_events_url": ["https://api.github.com/users/GoogleCodeExporter/received_events"],
      "type": ["User"],
      "site_admin": [false]
    },
    "labels": [
      {
        "id": [316817710],
        "node_id": ["MDU6TGFiZWwzMTY4MTc3MTA="],
        "url": ["https://api.github.com/repos/nikolamilosevic86/skoseditor/labels/Priority-Medium"],
        "name": ["Priority-Medium"],
        "color": ["ededed"],
        "default": [false]
      },
      {
        "id": [316817711],
        "node_id": ["MDU6TGFiZWwzMTY4MTc3MTE="],
        "url": ["https://api.github.com/repos/nikolamilosevic86/skoseditor/labels/Type-Defect"],
        "name": ["Type-Defect"],
        "color": ["ededed"],
        "default": [false]
      },
      {
        "id": [316817712],
        "node_id": ["MDU6TGFiZWwzMTY4MTc3MTI="],
        "url": ["https://api.github.com/repos/nikolamilosevic86/skoseditor/labels/auto-migrated"],
        "name": ["auto-migrated"],
        "color": ["ededed"],
        "default": [false]
      }
    ],
    "state": ["open"],
    "locked": [false],
    "assignee": {},
    "assignees": [],
    "milestone": {},
    "comments": [2],
    "created_at": ["2016-01-26T10:48:25Z"],
    "updated_at": ["2016-01-26T10:48:26Z"],
    "closed_at": {},
    "author_association": ["NONE"],
    "body": ["```\nWhat steps will reproduce the problem?\n1. Protege 4.1.0/239 64 bit, Win 7 64 Bit, open protege, get normal welcome \nscreen with options to open or create ontologies\n2. pick an ontology to open; try with OWL that imports some SKOS files, and \nSKOS/ttl file by itself\n3. In console, all imported ontolgies load, get to last 'Rebuilt in nn ms, ... \nactive ontology changed, and exception is thrown:\n\"Error logged\njava.lang.UnsupportedClassVersionError: Bad version number in .class file \nat.....\" lots of other lines in trace....\nIf I remove the SKOS plugin (2.0 alpha, build 39) from the plugins folder in \nprotege install, everything works fine.\n\nWhat is the expected output? What do you see instead?\nExpect to open ontology with SKOS tab accessible. Instead get error message, \nstack trace, and back to SKOS start upscreen\n\n\nWhat version of the product are you using? On what operating system?\nsee above\n\n\nPlease provide any additional information below. screen shot attached. this is \nsame problem others have been reporting I think.\n\n\n\n\n```\n\nOriginal issue reported on code.google.com by `smrTucson@gmail.com` on 30 Jun 2012 at 11:26\n\nAttachments:\n- [screenshot.png](https://storage.googleapis.com/google-code-attachments/skoseditor/issue-16/comment-0/screenshot.png)\n"]
  },
  {
    "url": ["https://api.github.com/repos/nikolamilosevic86/skoseditor/issues/15"],
    "repository_url": ["https://api.github.com/repos/nikolamilosevic86/skoseditor"],
    "labels_url": ["https://api.github.com/repos/nikolamilosevic86/skoseditor/issues/15/labels{/name}"],
    "comments_url": ["https://api.github.com/repos/nikolamilosevic86/skoseditor/issues/15/comments"],
    "events_url": ["https://api.github.com/repos/nikolamilosevic86/skoseditor/issues/15/events"],
    "html_url": ["https://github.com/nikolamilosevic86/skoseditor/issues/15"],
    "id": [128788293],
    "node_id": ["MDU6SXNzdWUxMjg3ODgyOTM="],
    "number": [15],
    "title": ["null pointer without ontology URI"],
    "user": {
      "login": ["GoogleCodeExporter"],
      "id": [9614759],
      "node_id": ["MDQ6VXNlcjk2MTQ3NTk="],
      "avatar_url": ["https://avatars0.githubusercontent.com/u/9614759?v=4"],
      "gravatar_id": [""],
      "url": ["https://api.github.com/users/GoogleCodeExporter"],
      "html_url": ["https://github.com/GoogleCodeExporter"],
      "followers_url": ["https://api.github.com/users/GoogleCodeExporter/followers"],
      "following_url": ["https://api.github.com/users/GoogleCodeExporter/following{/other_user}"],
      "gists_url": ["https://api.github.com/users/GoogleCodeExporter/gists{/gist_id}"],
      "starred_url": ["https://api.github.com/users/GoogleCodeExporter/starred{/owner}{/repo}"],
      "subscriptions_url": ["https://api.github.com/users/GoogleCodeExporter/subscriptions"],
      "organizations_url": ["https://api.github.com/users/GoogleCodeExporter/orgs"],
      "repos_url": ["https://api.github.com/users/GoogleCodeExporter/repos"],
      "events_url": ["https://api.github.com/users/GoogleCodeExporter/events{/privacy}"],
      "received_events_url": ["https://api.github.com/users/GoogleCodeExporter/received_events"],
      "type": ["User"],
      "site_admin": [false]
    },
    "labels": [
      {
        "id": [316817741],
        "node_id": ["MDU6TGFiZWwzMTY4MTc3NDE="],
        "url": ["https://api.github.com/repos/nikolamilosevic86/skoseditor/labels/Priority-High"],
        "name": ["Priority-High"],
        "color": ["ededed"],
        "default": [false]
      },
      {
        "id": [316817711],
        "node_id": ["MDU6TGFiZWwzMTY4MTc3MTE="],
        "url": ["https://api.github.com/repos/nikolamilosevic86/skoseditor/labels/Type-Defect"],
        "name": ["Type-Defect"],
        "color": ["ededed"],
        "default": [false]
      },
      {
        "id": [316817712],
        "node_id": ["MDU6TGFiZWwzMTY4MTc3MTI="],
        "url": ["https://api.github.com/repos/nikolamilosevic86/skoseditor/labels/auto-migrated"],
        "name": ["auto-migrated"],
        "color": ["ededed"],
        "default": [false]
      }
    ],
    "state": ["open"],
    "locked": [false],
    "assignee": {},
    "assignees": [],
    "milestone": {},
    "comments": [0],
    "created_at": ["2016-01-26T10:48:25Z"],
    "updated_at": ["2016-01-26T10:48:25Z"],
    "closed_at": {},
    "author_association": ["NONE"],
    "body": ["```\nIf you open an RDF document that contains some SKOS but doesn't contain an \nontology IRI statement, then the SKOS asserted hierarchy view will throw a null \npointer exception. This is because the underlying SKOS API assumes all files \nloaded will have an ontology IRI specified.\n\nThis will get fixed in the SKOS API and moved to the plugin in the next \nrelease. In the meantime, if you are struggling to load a SKOS file, try giving \nit an ontology URI, then reloading it. \n\n```\n\nOriginal issue reported on code.google.com by `simon.j...@gmail.com` on 18 Jun 2012 at 1:02\n"]
  },
  {
    "url": ["https://api.github.com/repos/nikolamilosevic86/skoseditor/issues/14"],
    "repository_url": ["https://api.github.com/repos/nikolamilosevic86/skoseditor"],
    "labels_url": ["https://api.github.com/repos/nikolamilosevic86/skoseditor/issues/14/labels{/name}"],
    "comments_url": ["https://api.github.com/repos/nikolamilosevic86/skoseditor/issues/14/comments"],
    "events_url": ["https://api.github.com/repos/nikolamilosevic86/skoseditor/issues/14/events"],
    "html_url": ["https://github.com/nikolamilosevic86/skoseditor/issues/14"],
    "id": [128788289],
    "node_id": ["MDU6SXNzdWUxMjg3ODgyODk="],
    "number": [14],
    "title": ["SKOS View tab does not appear in Protege 4.1"],
    "user": {
      "login": ["GoogleCodeExporter"],
      "id": [9614759],
      "node_id": ["MDQ6VXNlcjk2MTQ3NTk="],
      "avatar_url": ["https://avatars0.githubusercontent.com/u/9614759?v=4"],
      "gravatar_id": [""],
      "url": ["https://api.github.com/users/GoogleCodeExporter"],
      "html_url": ["https://github.com/GoogleCodeExporter"],
      "followers_url": ["https://api.github.com/users/GoogleCodeExporter/followers"],
      "following_url": ["https://api.github.com/users/GoogleCodeExporter/following{/other_user}"],
      "gists_url": ["https://api.github.com/users/GoogleCodeExporter/gists{/gist_id}"],
      "starred_url": ["https://api.github.com/users/GoogleCodeExporter/starred{/owner}{/repo}"],
      "subscriptions_url": ["https://api.github.com/users/GoogleCodeExporter/subscriptions"],
      "organizations_url": ["https://api.github.com/users/GoogleCodeExporter/orgs"],
      "repos_url": ["https://api.github.com/users/GoogleCodeExporter/repos"],
      "events_url": ["https://api.github.com/users/GoogleCodeExporter/events{/privacy}"],
      "received_events_url": ["https://api.github.com/users/GoogleCodeExporter/received_events"],
      "type": ["User"],
      "site_admin": [false]
    },
    "labels": [
      {
        "id": [316817741],
        "node_id": ["MDU6TGFiZWwzMTY4MTc3NDE="],
        "url": ["https://api.github.com/repos/nikolamilosevic86/skoseditor/labels/Priority-High"],
        "name": ["Priority-High"],
        "color": ["ededed"],
        "default": [false]
      },
      {
        "id": [316817711],
        "node_id": ["MDU6TGFiZWwzMTY4MTc3MTE="],
        "url": ["https://api.github.com/repos/nikolamilosevic86/skoseditor/labels/Type-Defect"],
        "name": ["Type-Defect"],
        "color": ["ededed"],
        "default": [false]
      },
      {
        "id": [316817712],
        "node_id": ["MDU6TGFiZWwzMTY4MTc3MTI="],
        "url": ["https://api.github.com/repos/nikolamilosevic86/skoseditor/labels/auto-migrated"],
        "name": ["auto-migrated"],
        "color": ["ededed"],
        "default": [false]
      }
    ],
    "state": ["open"],
    "locked": [false],
    "assignee": {},
    "assignees": [],
    "milestone": {},
    "comments": [2],
    "created_at": ["2016-01-26T10:48:25Z"],
    "updated_at": ["2016-01-26T10:48:25Z"],
    "closed_at": {},
    "author_association": ["NONE"],
    "body": ["```\nWhat steps will reproduce the problem?\n1. Copy the SKOSEd-2.0-alpha(build 38) JAR file to the Protege 4.1 plugin \nfolder.\n2. Start Protege - the plugin is registered OK on startup.\n3. Open/create ontology\n\nWhat is the expected output? What do you see instead?\nCannot see the \"SKOS View\" tab. The \"SKOSEd\" dropdown menu is there, however.\n\nWhat version of the product are you using? On what operating system?\n- SKOSEd-2.0-alpha(build 38)\n- Protege 4.1.0 Build 239\n- JVM 1.6.0_20-b02\n- Windows7 (6.1) 64-bit\n\nPlease provide any additional information below.\n\n```\n\nOriginal issue reported on code.google.com by `gene.mis...@gmail.com` on 14 Mar 2012 at 1:43\n"]
  },
  {
    "url": ["https://api.github.com/repos/nikolamilosevic86/skoseditor/issues/13"],
    "repository_url": ["https://api.github.com/repos/nikolamilosevic86/skoseditor"],
    "labels_url": ["https://api.github.com/repos/nikolamilosevic86/skoseditor/issues/13/labels{/name}"],
    "comments_url": ["https://api.github.com/repos/nikolamilosevic86/skoseditor/issues/13/comments"],
    "events_url": ["https://api.github.com/repos/nikolamilosevic86/skoseditor/issues/13/events"],
    "html_url": ["https://github.com/nikolamilosevic86/skoseditor/issues/13"],
    "id": [128788286],
    "node_id": ["MDU6SXNzdWUxMjg3ODgyODY="],
    "number": [13],
    "title": ["Broken views in SKOS view tab"],
    "user": {
      "login": ["GoogleCodeExporter"],
      "id": [9614759],
      "node_id": ["MDQ6VXNlcjk2MTQ3NTk="],
      "avatar_url": ["https://avatars0.githubusercontent.com/u/9614759?v=4"],
      "gravatar_id": [""],
      "url": ["https://api.github.com/users/GoogleCodeExporter"],
      "html_url": ["https://github.com/GoogleCodeExporter"],
      "followers_url": ["https://api.github.com/users/GoogleCodeExporter/followers"],
      "following_url": ["https://api.github.com/users/GoogleCodeExporter/following{/other_user}"],
      "gists_url": ["https://api.github.com/users/GoogleCodeExporter/gists{/gist_id}"],
      "starred_url": ["https://api.github.com/users/GoogleCodeExporter/starred{/owner}{/repo}"],
      "subscriptions_url": ["https://api.github.com/users/GoogleCodeExporter/subscriptions"],
      "organizations_url": ["https://api.github.com/users/GoogleCodeExporter/orgs"],
      "repos_url": ["https://api.github.com/users/GoogleCodeExporter/repos"],
      "events_url": ["https://api.github.com/users/GoogleCodeExporter/events{/privacy}"],
      "received_events_url": ["https://api.github.com/users/GoogleCodeExporter/received_events"],
      "type": ["User"],
      "site_admin": [false]
    },
    "labels": [
      {
        "id": [316817710],
        "node_id": ["MDU6TGFiZWwzMTY4MTc3MTA="],
        "url": ["https://api.github.com/repos/nikolamilosevic86/skoseditor/labels/Priority-Medium"],
        "name": ["Priority-Medium"],
        "color": ["ededed"],
        "default": [false]
      },
      {
        "id": [316817711],
        "node_id": ["MDU6TGFiZWwzMTY4MTc3MTE="],
        "url": ["https://api.github.com/repos/nikolamilosevic86/skoseditor/labels/Type-Defect"],
        "name": ["Type-Defect"],
        "color": ["ededed"],
        "default": [false]
      },
      {
        "id": [316817712],
        "node_id": ["MDU6TGFiZWwzMTY4MTc3MTI="],
        "url": ["https://api.github.com/repos/nikolamilosevic86/skoseditor/labels/auto-migrated"],
        "name": ["auto-migrated"],
        "color": ["ededed"],
        "default": [false]
      }
    ],
    "state": ["open"],
    "locked": [false],
    "assignee": {},
    "assignees": [],
    "milestone": {},
    "comments": [2],
    "created_at": ["2016-01-26T10:48:24Z"],
    "updated_at": ["2016-01-26T10:48:24Z"],
    "closed_at": {},
    "author_association": ["NONE"],
    "body": ["```\nUsing...\n1. Protege 4.1.0 (build 239)\n2. SKOSEd 2.0-alpha\n3. OSX Lion 10.7.2\n4. Java info...\njava version \"1.6.0_29\"\nJava(TM) SE Runtime Environment (build 1.6.0_29-b11-402-11M3527)\n\nProblem...\n\nThe Asserted Concept Hierarchy and Concept Scheme List View both have the \nfollowing error:\n\nAn error occurred whilst creating the view\nNullPointerException\nnull\n\nThe Top Concepts View Hierarchy View works.\n\n\n```\n\nOriginal issue reported on code.google.com by `chris.sk...@gmail.com` on 4 Jan 2012 at 2:12\n"]
  },
  {
    "url": ["https://api.github.com/repos/nikolamilosevic86/skoseditor/issues/12"],
    "repository_url": ["https://api.github.com/repos/nikolamilosevic86/skoseditor"],
    "labels_url": ["https://api.github.com/repos/nikolamilosevic86/skoseditor/issues/12/labels{/name}"],
    "comments_url": ["https://api.github.com/repos/nikolamilosevic86/skoseditor/issues/12/comments"],
    "events_url": ["https://api.github.com/repos/nikolamilosevic86/skoseditor/issues/12/events"],
    "html_url": ["https://github.com/nikolamilosevic86/skoseditor/issues/12"],
    "id": [128788285],
    "node_id": ["MDU6SXNzdWUxMjg3ODgyODU="],
    "number": [12],
    "title": ["SKOS Editor in 64 bit Protege 4.1 cannot launch an ontology because can't find java awt files?"],
    "user": {
      "login": ["GoogleCodeExporter"],
      "id": [9614759],
      "node_id": ["MDQ6VXNlcjk2MTQ3NTk="],
      "avatar_url": ["https://avatars0.githubusercontent.com/u/9614759?v=4"],
      "gravatar_id": [""],
      "url": ["https://api.github.com/users/GoogleCodeExporter"],
      "html_url": ["https://github.com/GoogleCodeExporter"],
      "followers_url": ["https://api.github.com/users/GoogleCodeExporter/followers"],
      "following_url": ["https://api.github.com/users/GoogleCodeExporter/following{/other_user}"],
      "gists_url": ["https://api.github.com/users/GoogleCodeExporter/gists{/gist_id}"],
      "starred_url": ["https://api.github.com/users/GoogleCodeExporter/starred{/owner}{/repo}"],
      "subscriptions_url": ["https://api.github.com/users/GoogleCodeExporter/subscriptions"],
      "organizations_url": ["https://api.github.com/users/GoogleCodeExporter/orgs"],
      "repos_url": ["https://api.github.com/users/GoogleCodeExporter/repos"],
      "events_url": ["https://api.github.com/users/GoogleCodeExporter/events{/privacy}"],
      "received_events_url": ["https://api.github.com/users/GoogleCodeExporter/received_events"],
      "type": ["User"],
      "site_admin": [false]
    },
    "labels": [
      {
        "id": [316817741],
        "node_id": ["MDU6TGFiZWwzMTY4MTc3NDE="],
        "url": ["https://api.github.com/repos/nikolamilosevic86/skoseditor/labels/Priority-High"],
        "name": ["Priority-High"],
        "color": ["ededed"],
        "default": [false]
      },
      {
        "id": [316817711],
        "node_id": ["MDU6TGFiZWwzMTY4MTc3MTE="],
        "url": ["https://api.github.com/repos/nikolamilosevic86/skoseditor/labels/Type-Defect"],
        "name": ["Type-Defect"],
        "color": ["ededed"],
        "default": [false]
      },
      {
        "id": [316817712],
        "node_id": ["MDU6TGFiZWwzMTY4MTc3MTI="],
        "url": ["https://api.github.com/repos/nikolamilosevic86/skoseditor/labels/auto-migrated"],
        "name": ["auto-migrated"],
        "color": ["ededed"],
        "default": [false]
      }
    ],
    "state": ["open"],
    "locked": [false],
    "assignee": {},
    "assignees": [],
    "milestone": {},
    "comments": [1],
    "created_at": ["2016-01-26T10:48:24Z"],
    "updated_at": ["2016-01-26T10:48:24Z"],
    "closed_at": {},
    "author_association": ["NONE"],
    "body": ["```\nWhat steps will reproduce the problem?\n1. Protege 4.1 64-bit works\n2. Add Skos Editor jar file to Plugins, Protege 4.1 will not launch.\nLog file shows that several java.awt files are marked as (Unknown Source) when \nstarting org.protege.editor.core.ui.util. \nLinkLabel$1.mouseReleased(LijnkLabel.java:68)\nAt this point I have both the Welcome to Protege splash screen.  Each time I \nchoose the ontology that has worked before, it will not launch but the series \nof messages are logged.\n\n3. Uninstalled all my Java and Protege 4.1.  Reinstalled using JVM coming with \nProtege 4.1 download.\n4. Protege 4.1 64-bit works.  Add Skos editor jar file.  Problem repeats.\n5. Remove jar file it works.\n\nNote, on my 32-bit machine it works fine.\n\nWhat is the expected output? What do you see instead?\nExpect to be able to open an ontology.\n\nWhat version of the product are you using? On what operating system?\nWindows 7 - 64-bit\nProtege 4.1 64-bit\nSkos Plugin from your download site\n\nPlease provide any additional information below.\nI hope this helps.\n\n```\n\nOriginal issue reported on code.google.com by `chasteen...@gmail.com` on 3 Dec 2011 at 6:50\n\nAttachments:\n- [P2K41_SkosEdPluginLog.jpg](https://storage.googleapis.com/google-code-attachments/skoseditor/issue-12/comment-0/P2K41_SkosEdPluginLog.jpg)\n"]
  },
  {
    "url": ["https://api.github.com/repos/nikolamilosevic86/skoseditor/issues/11"],
    "repository_url": ["https://api.github.com/repos/nikolamilosevic86/skoseditor"],
    "labels_url": ["https://api.github.com/repos/nikolamilosevic86/skoseditor/issues/11/labels{/name}"],
    "comments_url": ["https://api.github.com/repos/nikolamilosevic86/skoseditor/issues/11/comments"],
    "events_url": ["https://api.github.com/repos/nikolamilosevic86/skoseditor/issues/11/events"],
    "html_url": ["https://github.com/nikolamilosevic86/skoseditor/issues/11"],
    "id": [128788284],
    "node_id": ["MDU6SXNzdWUxMjg3ODgyODQ="],
    "number": [11],
    "title": ["NullPointerException with Protégé 4.2 and SKOSEd-2.0-alpha(build 38)"],
    "user": {
      "login": ["GoogleCodeExporter"],
      "id": [9614759],
      "node_id": ["MDQ6VXNlcjk2MTQ3NTk="],
      "avatar_url": ["https://avatars0.githubusercontent.com/u/9614759?v=4"],
      "gravatar_id": [""],
      "url": ["https://api.github.com/users/GoogleCodeExporter"],
      "html_url": ["https://github.com/GoogleCodeExporter"],
      "followers_url": ["https://api.github.com/users/GoogleCodeExporter/followers"],
      "following_url": ["https://api.github.com/users/GoogleCodeExporter/following{/other_user}"],
      "gists_url": ["https://api.github.com/users/GoogleCodeExporter/gists{/gist_id}"],
      "starred_url": ["https://api.github.com/users/GoogleCodeExporter/starred{/owner}{/repo}"],
      "subscriptions_url": ["https://api.github.com/users/GoogleCodeExporter/subscriptions"],
      "organizations_url": ["https://api.github.com/users/GoogleCodeExporter/orgs"],
      "repos_url": ["https://api.github.com/users/GoogleCodeExporter/repos"],
      "events_url": ["https://api.github.com/users/GoogleCodeExporter/events{/privacy}"],
      "received_events_url": ["https://api.github.com/users/GoogleCodeExporter/received_events"],
      "type": ["User"],
      "site_admin": [false]
    },
    "labels": [
      {
        "id": [316817741],
        "node_id": ["MDU6TGFiZWwzMTY4MTc3NDE="],
        "url": ["https://api.github.com/repos/nikolamilosevic86/skoseditor/labels/Priority-High"],
        "name": ["Priority-High"],
        "color": ["ededed"],
        "default": [false]
      },
      {
        "id": [316817711],
        "node_id": ["MDU6TGFiZWwzMTY4MTc3MTE="],
        "url": ["https://api.github.com/repos/nikolamilosevic86/skoseditor/labels/Type-Defect"],
        "name": ["Type-Defect"],
        "color": ["ededed"],
        "default": [false]
      },
      {
        "id": [316817712],
        "node_id": ["MDU6TGFiZWwzMTY4MTc3MTI="],
        "url": ["https://api.github.com/repos/nikolamilosevic86/skoseditor/labels/auto-migrated"],
        "name": ["auto-migrated"],
        "color": ["ededed"],
        "default": [false]
      }
    ],
    "state": ["open"],
    "locked": [false],
    "assignee": {},
    "assignees": [],
    "milestone": {},
    "comments": [3],
    "created_at": ["2016-01-26T10:48:23Z"],
    "updated_at": ["2016-01-26T10:48:23Z"],
    "closed_at": {},
    "author_association": ["NONE"],
    "body": ["```\nWhat steps will reproduce the problem?\n1. open this RDF:\nhttp://www.archivesdefrance.culture.gouv.fr/thesaurus/data/Matiere?includeScheme\ns=true\n2. add SKOS tab\n3. open SKOS tab\n\nWhat is the expected output? What do you see instead?\nError logged\njava.lang.NullPointerException\n        at org.semanticweb.skosapibinding.SKOSManager.<init>(SKOSManager.java:71)\n        at org.sealife.skos.editor.views.SKOSConceptAssertedHierarchyProvider.<init>(SKOSConceptAssertedHierarchyProvider.java:57)\n        at org.sealife.skos.editor.views.SKOSConceptAssertedHierarchyViewComponent.createProvider(SKOSConceptAssertedHierarchyViewComponent.java:87)\n        at org.sealife.skos.editor.views.AbstractHierarchyViewComponent.initialiseIndividualsView(AbstractHierarchyViewComponent.java:121)\n\n\nWhat version of the product are you using? On what operating system?\nSKOSEd-2.0-alpha(build 38).zip\n\nPlease provide any additional information below.\nProtégé 4.2.0 build 249\n% uname -a\nLinux oem-laptop 3.0.0-12-generic #20-Ubuntu SMP Fri Oct 7 14:56:25 UTC 2011 \nx86_64 x86_64 x86_64 GNU/Linux\n% java -version\njava version \"1.7.0\"\nJava(TM) SE Runtime Environment (build 1.7.0-b147)\nJava HotSpot(TM) 64-Bit Server VM (build 21.0-b17, mixed mode)\n\n```\n\nOriginal issue reported on code.google.com by `jeanmarc.vanel` on 12 Nov 2011 at 9:07\n"]
  },
  {
    "url": ["https://api.github.com/repos/nikolamilosevic86/skoseditor/issues/10"],
    "repository_url": ["https://api.github.com/repos/nikolamilosevic86/skoseditor"],
    "labels_url": ["https://api.github.com/repos/nikolamilosevic86/skoseditor/issues/10/labels{/name}"],
    "comments_url": ["https://api.github.com/repos/nikolamilosevic86/skoseditor/issues/10/comments"],
    "events_url": ["https://api.github.com/repos/nikolamilosevic86/skoseditor/issues/10/events"],
    "html_url": ["https://github.com/nikolamilosevic86/skoseditor/issues/10"],
    "id": [128788281],
    "node_id": ["MDU6SXNzdWUxMjg3ODgyODE="],
    "number": [10],
    "title": ["Startup error after installing SKOSed"],
    "user": {
      "login": ["GoogleCodeExporter"],
      "id": [9614759],
      "node_id": ["MDQ6VXNlcjk2MTQ3NTk="],
      "avatar_url": ["https://avatars0.githubusercontent.com/u/9614759?v=4"],
      "gravatar_id": [""],
      "url": ["https://api.github.com/users/GoogleCodeExporter"],
      "html_url": ["https://github.com/GoogleCodeExporter"],
      "followers_url": ["https://api.github.com/users/GoogleCodeExporter/followers"],
      "following_url": ["https://api.github.com/users/GoogleCodeExporter/following{/other_user}"],
      "gists_url": ["https://api.github.com/users/GoogleCodeExporter/gists{/gist_id}"],
      "starred_url": ["https://api.github.com/users/GoogleCodeExporter/starred{/owner}{/repo}"],
      "subscriptions_url": ["https://api.github.com/users/GoogleCodeExporter/subscriptions"],
      "organizations_url": ["https://api.github.com/users/GoogleCodeExporter/orgs"],
      "repos_url": ["https://api.github.com/users/GoogleCodeExporter/repos"],
      "events_url": ["https://api.github.com/users/GoogleCodeExporter/events{/privacy}"],
      "received_events_url": ["https://api.github.com/users/GoogleCodeExporter/received_events"],
      "type": ["User"],
      "site_admin": [false]
    },
    "labels": [
      {
        "id": [316817710],
        "node_id": ["MDU6TGFiZWwzMTY4MTc3MTA="],
        "url": ["https://api.github.com/repos/nikolamilosevic86/skoseditor/labels/Priority-Medium"],
        "name": ["Priority-Medium"],
        "color": ["ededed"],
        "default": [false]
      },
      {
        "id": [316817711],
        "node_id": ["MDU6TGFiZWwzMTY4MTc3MTE="],
        "url": ["https://api.github.com/repos/nikolamilosevic86/skoseditor/labels/Type-Defect"],
        "name": ["Type-Defect"],
        "color": ["ededed"],
        "default": [false]
      },
      {
        "id": [316817712],
        "node_id": ["MDU6TGFiZWwzMTY4MTc3MTI="],
        "url": ["https://api.github.com/repos/nikolamilosevic86/skoseditor/labels/auto-migrated"],
        "name": ["auto-migrated"],
        "color": ["ededed"],
        "default": [false]
      }
    ],
    "state": ["open"],
    "locked": [false],
    "assignee": {},
    "assignees": [],
    "milestone": {},
    "comments": [1],
    "created_at": ["2016-01-26T10:48:23Z"],
    "updated_at": ["2016-01-26T10:48:23Z"],
    "closed_at": {},
    "author_association": ["NONE"],
    "body": ["```\nafter installing SKOSEd-2.0-alpha(build 38) on Windows XP Protege doesn't start \nup but returns:\n\nError 1 Logged at Mon Sep 26 16:10:36 CEST 2011\nUnsupportedClassVersionError: Bad version number in .class file\n    java.lang.ClassLoader.defineClass1(Native Method)\n    java.lang.ClassLoader.defineClass(Unknown Source)\n    org.apache.felix.framework.ModuleImpl$ModuleClassLoader.findClass(ModuleImpl.java:1872)\n    org.apache.felix.framework.ModuleImpl.findClassOrResourceByDelegation(ModuleImpl.java:758)\n    org.apache.felix.framework.ModuleImpl.access$100(ModuleImpl.java:61)\n    org.apache.felix.framework.ModuleImpl$ModuleClassLoader.loadClass(ModuleImpl.java:1733)\n    java.lang.ClassLoader.loadClass(Unknown Source)\n    org.apache.felix.framework.ModuleImpl.getClassByDelegation(ModuleImpl.java:674)\n    org.apache.felix.framework.Felix.loadBundleClass(Felix.java:1543)\n    org.apache.felix.framework.BundleImpl.loadClass(BundleImpl.java:887)\n    org.protege.editor.core.plugin.PluginUtilities.getExtensionObject(PluginUtilities.java:131)\n    org.protege.editor.core.plugin.ExtensionInstantiator.instantiate(ExtensionInstantiator.java:74)\n    org.protege.editor.core.plugin.AbstractProtegePlugin.newInstance(AbstractProtegePlugin.java:32)\n    org.protege.editor.core.ui.menu.MenuActionPluginJPFImpl.newInstance(MenuActionPluginJPFImpl.java:148)\n    org.protege.editor.core.ui.menu.MenuActionPluginJPFImpl.newInstance(MenuActionPluginJPFImpl.java:31)\n    org.protege.editor.core.ui.menu.MenuBuilder.buildInnerMenu(MenuBuilder.java:139)\n    org.protege.editor.core.ui.menu.MenuBuilder.addMenu(MenuBuilder.java:94)\n    org.protege.editor.core.ui.menu.MenuBuilder.buildCompositeMenu(MenuBuilder.java:114)\n    org.protege.editor.core.ui.menu.MenuBuilder.addMenu(MenuBuilder.java:88)\n    org.protege.editor.core.ui.menu.MenuBuilder.buildMenu(MenuBuilder.java:77)\n    org.protege.editor.core.ui.workspace.WorkspaceFrame.createMenuBar(WorkspaceFrame.java:190)\n    org.protege.editor.core.ui.workspace.WorkspaceFrame.createUI(WorkspaceFrame.java:160)\n    org.protege.editor.core.ui.workspace.WorkspaceFrame.<init>(WorkspaceFrame.java:78)\n    org.protege.editor.core.ui.workspace.WorkspaceManager.addWorkspace(WorkspaceManager.java:37)\n    org.protege.editor.core.editorkit.EditorKitManager.addEditorKit(EditorKitManager.java:46)\n    org.protege.editor.core.ProtegeManager.createAndSetupNewEditorKit(ProtegeManager.java:130)\n    org.protege.editor.core.ProtegeWelcomeFrame$ProtegeWelcomePanel$1.actionPerformed(ProtegeWelcomeFrame.java:122)\n    org.protege.editor.core.ui.util.LinkLabel.activateLink(LinkLabel.java:102)\n    org.protege.editor.core.ui.util.LinkLabel.access$100(LinkLabel.java:30)\n    org.protege.editor.core.ui.util.LinkLabel$1.mouseReleased(LinkLabel.java:68)\n    java.awt.Component.processMouseEvent(Unknown Source)\n    javax.swing.JComponent.processMouseEvent(Unknown Source)\n    java.awt.Component.processEvent(Unknown Source)\n    java.awt.Container.processEvent(Unknown Source)\n    java.awt.Component.dispatchEventImpl(Unknown Source)\n    java.awt.Container.dispatchEventImpl(Unknown Source)\n    java.awt.Component.dispatchEvent(Unknown Source)\n    java.awt.LightweightDispatcher.retargetMouseEvent(Unknown Source)\n    java.awt.LightweightDispatcher.processMouseEvent(Unknown Source)\n    java.awt.LightweightDispatcher.dispatchEvent(Unknown Source)\n    java.awt.Container.dispatchEventImpl(Unknown Source)\n    java.awt.Window.dispatchEventImpl(Unknown Source)\n    java.awt.Component.dispatchEvent(Unknown Source)\n    java.awt.EventQueue.dispatchEvent(Unknown Source)\n    java.awt.EventDispatchThread.pumpOneEventForHierarchy(Unknown Source)\n    java.awt.EventDispatchThread.pumpEventsForHierarchy(Unknown Source)\n    java.awt.EventDispatchThread.pumpEvents(Unknown Source)\n    java.awt.EventDispatchThread.pumpEvents(Unknown Source)\n    java.awt.EventDispatchThread.run(Unknown Source)\n\nUsing the one day older 2.0 version Protege does start up but trying to check  \nthe skos editor tab in the tabs menu produces a comparable error:\n\nError 1 Logged at Mon Sep 26 16:07:28 CEST 2011\nUnsupportedClassVersionError: Bad version number in .class file\n    java.lang.ClassLoader.defineClass1(Native Method)\n    java.lang.ClassLoader.defineClass(Unknown Source)\n    org.apache.felix.framework.ModuleImpl$ModuleClassLoader.findClass(ModuleImpl.java:1872)\n    org.apache.felix.framework.ModuleImpl.findClassOrResourceByDelegation(ModuleImpl.java:758)\n    org.apache.felix.framework.ModuleImpl.access$100(ModuleImpl.java:61)\n    org.apache.felix.framework.ModuleImpl$ModuleClassLoader.loadClass(ModuleImpl.java:1733)\n    java.lang.ClassLoader.loadClass(Unknown Source)\n    org.apache.felix.framework.ModuleImpl.getClassByDelegation(ModuleImpl.java:674)\n    org.apache.felix.framework.Felix.loadBundleClass(Felix.java:1543)\n    org.apache.felix.framework.BundleImpl.loadClass(BundleImpl.java:887)\n    org.protege.editor.core.plugin.PluginUtilities.getExtensionObject(PluginUtilities.java:131)\n    org.protege.editor.core.plugin.ExtensionInstantiator.instantiate(ExtensionInstantiator.java:74)\n    org.protege.editor.core.ui.workspace.WorkspaceTabPluginJPFImpl.newInstance(WorkspaceTabPluginJPFImpl.java:99)\n    org.protege.editor.core.ui.workspace.WorkspaceTabPluginJPFImpl.newInstance(WorkspaceTabPluginJPFImpl.java:30)\n    org.protege.editor.core.ui.workspace.tabs.TabsMenuAction$1.actionPerformed(TabsMenuAction.java:50)\n    javax.swing.AbstractButton.fireActionPerformed(Unknown Source)\n    javax.swing.AbstractButton$Handler.actionPerformed(Unknown Source)\n    javax.swing.DefaultButtonModel.fireActionPerformed(Unknown Source)\n    javax.swing.JToggleButton$ToggleButtonModel.setPressed(Unknown Source)\n    javax.swing.AbstractButton.doClick(Unknown Source)\n    javax.swing.plaf.basic.BasicMenuItemUI.doClick(Unknown Source)\n    javax.swing.plaf.basic.BasicMenuItemUI$Handler.mouseReleased(Unknown Source)\n    java.awt.Component.processMouseEvent(Unknown Source)\n    javax.swing.JComponent.processMouseEvent(Unknown Source)\n    java.awt.Component.processEvent(Unknown Source)\n    java.awt.Container.processEvent(Unknown Source)\n    java.awt.Component.dispatchEventImpl(Unknown Source)\n    java.awt.Container.dispatchEventImpl(Unknown Source)\n    java.awt.Component.dispatchEvent(Unknown Source)\n    java.awt.LightweightDispatcher.retargetMouseEvent(Unknown Source)\n    java.awt.LightweightDispatcher.processMouseEvent(Unknown Source)\n    java.awt.LightweightDispatcher.dispatchEvent(Unknown Source)\n    java.awt.Container.dispatchEventImpl(Unknown Source)\n    java.awt.Window.dispatchEventImpl(Unknown Source)\n    java.awt.Component.dispatchEvent(Unknown Source)\n    java.awt.EventQueue.dispatchEvent(Unknown Source)\n    java.awt.EventDispatchThread.pumpOneEventForHierarchy(Unknown Source)\n    java.awt.EventDispatchThread.pumpEventsForHierarchy(Unknown Source)\n    java.awt.EventDispatchThread.pumpEvents(Unknown Source)\n    java.awt.EventDispatchThread.pumpEvents(Unknown Source)\n    java.awt.EventDispatchThread.run(Unknown Source)\n\nSeems different form issue 9 so I decided to let you know\n\n\n```\n\nOriginal issue reported on code.google.com by `henk.mat...@kb.nl` on 26 Sep 2011 at 2:27\n"]
  },
  {
    "url": ["https://api.github.com/repos/nikolamilosevic86/skoseditor/issues/9"],
    "repository_url": ["https://api.github.com/repos/nikolamilosevic86/skoseditor"],
    "labels_url": ["https://api.github.com/repos/nikolamilosevic86/skoseditor/issues/9/labels{/name}"],
    "comments_url": ["https://api.github.com/repos/nikolamilosevic86/skoseditor/issues/9/comments"],
    "events_url": ["https://api.github.com/repos/nikolamilosevic86/skoseditor/issues/9/events"],
    "html_url": ["https://github.com/nikolamilosevic86/skoseditor/issues/9"],
    "id": [128788278],
    "node_id": ["MDU6SXNzdWUxMjg3ODgyNzg="],
    "number": [9],
    "title": ["Error on startup with 4.1"],
    "user": {
      "login": ["GoogleCodeExporter"],
      "id": [9614759],
      "node_id": ["MDQ6VXNlcjk2MTQ3NTk="],
      "avatar_url": ["https://avatars0.githubusercontent.com/u/9614759?v=4"],
      "gravatar_id": [""],
      "url": ["https://api.github.com/users/GoogleCodeExporter"],
      "html_url": ["https://github.com/GoogleCodeExporter"],
      "followers_url": ["https://api.github.com/users/GoogleCodeExporter/followers"],
      "following_url": ["https://api.github.com/users/GoogleCodeExporter/following{/other_user}"],
      "gists_url": ["https://api.github.com/users/GoogleCodeExporter/gists{/gist_id}"],
      "starred_url": ["https://api.github.com/users/GoogleCodeExporter/starred{/owner}{/repo}"],
      "subscriptions_url": ["https://api.github.com/users/GoogleCodeExporter/subscriptions"],
      "organizations_url": ["https://api.github.com/users/GoogleCodeExporter/orgs"],
      "repos_url": ["https://api.github.com/users/GoogleCodeExporter/repos"],
      "events_url": ["https://api.github.com/users/GoogleCodeExporter/events{/privacy}"],
      "received_events_url": ["https://api.github.com/users/GoogleCodeExporter/received_events"],
      "type": ["User"],
      "site_admin": [false]
    },
    "labels": [
      {
        "id": [316817710],
        "node_id": ["MDU6TGFiZWwzMTY4MTc3MTA="],
        "url": ["https://api.github.com/repos/nikolamilosevic86/skoseditor/labels/Priority-Medium"],
        "name": ["Priority-Medium"],
        "color": ["ededed"],
        "default": [false]
      },
      {
        "id": [316817711],
        "node_id": ["MDU6TGFiZWwzMTY4MTc3MTE="],
        "url": ["https://api.github.com/repos/nikolamilosevic86/skoseditor/labels/Type-Defect"],
        "name": ["Type-Defect"],
        "color": ["ededed"],
        "default": [false]
      },
      {
        "id": [316817712],
        "node_id": ["MDU6TGFiZWwzMTY4MTc3MTI="],
        "url": ["https://api.github.com/repos/nikolamilosevic86/skoseditor/labels/auto-migrated"],
        "name": ["auto-migrated"],
        "color": ["ededed"],
        "default": [false]
      }
    ],
    "state": ["open"],
    "locked": [false],
    "assignee": {},
    "assignees": [],
    "milestone": {},
    "comments": [3],
    "created_at": ["2016-01-26T10:48:22Z"],
    "updated_at": ["2016-01-26T10:48:22Z"],
    "closed_at": {},
    "author_association": ["NONE"],
    "body": ["```\nUsing OSX Lion I get the following error on startup, and no SKOS tab etc.\n\nCould not install plugin in file/directory named plugins/org.sealife.skos.jar\norg.osgi.framework.BundleException: Unable to cache bundle: \nfile:plugins/org.sealife.skos.jar\n    at org.apache.felix.framework.Felix.installBundle(Felix.java:2374)\n    at org.apache.felix.framework.Felix.installBundle(Felix.java:2330)\n    at org.apache.felix.framework.BundleContextImpl.installBundle(BundleContextImpl.java:130)\n    at org.apache.felix.framework.BundleContextImpl.installBundle(BundleContextImpl.java:108)\n    at org.protege.editor.core.BundleManager.installPlugins(BundleManager.java:83)\n    at org.protege.editor.core.BundleManager.loadPlugins(BundleManager.java:40)\n    at org.protege.editor.core.ProtegeApplication.loadPlugins(ProtegeApplication.java:296)\n    at org.protege.editor.core.ProtegeApplication.initApplication(ProtegeApplication.java:174)\n    at org.protege.editor.core.ProtegeApplication.start(ProtegeApplication.java:115)\n    at org.apache.felix.framework.util.SecureAction.startActivator(SecureAction.java:661)\n    at org.apache.felix.framework.Felix.activateBundle(Felix.java:1756)\n    at org.apache.felix.framework.Felix.startBundle(Felix.java:1678)\n    at org.apache.felix.framework.BundleImpl.start(BundleImpl.java:905)\n    at org.apache.felix.framework.BundleImpl.start(BundleImpl.java:892)\n    at org.protege.osgi.framework.Launcher.startBundles(Launcher.java:111)\n    at org.protege.osgi.framework.Launcher.start(Launcher.java:80)\n    at org.protege.osgi.framework.Launcher.main(Launcher.java:143)\n    at sun.reflect.NativeMethodAccessorImpl.invoke0(Native Method)\n    at sun.reflect.NativeMethodAccessorImpl.invoke(NativeMethodAccessorImpl.java:39)\n    at sun.reflect.DelegatingMethodAccessorImpl.invoke(DelegatingMethodAccessorImpl.java:25)\n    at java.lang.reflect.Method.invoke(Method.java:597)\n    at com.zerog.lax.LAX.launch(DashoA10*..)\n    at com.zerog.lax.LAX.main(DashoA10*..)\n    at sun.reflect.NativeMethodAccessorImpl.invoke0(Native Method)\n    at sun.reflect.NativeMethodAccessorImpl.invoke(NativeMethodAccessorImpl.java:39)\n    at sun.reflect.DelegatingMethodAccessorImpl.invoke(DelegatingMethodAccessorImpl.java:25)\n    at java.lang.reflect.Method.invoke(Method.java:597)\n    at apple.launcher.LaunchRunner.run(LaunchRunner.java:116)\n    at apple.launcher.LaunchRunner.callMain(LaunchRunner.java:51)\n    at apple.launcher.JavaApplicationLauncher.launch(JavaApplicationLauncher.java:52)\nCaused by: java.util.zip.ZipException: error in opening zip file\n    at java.util.zip.ZipFile.open(Native Method)\n    at java.util.zip.ZipFile.<init>(ZipFile.java:127)\n    at java.util.jar.JarFile.<init>(JarFile.java:135)\n    at java.util.jar.JarFile.<init>(JarFile.java:114)\n    at org.apache.felix.framework.util.JarFileX.<init>(JarFileX.java:41)\n    at org.apache.felix.framework.util.SecureAction.openJAR(SecureAction.java:611)\n    at org.apache.felix.framework.cache.JarRevision.<init>(JarRevision.java:87)\n    at org.apache.felix.framework.cache.JarRevision.<init>(JarRevision.java:58)\n    at org.apache.felix.framework.cache.BundleArchive.createRevisionFromLocation(BundleArchive.java:1020)\n    at org.apache.felix.framework.cache.BundleArchive.revise(BundleArchive.java:631)\n    at org.apache.felix.framework.cache.BundleArchive.<init>(BundleArchive.java:147)\n    at org.apache.felix.framework.cache.BundleCache.create(BundleCache.java:168)\n    at org.apache.felix.framework.Felix.installBundle(Felix.java:2370)\n```\n\nOriginal issue reported on code.google.com by `chris.sk...@gmail.com` on 13 Sep 2011 at 6:54\n"]
  },
  {
    "url": ["https://api.github.com/repos/nikolamilosevic86/skoseditor/issues/5"],
    "repository_url": ["https://api.github.com/repos/nikolamilosevic86/skoseditor"],
    "labels_url": ["https://api.github.com/repos/nikolamilosevic86/skoseditor/issues/5/labels{/name}"],
    "comments_url": ["https://api.github.com/repos/nikolamilosevic86/skoseditor/issues/5/comments"],
    "events_url": ["https://api.github.com/repos/nikolamilosevic86/skoseditor/issues/5/events"],
    "html_url": ["https://github.com/nikolamilosevic86/skoseditor/issues/5"],
    "id": [128788256],
    "node_id": ["MDU6SXNzdWUxMjg3ODgyNTY="],
    "number": [5],
    "title": ["language localization for prefLabel is lost"],
    "user": {
      "login": ["GoogleCodeExporter"],
      "id": [9614759],
      "node_id": ["MDQ6VXNlcjk2MTQ3NTk="],
      "avatar_url": ["https://avatars0.githubusercontent.com/u/9614759?v=4"],
      "gravatar_id": [""],
      "url": ["https://api.github.com/users/GoogleCodeExporter"],
      "html_url": ["https://github.com/GoogleCodeExporter"],
      "followers_url": ["https://api.github.com/users/GoogleCodeExporter/followers"],
      "following_url": ["https://api.github.com/users/GoogleCodeExporter/following{/other_user}"],
      "gists_url": ["https://api.github.com/users/GoogleCodeExporter/gists{/gist_id}"],
      "starred_url": ["https://api.github.com/users/GoogleCodeExporter/starred{/owner}{/repo}"],
      "subscriptions_url": ["https://api.github.com/users/GoogleCodeExporter/subscriptions"],
      "organizations_url": ["https://api.github.com/users/GoogleCodeExporter/orgs"],
      "repos_url": ["https://api.github.com/users/GoogleCodeExporter/repos"],
      "events_url": ["https://api.github.com/users/GoogleCodeExporter/events{/privacy}"],
      "received_events_url": ["https://api.github.com/users/GoogleCodeExporter/received_events"],
      "type": ["User"],
      "site_admin": [false]
    },
    "labels": [
      {
        "id": [316817710],
        "node_id": ["MDU6TGFiZWwzMTY4MTc3MTA="],
        "url": ["https://api.github.com/repos/nikolamilosevic86/skoseditor/labels/Priority-Medium"],
        "name": ["Priority-Medium"],
        "color": ["ededed"],
        "default": [false]
      },
      {
        "id": [316817711],
        "node_id": ["MDU6TGFiZWwzMTY4MTc3MTE="],
        "url": ["https://api.github.com/repos/nikolamilosevic86/skoseditor/labels/Type-Defect"],
        "name": ["Type-Defect"],
        "color": ["ededed"],
        "default": [false]
      },
      {
        "id": [316817712],
        "node_id": ["MDU6TGFiZWwzMTY4MTc3MTI="],
        "url": ["https://api.github.com/repos/nikolamilosevic86/skoseditor/labels/auto-migrated"],
        "name": ["auto-migrated"],
        "color": ["ededed"],
        "default": [false]
      }
    ],
    "state": ["open"],
    "locked": [false],
    "assignee": {},
    "assignees": [],
    "milestone": {},
    "comments": [3],
    "created_at": ["2016-01-26T10:48:18Z"],
    "updated_at": ["2016-01-26T10:48:18Z"],
    "closed_at": {},
    "author_association": ["NONE"],
    "body": ["```\nWhat steps will reproduce the problem?\n1. load my existing owl file with prefLabels encoded as \n    <skos:prefLabel xml:lang=\"en\">Crystalline carbonate<\/skos:prefLabel>\n    <skos:prefLabel xml:lang=\"fr\">calcaire cristallin<\/skos:prefLabel>\n    <skos:prefLabel xml:lang=\"it\">calcare cristallino<\/skos:prefLabel>\n2. loads fine, languages show up as \"Crystalline carbonate@en\"\n3. save ontology\n4. reopen, language assignments on prefLabel are gone.\n\nWhat is the expected output? What do you see instead?\n@en, @fr, @it should still be there?\n\nWhat version of the product are you using? On what operating system?\nWindows XP, Protege 4.0_113\n\nPlease provide any additional information below.\n\n\n```\n\nOriginal issue reported on code.google.com by `smrTucson@gmail.com` on 17 Jun 2009 at 10:46\n"]
  },
  {
    "url": ["https://api.github.com/repos/nikolamilosevic86/skoseditor/issues/4"],
    "repository_url": ["https://api.github.com/repos/nikolamilosevic86/skoseditor"],
    "labels_url": ["https://api.github.com/repos/nikolamilosevic86/skoseditor/issues/4/labels{/name}"],
    "comments_url": ["https://api.github.com/repos/nikolamilosevic86/skoseditor/issues/4/comments"],
    "events_url": ["https://api.github.com/repos/nikolamilosevic86/skoseditor/issues/4/events"],
    "html_url": ["https://github.com/nikolamilosevic86/skoseditor/issues/4"],
    "id": [128788254],
    "node_id": ["MDU6SXNzdWUxMjg3ODgyNTQ="],
    "number": [4],
    "title": ["skos collection support"],
    "user": {
      "login": ["GoogleCodeExporter"],
      "id": [9614759],
      "node_id": ["MDQ6VXNlcjk2MTQ3NTk="],
      "avatar_url": ["https://avatars0.githubusercontent.com/u/9614759?v=4"],
      "gravatar_id": [""],
      "url": ["https://api.github.com/users/GoogleCodeExporter"],
      "html_url": ["https://github.com/GoogleCodeExporter"],
      "followers_url": ["https://api.github.com/users/GoogleCodeExporter/followers"],
      "following_url": ["https://api.github.com/users/GoogleCodeExporter/following{/other_user}"],
      "gists_url": ["https://api.github.com/users/GoogleCodeExporter/gists{/gist_id}"],
      "starred_url": ["https://api.github.com/users/GoogleCodeExporter/starred{/owner}{/repo}"],
      "subscriptions_url": ["https://api.github.com/users/GoogleCodeExporter/subscriptions"],
      "organizations_url": ["https://api.github.com/users/GoogleCodeExporter/orgs"],
      "repos_url": ["https://api.github.com/users/GoogleCodeExporter/repos"],
      "events_url": ["https://api.github.com/users/GoogleCodeExporter/events{/privacy}"],
      "received_events_url": ["https://api.github.com/users/GoogleCodeExporter/received_events"],
      "type": ["User"],
      "site_admin": [false]
    },
    "labels": [
      {
        "id": [316817710],
        "node_id": ["MDU6TGFiZWwzMTY4MTc3MTA="],
        "url": ["https://api.github.com/repos/nikolamilosevic86/skoseditor/labels/Priority-Medium"],
        "name": ["Priority-Medium"],
        "color": ["ededed"],
        "default": [false]
      },
      {
        "id": [316817711],
        "node_id": ["MDU6TGFiZWwzMTY4MTc3MTE="],
        "url": ["https://api.github.com/repos/nikolamilosevic86/skoseditor/labels/Type-Defect"],
        "name": ["Type-Defect"],
        "color": ["ededed"],
        "default": [false]
      },
      {
        "id": [316817712],
        "node_id": ["MDU6TGFiZWwzMTY4MTc3MTI="],
        "url": ["https://api.github.com/repos/nikolamilosevic86/skoseditor/labels/auto-migrated"],
        "name": ["auto-migrated"],
        "color": ["ededed"],
        "default": [false]
      }
    ],
    "state": ["open"],
    "locked": [false],
    "assignee": {},
    "assignees": [],
    "milestone": {},
    "comments": [1],
    "created_at": ["2016-01-26T10:48:17Z"],
    "updated_at": ["2016-01-26T10:48:17Z"],
    "closed_at": {},
    "author_association": ["NONE"],
    "body": ["```\nin the skos spec, it mentions collections\n(http://www.w3.org/TR/skos-primer/#seccollections)\n\nIs there anyway to represent these in the editor?\n\nTerry Rankine\n```\n\nOriginal issue reported on code.google.com by `terry.ra...@gmail.com` on 26 Nov 2008 at 2:00\n"]
  }
]
