[
  {
    "id": [77956501],
    "node_id": ["MDEwOlJlcG9zaXRvcnk3Nzk1NjUwMQ=="],
    "name": ["schumann"],
    "full_name": ["nikolamilosevic86/schumann"],
    "private": [false],
    "owner": {
      "login": ["nikolamilosevic86"],
      "id": [5192295],
      "node_id": ["MDQ6VXNlcjUxOTIyOTU="],
      "avatar_url": ["https://avatars0.githubusercontent.com/u/5192295?v=4"],
      "gravatar_id": [""],
      "url": ["https://api.github.com/users/nikolamilosevic86"],
      "html_url": ["https://github.com/nikolamilosevic86"],
      "followers_url": ["https://api.github.com/users/nikolamilosevic86/followers"],
      "following_url": ["https://api.github.com/users/nikolamilosevic86/following{/other_user}"],
      "gists_url": ["https://api.github.com/users/nikolamilosevic86/gists{/gist_id}"],
      "starred_url": ["https://api.github.com/users/nikolamilosevic86/starred{/owner}{/repo}"],
      "subscriptions_url": ["https://api.github.com/users/nikolamilosevic86/subscriptions"],
      "organizations_url": ["https://api.github.com/users/nikolamilosevic86/orgs"],
      "repos_url": ["https://api.github.com/users/nikolamilosevic86/repos"],
      "events_url": ["https://api.github.com/users/nikolamilosevic86/events{/privacy}"],
      "received_events_url": ["https://api.github.com/users/nikolamilosevic86/received_events"],
      "type": ["User"],
      "site_admin": [false]
    },
    "html_url": ["https://github.com/nikolamilosevic86/schumann"],
    "description": ["schumaNN"],
    "fork": [true],
    "url": ["https://api.github.com/repos/nikolamilosevic86/schumann"],
    "forks_url": ["https://api.github.com/repos/nikolamilosevic86/schumann/forks"],
    "keys_url": ["https://api.github.com/repos/nikolamilosevic86/schumann/keys{/key_id}"],
    "collaborators_url": ["https://api.github.com/repos/nikolamilosevic86/schumann/collaborators{/collaborator}"],
    "teams_url": ["https://api.github.com/repos/nikolamilosevic86/schumann/teams"],
    "hooks_url": ["https://api.github.com/repos/nikolamilosevic86/schumann/hooks"],
    "issue_events_url": ["https://api.github.com/repos/nikolamilosevic86/schumann/issues/events{/number}"],
    "events_url": ["https://api.github.com/repos/nikolamilosevic86/schumann/events"],
    "assignees_url": ["https://api.github.com/repos/nikolamilosevic86/schumann/assignees{/user}"],
    "branches_url": ["https://api.github.com/repos/nikolamilosevic86/schumann/branches{/branch}"],
    "tags_url": ["https://api.github.com/repos/nikolamilosevic86/schumann/tags"],
    "blobs_url": ["https://api.github.com/repos/nikolamilosevic86/schumann/git/blobs{/sha}"],
    "git_tags_url": ["https://api.github.com/repos/nikolamilosevic86/schumann/git/tags{/sha}"],
    "git_refs_url": ["https://api.github.com/repos/nikolamilosevic86/schumann/git/refs{/sha}"],
    "trees_url": ["https://api.github.com/repos/nikolamilosevic86/schumann/git/trees{/sha}"],
    "statuses_url": ["https://api.github.com/repos/nikolamilosevic86/schumann/statuses/{sha}"],
    "languages_url": ["https://api.github.com/repos/nikolamilosevic86/schumann/languages"],
    "stargazers_url": ["https://api.github.com/repos/nikolamilosevic86/schumann/stargazers"],
    "contributors_url": ["https://api.github.com/repos/nikolamilosevic86/schumann/contributors"],
    "subscribers_url": ["https://api.github.com/repos/nikolamilosevic86/schumann/subscribers"],
    "subscription_url": ["https://api.github.com/repos/nikolamilosevic86/schumann/subscription"],
    "commits_url": ["https://api.github.com/repos/nikolamilosevic86/schumann/commits{/sha}"],
    "git_commits_url": ["https://api.github.com/repos/nikolamilosevic86/schumann/git/commits{/sha}"],
    "comments_url": ["https://api.github.com/repos/nikolamilosevic86/schumann/comments{/number}"],
    "issue_comment_url": ["https://api.github.com/repos/nikolamilosevic86/schumann/issues/comments{/number}"],
    "contents_url": ["https://api.github.com/repos/nikolamilosevic86/schumann/contents/{+path}"],
    "compare_url": ["https://api.github.com/repos/nikolamilosevic86/schumann/compare/{base}...{head}"],
    "merges_url": ["https://api.github.com/repos/nikolamilosevic86/schumann/merges"],
    "archive_url": ["https://api.github.com/repos/nikolamilosevic86/schumann/{archive_format}{/ref}"],
    "downloads_url": ["https://api.github.com/repos/nikolamilosevic86/schumann/downloads"],
    "issues_url": ["https://api.github.com/repos/nikolamilosevic86/schumann/issues{/number}"],
    "pulls_url": ["https://api.github.com/repos/nikolamilosevic86/schumann/pulls{/number}"],
    "milestones_url": ["https://api.github.com/repos/nikolamilosevic86/schumann/milestones{/number}"],
    "notifications_url": ["https://api.github.com/repos/nikolamilosevic86/schumann/notifications{?since,all,participating}"],
    "labels_url": ["https://api.github.com/repos/nikolamilosevic86/schumann/labels{/name}"],
    "releases_url": ["https://api.github.com/repos/nikolamilosevic86/schumann/releases{/id}"],
    "deployments_url": ["https://api.github.com/repos/nikolamilosevic86/schumann/deployments"],
    "created_at": ["2017-01-03T21:51:14Z"],
    "updated_at": ["2017-01-03T21:51:17Z"],
    "pushed_at": ["2016-12-04T10:22:47Z"],
    "git_url": ["git://github.com/nikolamilosevic86/schumann.git"],
    "ssh_url": ["git@github.com:nikolamilosevic86/schumann.git"],
    "clone_url": ["https://github.com/nikolamilosevic86/schumann.git"],
    "svn_url": ["https://github.com/nikolamilosevic86/schumann"],
    "homepage": [""],
    "size": [47],
    "stargazers_count": [0],
    "watchers_count": [0],
    "language": ["Python"],
    "has_issues": [false],
    "has_projects": [true],
    "has_downloads": [true],
    "has_wiki": [true],
    "has_pages": [false],
    "forks_count": [0],
    "mirror_url": {},
    "archived": [false],
    "disabled": [false],
    "open_issues_count": [0],
    "license": {},
    "forks": [0],
    "open_issues": [0],
    "watchers": [0],
    "default_branch": ["master"],
    "permissions": {
      "admin": [false],
      "push": [false],
      "pull": [true]
    }
  }
]
