[
  {
    "id": [32025208],
    "node_id": ["MDEwOlJlcG9zaXRvcnkzMjAyNTIwOA=="],
    "name": ["SimpleWebSurvey"],
    "full_name": ["nikolamilosevic86/SimpleWebSurvey"],
    "private": [false],
    "owner": {
      "login": ["nikolamilosevic86"],
      "id": [5192295],
      "node_id": ["MDQ6VXNlcjUxOTIyOTU="],
      "avatar_url": ["https://avatars0.githubusercontent.com/u/5192295?v=4"],
      "gravatar_id": [""],
      "url": ["https://api.github.com/users/nikolamilosevic86"],
      "html_url": ["https://github.com/nikolamilosevic86"],
      "followers_url": ["https://api.github.com/users/nikolamilosevic86/followers"],
      "following_url": ["https://api.github.com/users/nikolamilosevic86/following{/other_user}"],
      "gists_url": ["https://api.github.com/users/nikolamilosevic86/gists{/gist_id}"],
      "starred_url": ["https://api.github.com/users/nikolamilosevic86/starred{/owner}{/repo}"],
      "subscriptions_url": ["https://api.github.com/users/nikolamilosevic86/subscriptions"],
      "organizations_url": ["https://api.github.com/users/nikolamilosevic86/orgs"],
      "repos_url": ["https://api.github.com/users/nikolamilosevic86/repos"],
      "events_url": ["https://api.github.com/users/nikolamilosevic86/events{/privacy}"],
      "received_events_url": ["https://api.github.com/users/nikolamilosevic86/received_events"],
      "type": ["User"],
      "site_admin": [false]
    },
    "html_url": ["https://github.com/nikolamilosevic86/SimpleWebSurvey"],
    "description": ["Simple survey app in PHP and MySQL"],
    "fork": [false],
    "url": ["https://api.github.com/repos/nikolamilosevic86/SimpleWebSurvey"],
    "forks_url": ["https://api.github.com/repos/nikolamilosevic86/SimpleWebSurvey/forks"],
    "keys_url": ["https://api.github.com/repos/nikolamilosevic86/SimpleWebSurvey/keys{/key_id}"],
    "collaborators_url": ["https://api.github.com/repos/nikolamilosevic86/SimpleWebSurvey/collaborators{/collaborator}"],
    "teams_url": ["https://api.github.com/repos/nikolamilosevic86/SimpleWebSurvey/teams"],
    "hooks_url": ["https://api.github.com/repos/nikolamilosevic86/SimpleWebSurvey/hooks"],
    "issue_events_url": ["https://api.github.com/repos/nikolamilosevic86/SimpleWebSurvey/issues/events{/number}"],
    "events_url": ["https://api.github.com/repos/nikolamilosevic86/SimpleWebSurvey/events"],
    "assignees_url": ["https://api.github.com/repos/nikolamilosevic86/SimpleWebSurvey/assignees{/user}"],
    "branches_url": ["https://api.github.com/repos/nikolamilosevic86/SimpleWebSurvey/branches{/branch}"],
    "tags_url": ["https://api.github.com/repos/nikolamilosevic86/SimpleWebSurvey/tags"],
    "blobs_url": ["https://api.github.com/repos/nikolamilosevic86/SimpleWebSurvey/git/blobs{/sha}"],
    "git_tags_url": ["https://api.github.com/repos/nikolamilosevic86/SimpleWebSurvey/git/tags{/sha}"],
    "git_refs_url": ["https://api.github.com/repos/nikolamilosevic86/SimpleWebSurvey/git/refs{/sha}"],
    "trees_url": ["https://api.github.com/repos/nikolamilosevic86/SimpleWebSurvey/git/trees{/sha}"],
    "statuses_url": ["https://api.github.com/repos/nikolamilosevic86/SimpleWebSurvey/statuses/{sha}"],
    "languages_url": ["https://api.github.com/repos/nikolamilosevic86/SimpleWebSurvey/languages"],
    "stargazers_url": ["https://api.github.com/repos/nikolamilosevic86/SimpleWebSurvey/stargazers"],
    "contributors_url": ["https://api.github.com/repos/nikolamilosevic86/SimpleWebSurvey/contributors"],
    "subscribers_url": ["https://api.github.com/repos/nikolamilosevic86/SimpleWebSurvey/subscribers"],
    "subscription_url": ["https://api.github.com/repos/nikolamilosevic86/SimpleWebSurvey/subscription"],
    "commits_url": ["https://api.github.com/repos/nikolamilosevic86/SimpleWebSurvey/commits{/sha}"],
    "git_commits_url": ["https://api.github.com/repos/nikolamilosevic86/SimpleWebSurvey/git/commits{/sha}"],
    "comments_url": ["https://api.github.com/repos/nikolamilosevic86/SimpleWebSurvey/comments{/number}"],
    "issue_comment_url": ["https://api.github.com/repos/nikolamilosevic86/SimpleWebSurvey/issues/comments{/number}"],
    "contents_url": ["https://api.github.com/repos/nikolamilosevic86/SimpleWebSurvey/contents/{+path}"],
    "compare_url": ["https://api.github.com/repos/nikolamilosevic86/SimpleWebSurvey/compare/{base}...{head}"],
    "merges_url": ["https://api.github.com/repos/nikolamilosevic86/SimpleWebSurvey/merges"],
    "archive_url": ["https://api.github.com/repos/nikolamilosevic86/SimpleWebSurvey/{archive_format}{/ref}"],
    "downloads_url": ["https://api.github.com/repos/nikolamilosevic86/SimpleWebSurvey/downloads"],
    "issues_url": ["https://api.github.com/repos/nikolamilosevic86/SimpleWebSurvey/issues{/number}"],
    "pulls_url": ["https://api.github.com/repos/nikolamilosevic86/SimpleWebSurvey/pulls{/number}"],
    "milestones_url": ["https://api.github.com/repos/nikolamilosevic86/SimpleWebSurvey/milestones{/number}"],
    "notifications_url": ["https://api.github.com/repos/nikolamilosevic86/SimpleWebSurvey/notifications{?since,all,participating}"],
    "labels_url": ["https://api.github.com/repos/nikolamilosevic86/SimpleWebSurvey/labels{/name}"],
    "releases_url": ["https://api.github.com/repos/nikolamilosevic86/SimpleWebSurvey/releases{/id}"],
    "deployments_url": ["https://api.github.com/repos/nikolamilosevic86/SimpleWebSurvey/deployments"],
    "created_at": ["2015-03-11T15:26:45Z"],
    "updated_at": ["2015-03-11T16:34:33Z"],
    "pushed_at": ["2015-03-11T16:34:31Z"],
    "git_url": ["git://github.com/nikolamilosevic86/SimpleWebSurvey.git"],
    "ssh_url": ["git@github.com:nikolamilosevic86/SimpleWebSurvey.git"],
    "clone_url": ["https://github.com/nikolamilosevic86/SimpleWebSurvey.git"],
    "svn_url": ["https://github.com/nikolamilosevic86/SimpleWebSurvey"],
    "homepage": {},
    "size": [152],
    "stargazers_count": [0],
    "watchers_count": [0],
    "language": ["PHP"],
    "has_issues": [true],
    "has_projects": [true],
    "has_downloads": [true],
    "has_wiki": [true],
    "has_pages": [false],
    "forks_count": [0],
    "mirror_url": {},
    "archived": [false],
    "disabled": [false],
    "open_issues_count": [0],
    "license": {
      "key": ["gpl-3.0"],
      "name": ["GNU General Public License v3.0"],
      "spdx_id": ["GPL-3.0"],
      "url": ["https://api.github.com/licenses/gpl-3.0"],
      "node_id": ["MDc6TGljZW5zZTk="]
    },
    "forks": [0],
    "open_issues": [0],
    "watchers": [0],
    "default_branch": ["master"],
    "permissions": {
      "admin": [false],
      "push": [false],
      "pull": [true]
    }
  }
]
