[
  {
    "id": [35049814],
    "node_id": ["MDEwOlJlcG9zaXRvcnkzNTA0OTgxNA=="],
    "name": ["SerbianComparisonExtractor"],
    "full_name": ["nikolamilosevic86/SerbianComparisonExtractor"],
    "private": [false],
    "owner": {
      "login": ["nikolamilosevic86"],
      "id": [5192295],
      "node_id": ["MDQ6VXNlcjUxOTIyOTU="],
      "avatar_url": ["https://avatars0.githubusercontent.com/u/5192295?v=4"],
      "gravatar_id": [""],
      "url": ["https://api.github.com/users/nikolamilosevic86"],
      "html_url": ["https://github.com/nikolamilosevic86"],
      "followers_url": ["https://api.github.com/users/nikolamilosevic86/followers"],
      "following_url": ["https://api.github.com/users/nikolamilosevic86/following{/other_user}"],
      "gists_url": ["https://api.github.com/users/nikolamilosevic86/gists{/gist_id}"],
      "starred_url": ["https://api.github.com/users/nikolamilosevic86/starred{/owner}{/repo}"],
      "subscriptions_url": ["https://api.github.com/users/nikolamilosevic86/subscriptions"],
      "organizations_url": ["https://api.github.com/users/nikolamilosevic86/orgs"],
      "repos_url": ["https://api.github.com/users/nikolamilosevic86/repos"],
      "events_url": ["https://api.github.com/users/nikolamilosevic86/events{/privacy}"],
      "received_events_url": ["https://api.github.com/users/nikolamilosevic86/received_events"],
      "type": ["User"],
      "site_admin": [false]
    },
    "html_url": ["https://github.com/nikolamilosevic86/SerbianComparisonExtractor"],
    "description": ["Program that extracts from files similes (comparisons as a metaphor) in Serbian language (i.e. \"lep kao cvet\",\"transparentan kao Palma\")"],
    "fork": [false],
    "url": ["https://api.github.com/repos/nikolamilosevic86/SerbianComparisonExtractor"],
    "forks_url": ["https://api.github.com/repos/nikolamilosevic86/SerbianComparisonExtractor/forks"],
    "keys_url": ["https://api.github.com/repos/nikolamilosevic86/SerbianComparisonExtractor/keys{/key_id}"],
    "collaborators_url": ["https://api.github.com/repos/nikolamilosevic86/SerbianComparisonExtractor/collaborators{/collaborator}"],
    "teams_url": ["https://api.github.com/repos/nikolamilosevic86/SerbianComparisonExtractor/teams"],
    "hooks_url": ["https://api.github.com/repos/nikolamilosevic86/SerbianComparisonExtractor/hooks"],
    "issue_events_url": ["https://api.github.com/repos/nikolamilosevic86/SerbianComparisonExtractor/issues/events{/number}"],
    "events_url": ["https://api.github.com/repos/nikolamilosevic86/SerbianComparisonExtractor/events"],
    "assignees_url": ["https://api.github.com/repos/nikolamilosevic86/SerbianComparisonExtractor/assignees{/user}"],
    "branches_url": ["https://api.github.com/repos/nikolamilosevic86/SerbianComparisonExtractor/branches{/branch}"],
    "tags_url": ["https://api.github.com/repos/nikolamilosevic86/SerbianComparisonExtractor/tags"],
    "blobs_url": ["https://api.github.com/repos/nikolamilosevic86/SerbianComparisonExtractor/git/blobs{/sha}"],
    "git_tags_url": ["https://api.github.com/repos/nikolamilosevic86/SerbianComparisonExtractor/git/tags{/sha}"],
    "git_refs_url": ["https://api.github.com/repos/nikolamilosevic86/SerbianComparisonExtractor/git/refs{/sha}"],
    "trees_url": ["https://api.github.com/repos/nikolamilosevic86/SerbianComparisonExtractor/git/trees{/sha}"],
    "statuses_url": ["https://api.github.com/repos/nikolamilosevic86/SerbianComparisonExtractor/statuses/{sha}"],
    "languages_url": ["https://api.github.com/repos/nikolamilosevic86/SerbianComparisonExtractor/languages"],
    "stargazers_url": ["https://api.github.com/repos/nikolamilosevic86/SerbianComparisonExtractor/stargazers"],
    "contributors_url": ["https://api.github.com/repos/nikolamilosevic86/SerbianComparisonExtractor/contributors"],
    "subscribers_url": ["https://api.github.com/repos/nikolamilosevic86/SerbianComparisonExtractor/subscribers"],
    "subscription_url": ["https://api.github.com/repos/nikolamilosevic86/SerbianComparisonExtractor/subscription"],
    "commits_url": ["https://api.github.com/repos/nikolamilosevic86/SerbianComparisonExtractor/commits{/sha}"],
    "git_commits_url": ["https://api.github.com/repos/nikolamilosevic86/SerbianComparisonExtractor/git/commits{/sha}"],
    "comments_url": ["https://api.github.com/repos/nikolamilosevic86/SerbianComparisonExtractor/comments{/number}"],
    "issue_comment_url": ["https://api.github.com/repos/nikolamilosevic86/SerbianComparisonExtractor/issues/comments{/number}"],
    "contents_url": ["https://api.github.com/repos/nikolamilosevic86/SerbianComparisonExtractor/contents/{+path}"],
    "compare_url": ["https://api.github.com/repos/nikolamilosevic86/SerbianComparisonExtractor/compare/{base}...{head}"],
    "merges_url": ["https://api.github.com/repos/nikolamilosevic86/SerbianComparisonExtractor/merges"],
    "archive_url": ["https://api.github.com/repos/nikolamilosevic86/SerbianComparisonExtractor/{archive_format}{/ref}"],
    "downloads_url": ["https://api.github.com/repos/nikolamilosevic86/SerbianComparisonExtractor/downloads"],
    "issues_url": ["https://api.github.com/repos/nikolamilosevic86/SerbianComparisonExtractor/issues{/number}"],
    "pulls_url": ["https://api.github.com/repos/nikolamilosevic86/SerbianComparisonExtractor/pulls{/number}"],
    "milestones_url": ["https://api.github.com/repos/nikolamilosevic86/SerbianComparisonExtractor/milestones{/number}"],
    "notifications_url": ["https://api.github.com/repos/nikolamilosevic86/SerbianComparisonExtractor/notifications{?since,all,participating}"],
    "labels_url": ["https://api.github.com/repos/nikolamilosevic86/SerbianComparisonExtractor/labels{/name}"],
    "releases_url": ["https://api.github.com/repos/nikolamilosevic86/SerbianComparisonExtractor/releases{/id}"],
    "deployments_url": ["https://api.github.com/repos/nikolamilosevic86/SerbianComparisonExtractor/deployments"],
    "created_at": ["2015-05-04T17:46:52Z"],
    "updated_at": ["2015-06-10T13:33:48Z"],
    "pushed_at": ["2015-06-20T14:39:27Z"],
    "git_url": ["git://github.com/nikolamilosevic86/SerbianComparisonExtractor.git"],
    "ssh_url": ["git@github.com:nikolamilosevic86/SerbianComparisonExtractor.git"],
    "clone_url": ["https://github.com/nikolamilosevic86/SerbianComparisonExtractor.git"],
    "svn_url": ["https://github.com/nikolamilosevic86/SerbianComparisonExtractor"],
    "homepage": [""],
    "size": [2472],
    "stargazers_count": [0],
    "watchers_count": [0],
    "language": ["C++"],
    "has_issues": [true],
    "has_projects": [true],
    "has_downloads": [true],
    "has_wiki": [true],
    "has_pages": [false],
    "forks_count": [0],
    "mirror_url": {},
    "archived": [false],
    "disabled": [false],
    "open_issues_count": [0],
    "license": {},
    "forks": [0],
    "open_issues": [0],
    "watchers": [0],
    "default_branch": ["master"],
    "permissions": {
      "admin": [false],
      "push": [false],
      "pull": [true]
    }
  }
]
