[
  {
    "id": [45261462],
    "node_id": ["MDEwOlJlcG9zaXRvcnk0NTI2MTQ2Mg=="],
    "name": ["TableToDB"],
    "full_name": ["nikolamilosevic86/TableToDB"],
    "private": [false],
    "owner": {
      "login": ["nikolamilosevic86"],
      "id": [5192295],
      "node_id": ["MDQ6VXNlcjUxOTIyOTU="],
      "avatar_url": ["https://avatars0.githubusercontent.com/u/5192295?v=4"],
      "gravatar_id": [""],
      "url": ["https://api.github.com/users/nikolamilosevic86"],
      "html_url": ["https://github.com/nikolamilosevic86"],
      "followers_url": ["https://api.github.com/users/nikolamilosevic86/followers"],
      "following_url": ["https://api.github.com/users/nikolamilosevic86/following{/other_user}"],
      "gists_url": ["https://api.github.com/users/nikolamilosevic86/gists{/gist_id}"],
      "starred_url": ["https://api.github.com/users/nikolamilosevic86/starred{/owner}{/repo}"],
      "subscriptions_url": ["https://api.github.com/users/nikolamilosevic86/subscriptions"],
      "organizations_url": ["https://api.github.com/users/nikolamilosevic86/orgs"],
      "repos_url": ["https://api.github.com/users/nikolamilosevic86/repos"],
      "events_url": ["https://api.github.com/users/nikolamilosevic86/events{/privacy}"],
      "received_events_url": ["https://api.github.com/users/nikolamilosevic86/received_events"],
      "type": ["User"],
      "site_admin": [false]
    },
    "html_url": ["https://github.com/nikolamilosevic86/TableToDB"],
    "description": {},
    "fork": [false],
    "url": ["https://api.github.com/repos/nikolamilosevic86/TableToDB"],
    "forks_url": ["https://api.github.com/repos/nikolamilosevic86/TableToDB/forks"],
    "keys_url": ["https://api.github.com/repos/nikolamilosevic86/TableToDB/keys{/key_id}"],
    "collaborators_url": ["https://api.github.com/repos/nikolamilosevic86/TableToDB/collaborators{/collaborator}"],
    "teams_url": ["https://api.github.com/repos/nikolamilosevic86/TableToDB/teams"],
    "hooks_url": ["https://api.github.com/repos/nikolamilosevic86/TableToDB/hooks"],
    "issue_events_url": ["https://api.github.com/repos/nikolamilosevic86/TableToDB/issues/events{/number}"],
    "events_url": ["https://api.github.com/repos/nikolamilosevic86/TableToDB/events"],
    "assignees_url": ["https://api.github.com/repos/nikolamilosevic86/TableToDB/assignees{/user}"],
    "branches_url": ["https://api.github.com/repos/nikolamilosevic86/TableToDB/branches{/branch}"],
    "tags_url": ["https://api.github.com/repos/nikolamilosevic86/TableToDB/tags"],
    "blobs_url": ["https://api.github.com/repos/nikolamilosevic86/TableToDB/git/blobs{/sha}"],
    "git_tags_url": ["https://api.github.com/repos/nikolamilosevic86/TableToDB/git/tags{/sha}"],
    "git_refs_url": ["https://api.github.com/repos/nikolamilosevic86/TableToDB/git/refs{/sha}"],
    "trees_url": ["https://api.github.com/repos/nikolamilosevic86/TableToDB/git/trees{/sha}"],
    "statuses_url": ["https://api.github.com/repos/nikolamilosevic86/TableToDB/statuses/{sha}"],
    "languages_url": ["https://api.github.com/repos/nikolamilosevic86/TableToDB/languages"],
    "stargazers_url": ["https://api.github.com/repos/nikolamilosevic86/TableToDB/stargazers"],
    "contributors_url": ["https://api.github.com/repos/nikolamilosevic86/TableToDB/contributors"],
    "subscribers_url": ["https://api.github.com/repos/nikolamilosevic86/TableToDB/subscribers"],
    "subscription_url": ["https://api.github.com/repos/nikolamilosevic86/TableToDB/subscription"],
    "commits_url": ["https://api.github.com/repos/nikolamilosevic86/TableToDB/commits{/sha}"],
    "git_commits_url": ["https://api.github.com/repos/nikolamilosevic86/TableToDB/git/commits{/sha}"],
    "comments_url": ["https://api.github.com/repos/nikolamilosevic86/TableToDB/comments{/number}"],
    "issue_comment_url": ["https://api.github.com/repos/nikolamilosevic86/TableToDB/issues/comments{/number}"],
    "contents_url": ["https://api.github.com/repos/nikolamilosevic86/TableToDB/contents/{+path}"],
    "compare_url": ["https://api.github.com/repos/nikolamilosevic86/TableToDB/compare/{base}...{head}"],
    "merges_url": ["https://api.github.com/repos/nikolamilosevic86/TableToDB/merges"],
    "archive_url": ["https://api.github.com/repos/nikolamilosevic86/TableToDB/{archive_format}{/ref}"],
    "downloads_url": ["https://api.github.com/repos/nikolamilosevic86/TableToDB/downloads"],
    "issues_url": ["https://api.github.com/repos/nikolamilosevic86/TableToDB/issues{/number}"],
    "pulls_url": ["https://api.github.com/repos/nikolamilosevic86/TableToDB/pulls{/number}"],
    "milestones_url": ["https://api.github.com/repos/nikolamilosevic86/TableToDB/milestones{/number}"],
    "notifications_url": ["https://api.github.com/repos/nikolamilosevic86/TableToDB/notifications{?since,all,participating}"],
    "labels_url": ["https://api.github.com/repos/nikolamilosevic86/TableToDB/labels{/name}"],
    "releases_url": ["https://api.github.com/repos/nikolamilosevic86/TableToDB/releases{/id}"],
    "deployments_url": ["https://api.github.com/repos/nikolamilosevic86/TableToDB/deployments"],
    "created_at": ["2015-10-30T16:02:30Z"],
    "updated_at": ["2015-10-30T16:15:44Z"],
    "pushed_at": ["2015-10-30T16:39:08Z"],
    "git_url": ["git://github.com/nikolamilosevic86/TableToDB.git"],
    "ssh_url": ["git@github.com:nikolamilosevic86/TableToDB.git"],
    "clone_url": ["https://github.com/nikolamilosevic86/TableToDB.git"],
    "svn_url": ["https://github.com/nikolamilosevic86/TableToDB"],
    "homepage": {},
    "size": [180],
    "stargazers_count": [0],
    "watchers_count": [0],
    "language": ["Java"],
    "has_issues": [true],
    "has_projects": [true],
    "has_downloads": [true],
    "has_wiki": [true],
    "has_pages": [false],
    "forks_count": [0],
    "mirror_url": {},
    "archived": [false],
    "disabled": [false],
    "open_issues_count": [0],
    "license": {
      "key": ["gpl-2.0"],
      "name": ["GNU General Public License v2.0"],
      "spdx_id": ["GPL-2.0"],
      "url": ["https://api.github.com/licenses/gpl-2.0"],
      "node_id": ["MDc6TGljZW5zZTg="]
    },
    "forks": [0],
    "open_issues": [0],
    "watchers": [0],
    "default_branch": ["master"],
    "permissions": {
      "admin": [false],
      "push": [false],
      "pull": [true]
    }
  }
]
