[
  {
    "id": [22101954],
    "node_id": ["MDEwOlJlcG9zaXRvcnkyMjEwMTk1NA=="],
    "name": ["MedCurator"],
    "full_name": ["nikolamilosevic86/MedCurator"],
    "private": [false],
    "owner": {
      "login": ["nikolamilosevic86"],
      "id": [5192295],
      "node_id": ["MDQ6VXNlcjUxOTIyOTU="],
      "avatar_url": ["https://avatars0.githubusercontent.com/u/5192295?v=4"],
      "gravatar_id": [""],
      "url": ["https://api.github.com/users/nikolamilosevic86"],
      "html_url": ["https://github.com/nikolamilosevic86"],
      "followers_url": ["https://api.github.com/users/nikolamilosevic86/followers"],
      "following_url": ["https://api.github.com/users/nikolamilosevic86/following{/other_user}"],
      "gists_url": ["https://api.github.com/users/nikolamilosevic86/gists{/gist_id}"],
      "starred_url": ["https://api.github.com/users/nikolamilosevic86/starred{/owner}{/repo}"],
      "subscriptions_url": ["https://api.github.com/users/nikolamilosevic86/subscriptions"],
      "organizations_url": ["https://api.github.com/users/nikolamilosevic86/orgs"],
      "repos_url": ["https://api.github.com/users/nikolamilosevic86/repos"],
      "events_url": ["https://api.github.com/users/nikolamilosevic86/events{/privacy}"],
      "received_events_url": ["https://api.github.com/users/nikolamilosevic86/received_events"],
      "type": ["User"],
      "site_admin": [false]
    },
    "html_url": ["https://github.com/nikolamilosevic86/MedCurator"],
    "description": {},
    "fork": [false],
    "url": ["https://api.github.com/repos/nikolamilosevic86/MedCurator"],
    "forks_url": ["https://api.github.com/repos/nikolamilosevic86/MedCurator/forks"],
    "keys_url": ["https://api.github.com/repos/nikolamilosevic86/MedCurator/keys{/key_id}"],
    "collaborators_url": ["https://api.github.com/repos/nikolamilosevic86/MedCurator/collaborators{/collaborator}"],
    "teams_url": ["https://api.github.com/repos/nikolamilosevic86/MedCurator/teams"],
    "hooks_url": ["https://api.github.com/repos/nikolamilosevic86/MedCurator/hooks"],
    "issue_events_url": ["https://api.github.com/repos/nikolamilosevic86/MedCurator/issues/events{/number}"],
    "events_url": ["https://api.github.com/repos/nikolamilosevic86/MedCurator/events"],
    "assignees_url": ["https://api.github.com/repos/nikolamilosevic86/MedCurator/assignees{/user}"],
    "branches_url": ["https://api.github.com/repos/nikolamilosevic86/MedCurator/branches{/branch}"],
    "tags_url": ["https://api.github.com/repos/nikolamilosevic86/MedCurator/tags"],
    "blobs_url": ["https://api.github.com/repos/nikolamilosevic86/MedCurator/git/blobs{/sha}"],
    "git_tags_url": ["https://api.github.com/repos/nikolamilosevic86/MedCurator/git/tags{/sha}"],
    "git_refs_url": ["https://api.github.com/repos/nikolamilosevic86/MedCurator/git/refs{/sha}"],
    "trees_url": ["https://api.github.com/repos/nikolamilosevic86/MedCurator/git/trees{/sha}"],
    "statuses_url": ["https://api.github.com/repos/nikolamilosevic86/MedCurator/statuses/{sha}"],
    "languages_url": ["https://api.github.com/repos/nikolamilosevic86/MedCurator/languages"],
    "stargazers_url": ["https://api.github.com/repos/nikolamilosevic86/MedCurator/stargazers"],
    "contributors_url": ["https://api.github.com/repos/nikolamilosevic86/MedCurator/contributors"],
    "subscribers_url": ["https://api.github.com/repos/nikolamilosevic86/MedCurator/subscribers"],
    "subscription_url": ["https://api.github.com/repos/nikolamilosevic86/MedCurator/subscription"],
    "commits_url": ["https://api.github.com/repos/nikolamilosevic86/MedCurator/commits{/sha}"],
    "git_commits_url": ["https://api.github.com/repos/nikolamilosevic86/MedCurator/git/commits{/sha}"],
    "comments_url": ["https://api.github.com/repos/nikolamilosevic86/MedCurator/comments{/number}"],
    "issue_comment_url": ["https://api.github.com/repos/nikolamilosevic86/MedCurator/issues/comments{/number}"],
    "contents_url": ["https://api.github.com/repos/nikolamilosevic86/MedCurator/contents/{+path}"],
    "compare_url": ["https://api.github.com/repos/nikolamilosevic86/MedCurator/compare/{base}...{head}"],
    "merges_url": ["https://api.github.com/repos/nikolamilosevic86/MedCurator/merges"],
    "archive_url": ["https://api.github.com/repos/nikolamilosevic86/MedCurator/{archive_format}{/ref}"],
    "downloads_url": ["https://api.github.com/repos/nikolamilosevic86/MedCurator/downloads"],
    "issues_url": ["https://api.github.com/repos/nikolamilosevic86/MedCurator/issues{/number}"],
    "pulls_url": ["https://api.github.com/repos/nikolamilosevic86/MedCurator/pulls{/number}"],
    "milestones_url": ["https://api.github.com/repos/nikolamilosevic86/MedCurator/milestones{/number}"],
    "notifications_url": ["https://api.github.com/repos/nikolamilosevic86/MedCurator/notifications{?since,all,participating}"],
    "labels_url": ["https://api.github.com/repos/nikolamilosevic86/MedCurator/labels{/name}"],
    "releases_url": ["https://api.github.com/repos/nikolamilosevic86/MedCurator/releases{/id}"],
    "deployments_url": ["https://api.github.com/repos/nikolamilosevic86/MedCurator/deployments"],
    "created_at": ["2014-07-22T11:47:59Z"],
    "updated_at": ["2015-03-11T16:28:14Z"],
    "pushed_at": ["2015-03-11T16:28:13Z"],
    "git_url": ["git://github.com/nikolamilosevic86/MedCurator.git"],
    "ssh_url": ["git@github.com:nikolamilosevic86/MedCurator.git"],
    "clone_url": ["https://github.com/nikolamilosevic86/MedCurator.git"],
    "svn_url": ["https://github.com/nikolamilosevic86/MedCurator"],
    "homepage": {},
    "size": [1552],
    "stargazers_count": [0],
    "watchers_count": [0],
    "language": ["Java"],
    "has_issues": [true],
    "has_projects": [true],
    "has_downloads": [true],
    "has_wiki": [true],
    "has_pages": [false],
    "forks_count": [0],
    "mirror_url": {},
    "archived": [false],
    "disabled": [false],
    "open_issues_count": [0],
    "license": {
      "key": ["gpl-3.0"],
      "name": ["GNU General Public License v3.0"],
      "spdx_id": ["GPL-3.0"],
      "url": ["https://api.github.com/licenses/gpl-3.0"],
      "node_id": ["MDc6TGljZW5zZTk="]
    },
    "forks": [0],
    "open_issues": [0],
    "watchers": [0],
    "default_branch": ["master"],
    "permissions": {
      "admin": [false],
      "push": [false],
      "pull": [true]
    }
  }
]
