[
  {
    "id": [121274126],
    "node_id": ["MDEwOlJlcG9zaXRvcnkxMjEyNzQxMjY="],
    "name": ["NERo"],
    "full_name": ["nikolamilosevic86/NERo"],
    "private": [false],
    "owner": {
      "login": ["nikolamilosevic86"],
      "id": [5192295],
      "node_id": ["MDQ6VXNlcjUxOTIyOTU="],
      "avatar_url": ["https://avatars0.githubusercontent.com/u/5192295?v=4"],
      "gravatar_id": [""],
      "url": ["https://api.github.com/users/nikolamilosevic86"],
      "html_url": ["https://github.com/nikolamilosevic86"],
      "followers_url": ["https://api.github.com/users/nikolamilosevic86/followers"],
      "following_url": ["https://api.github.com/users/nikolamilosevic86/following{/other_user}"],
      "gists_url": ["https://api.github.com/users/nikolamilosevic86/gists{/gist_id}"],
      "starred_url": ["https://api.github.com/users/nikolamilosevic86/starred{/owner}{/repo}"],
      "subscriptions_url": ["https://api.github.com/users/nikolamilosevic86/subscriptions"],
      "organizations_url": ["https://api.github.com/users/nikolamilosevic86/orgs"],
      "repos_url": ["https://api.github.com/users/nikolamilosevic86/repos"],
      "events_url": ["https://api.github.com/users/nikolamilosevic86/events{/privacy}"],
      "received_events_url": ["https://api.github.com/users/nikolamilosevic86/received_events"],
      "type": ["User"],
      "site_admin": [false]
    },
    "html_url": ["https://github.com/nikolamilosevic86/NERo"],
    "description": ["Named entity recognition framework"],
    "fork": [false],
    "url": ["https://api.github.com/repos/nikolamilosevic86/NERo"],
    "forks_url": ["https://api.github.com/repos/nikolamilosevic86/NERo/forks"],
    "keys_url": ["https://api.github.com/repos/nikolamilosevic86/NERo/keys{/key_id}"],
    "collaborators_url": ["https://api.github.com/repos/nikolamilosevic86/NERo/collaborators{/collaborator}"],
    "teams_url": ["https://api.github.com/repos/nikolamilosevic86/NERo/teams"],
    "hooks_url": ["https://api.github.com/repos/nikolamilosevic86/NERo/hooks"],
    "issue_events_url": ["https://api.github.com/repos/nikolamilosevic86/NERo/issues/events{/number}"],
    "events_url": ["https://api.github.com/repos/nikolamilosevic86/NERo/events"],
    "assignees_url": ["https://api.github.com/repos/nikolamilosevic86/NERo/assignees{/user}"],
    "branches_url": ["https://api.github.com/repos/nikolamilosevic86/NERo/branches{/branch}"],
    "tags_url": ["https://api.github.com/repos/nikolamilosevic86/NERo/tags"],
    "blobs_url": ["https://api.github.com/repos/nikolamilosevic86/NERo/git/blobs{/sha}"],
    "git_tags_url": ["https://api.github.com/repos/nikolamilosevic86/NERo/git/tags{/sha}"],
    "git_refs_url": ["https://api.github.com/repos/nikolamilosevic86/NERo/git/refs{/sha}"],
    "trees_url": ["https://api.github.com/repos/nikolamilosevic86/NERo/git/trees{/sha}"],
    "statuses_url": ["https://api.github.com/repos/nikolamilosevic86/NERo/statuses/{sha}"],
    "languages_url": ["https://api.github.com/repos/nikolamilosevic86/NERo/languages"],
    "stargazers_url": ["https://api.github.com/repos/nikolamilosevic86/NERo/stargazers"],
    "contributors_url": ["https://api.github.com/repos/nikolamilosevic86/NERo/contributors"],
    "subscribers_url": ["https://api.github.com/repos/nikolamilosevic86/NERo/subscribers"],
    "subscription_url": ["https://api.github.com/repos/nikolamilosevic86/NERo/subscription"],
    "commits_url": ["https://api.github.com/repos/nikolamilosevic86/NERo/commits{/sha}"],
    "git_commits_url": ["https://api.github.com/repos/nikolamilosevic86/NERo/git/commits{/sha}"],
    "comments_url": ["https://api.github.com/repos/nikolamilosevic86/NERo/comments{/number}"],
    "issue_comment_url": ["https://api.github.com/repos/nikolamilosevic86/NERo/issues/comments{/number}"],
    "contents_url": ["https://api.github.com/repos/nikolamilosevic86/NERo/contents/{+path}"],
    "compare_url": ["https://api.github.com/repos/nikolamilosevic86/NERo/compare/{base}...{head}"],
    "merges_url": ["https://api.github.com/repos/nikolamilosevic86/NERo/merges"],
    "archive_url": ["https://api.github.com/repos/nikolamilosevic86/NERo/{archive_format}{/ref}"],
    "downloads_url": ["https://api.github.com/repos/nikolamilosevic86/NERo/downloads"],
    "issues_url": ["https://api.github.com/repos/nikolamilosevic86/NERo/issues{/number}"],
    "pulls_url": ["https://api.github.com/repos/nikolamilosevic86/NERo/pulls{/number}"],
    "milestones_url": ["https://api.github.com/repos/nikolamilosevic86/NERo/milestones{/number}"],
    "notifications_url": ["https://api.github.com/repos/nikolamilosevic86/NERo/notifications{?since,all,participating}"],
    "labels_url": ["https://api.github.com/repos/nikolamilosevic86/NERo/labels{/name}"],
    "releases_url": ["https://api.github.com/repos/nikolamilosevic86/NERo/releases{/id}"],
    "deployments_url": ["https://api.github.com/repos/nikolamilosevic86/NERo/deployments"],
    "created_at": ["2018-02-12T16:50:48Z"],
    "updated_at": ["2019-04-03T10:05:31Z"],
    "pushed_at": ["2019-04-03T10:05:30Z"],
    "git_url": ["git://github.com/nikolamilosevic86/NERo.git"],
    "ssh_url": ["git@github.com:nikolamilosevic86/NERo.git"],
    "clone_url": ["https://github.com/nikolamilosevic86/NERo.git"],
    "svn_url": ["https://github.com/nikolamilosevic86/NERo"],
    "homepage": {},
    "size": [8156],
    "stargazers_count": [2],
    "watchers_count": [2],
    "language": ["Python"],
    "has_issues": [true],
    "has_projects": [true],
    "has_downloads": [true],
    "has_wiki": [true],
    "has_pages": [false],
    "forks_count": [0],
    "mirror_url": {},
    "archived": [false],
    "disabled": [false],
    "open_issues_count": [0],
    "license": {
      "key": ["gpl-3.0"],
      "name": ["GNU General Public License v3.0"],
      "spdx_id": ["GPL-3.0"],
      "url": ["https://api.github.com/licenses/gpl-3.0"],
      "node_id": ["MDc6TGljZW5zZTk="]
    },
    "forks": [0],
    "open_issues": [0],
    "watchers": [2],
    "default_branch": ["master"],
    "permissions": {
      "admin": [false],
      "push": [false],
      "pull": [true]
    }
  }
]
