[
  {
    "id": [135707888],
    "node_id": ["MDEwOlJlcG9zaXRvcnkxMzU3MDc4ODg="],
    "name": ["christie-deid"],
    "full_name": ["nikolamilosevic86/christie-deid"],
    "private": [false],
    "owner": {
      "login": ["nikolamilosevic86"],
      "id": [5192295],
      "node_id": ["MDQ6VXNlcjUxOTIyOTU="],
      "avatar_url": ["https://avatars0.githubusercontent.com/u/5192295?v=4"],
      "gravatar_id": [""],
      "url": ["https://api.github.com/users/nikolamilosevic86"],
      "html_url": ["https://github.com/nikolamilosevic86"],
      "followers_url": ["https://api.github.com/users/nikolamilosevic86/followers"],
      "following_url": ["https://api.github.com/users/nikolamilosevic86/following{/other_user}"],
      "gists_url": ["https://api.github.com/users/nikolamilosevic86/gists{/gist_id}"],
      "starred_url": ["https://api.github.com/users/nikolamilosevic86/starred{/owner}{/repo}"],
      "subscriptions_url": ["https://api.github.com/users/nikolamilosevic86/subscriptions"],
      "organizations_url": ["https://api.github.com/users/nikolamilosevic86/orgs"],
      "repos_url": ["https://api.github.com/users/nikolamilosevic86/repos"],
      "events_url": ["https://api.github.com/users/nikolamilosevic86/events{/privacy}"],
      "received_events_url": ["https://api.github.com/users/nikolamilosevic86/received_events"],
      "type": ["User"],
      "site_admin": [false]
    },
    "html_url": ["https://github.com/nikolamilosevic86/christie-deid"],
    "description": ["A de-identification algorithm to remove personal identifiable information from free text clinical narratives."],
    "fork": [true],
    "url": ["https://api.github.com/repos/nikolamilosevic86/christie-deid"],
    "forks_url": ["https://api.github.com/repos/nikolamilosevic86/christie-deid/forks"],
    "keys_url": ["https://api.github.com/repos/nikolamilosevic86/christie-deid/keys{/key_id}"],
    "collaborators_url": ["https://api.github.com/repos/nikolamilosevic86/christie-deid/collaborators{/collaborator}"],
    "teams_url": ["https://api.github.com/repos/nikolamilosevic86/christie-deid/teams"],
    "hooks_url": ["https://api.github.com/repos/nikolamilosevic86/christie-deid/hooks"],
    "issue_events_url": ["https://api.github.com/repos/nikolamilosevic86/christie-deid/issues/events{/number}"],
    "events_url": ["https://api.github.com/repos/nikolamilosevic86/christie-deid/events"],
    "assignees_url": ["https://api.github.com/repos/nikolamilosevic86/christie-deid/assignees{/user}"],
    "branches_url": ["https://api.github.com/repos/nikolamilosevic86/christie-deid/branches{/branch}"],
    "tags_url": ["https://api.github.com/repos/nikolamilosevic86/christie-deid/tags"],
    "blobs_url": ["https://api.github.com/repos/nikolamilosevic86/christie-deid/git/blobs{/sha}"],
    "git_tags_url": ["https://api.github.com/repos/nikolamilosevic86/christie-deid/git/tags{/sha}"],
    "git_refs_url": ["https://api.github.com/repos/nikolamilosevic86/christie-deid/git/refs{/sha}"],
    "trees_url": ["https://api.github.com/repos/nikolamilosevic86/christie-deid/git/trees{/sha}"],
    "statuses_url": ["https://api.github.com/repos/nikolamilosevic86/christie-deid/statuses/{sha}"],
    "languages_url": ["https://api.github.com/repos/nikolamilosevic86/christie-deid/languages"],
    "stargazers_url": ["https://api.github.com/repos/nikolamilosevic86/christie-deid/stargazers"],
    "contributors_url": ["https://api.github.com/repos/nikolamilosevic86/christie-deid/contributors"],
    "subscribers_url": ["https://api.github.com/repos/nikolamilosevic86/christie-deid/subscribers"],
    "subscription_url": ["https://api.github.com/repos/nikolamilosevic86/christie-deid/subscription"],
    "commits_url": ["https://api.github.com/repos/nikolamilosevic86/christie-deid/commits{/sha}"],
    "git_commits_url": ["https://api.github.com/repos/nikolamilosevic86/christie-deid/git/commits{/sha}"],
    "comments_url": ["https://api.github.com/repos/nikolamilosevic86/christie-deid/comments{/number}"],
    "issue_comment_url": ["https://api.github.com/repos/nikolamilosevic86/christie-deid/issues/comments{/number}"],
    "contents_url": ["https://api.github.com/repos/nikolamilosevic86/christie-deid/contents/{+path}"],
    "compare_url": ["https://api.github.com/repos/nikolamilosevic86/christie-deid/compare/{base}...{head}"],
    "merges_url": ["https://api.github.com/repos/nikolamilosevic86/christie-deid/merges"],
    "archive_url": ["https://api.github.com/repos/nikolamilosevic86/christie-deid/{archive_format}{/ref}"],
    "downloads_url": ["https://api.github.com/repos/nikolamilosevic86/christie-deid/downloads"],
    "issues_url": ["https://api.github.com/repos/nikolamilosevic86/christie-deid/issues{/number}"],
    "pulls_url": ["https://api.github.com/repos/nikolamilosevic86/christie-deid/pulls{/number}"],
    "milestones_url": ["https://api.github.com/repos/nikolamilosevic86/christie-deid/milestones{/number}"],
    "notifications_url": ["https://api.github.com/repos/nikolamilosevic86/christie-deid/notifications{?since,all,participating}"],
    "labels_url": ["https://api.github.com/repos/nikolamilosevic86/christie-deid/labels{/name}"],
    "releases_url": ["https://api.github.com/repos/nikolamilosevic86/christie-deid/releases{/id}"],
    "deployments_url": ["https://api.github.com/repos/nikolamilosevic86/christie-deid/deployments"],
    "created_at": ["2018-06-01T11:09:29Z"],
    "updated_at": ["2018-06-01T11:09:31Z"],
    "pushed_at": ["2018-06-01T11:09:56Z"],
    "git_url": ["git://github.com/nikolamilosevic86/christie-deid.git"],
    "ssh_url": ["git@github.com:nikolamilosevic86/christie-deid.git"],
    "clone_url": ["https://github.com/nikolamilosevic86/christie-deid.git"],
    "svn_url": ["https://github.com/nikolamilosevic86/christie-deid"],
    "homepage": {},
    "size": [699],
    "stargazers_count": [0],
    "watchers_count": [0],
    "language": ["Java"],
    "has_issues": [false],
    "has_projects": [true],
    "has_downloads": [true],
    "has_wiki": [true],
    "has_pages": [false],
    "forks_count": [1],
    "mirror_url": {},
    "archived": [false],
    "disabled": [false],
    "open_issues_count": [0],
    "license": {
      "key": ["apache-2.0"],
      "name": ["Apache License 2.0"],
      "spdx_id": ["Apache-2.0"],
      "url": ["https://api.github.com/licenses/apache-2.0"],
      "node_id": ["MDc6TGljZW5zZTI="]
    },
    "forks": [1],
    "open_issues": [0],
    "watchers": [0],
    "default_branch": ["master"],
    "permissions": {
      "admin": [false],
      "push": [false],
      "pull": [true]
    }
  }
]
