[
  {
    "id": [90764092],
    "node_id": ["MDEwOlJlcG9zaXRvcnk5MDc2NDA5Mg=="],
    "name": ["PMC2Database"],
    "full_name": ["nikolamilosevic86/PMC2Database"],
    "private": [false],
    "owner": {
      "login": ["nikolamilosevic86"],
      "id": [5192295],
      "node_id": ["MDQ6VXNlcjUxOTIyOTU="],
      "avatar_url": ["https://avatars0.githubusercontent.com/u/5192295?v=4"],
      "gravatar_id": [""],
      "url": ["https://api.github.com/users/nikolamilosevic86"],
      "html_url": ["https://github.com/nikolamilosevic86"],
      "followers_url": ["https://api.github.com/users/nikolamilosevic86/followers"],
      "following_url": ["https://api.github.com/users/nikolamilosevic86/following{/other_user}"],
      "gists_url": ["https://api.github.com/users/nikolamilosevic86/gists{/gist_id}"],
      "starred_url": ["https://api.github.com/users/nikolamilosevic86/starred{/owner}{/repo}"],
      "subscriptions_url": ["https://api.github.com/users/nikolamilosevic86/subscriptions"],
      "organizations_url": ["https://api.github.com/users/nikolamilosevic86/orgs"],
      "repos_url": ["https://api.github.com/users/nikolamilosevic86/repos"],
      "events_url": ["https://api.github.com/users/nikolamilosevic86/events{/privacy}"],
      "received_events_url": ["https://api.github.com/users/nikolamilosevic86/received_events"],
      "type": ["User"],
      "site_admin": [false]
    },
    "html_url": ["https://github.com/nikolamilosevic86/PMC2Database"],
    "description": ["Puts PMC documents (XML) into the database with metadata (title, PMCid,PMid, abstact, journal name, publication year...)"],
    "fork": [false],
    "url": ["https://api.github.com/repos/nikolamilosevic86/PMC2Database"],
    "forks_url": ["https://api.github.com/repos/nikolamilosevic86/PMC2Database/forks"],
    "keys_url": ["https://api.github.com/repos/nikolamilosevic86/PMC2Database/keys{/key_id}"],
    "collaborators_url": ["https://api.github.com/repos/nikolamilosevic86/PMC2Database/collaborators{/collaborator}"],
    "teams_url": ["https://api.github.com/repos/nikolamilosevic86/PMC2Database/teams"],
    "hooks_url": ["https://api.github.com/repos/nikolamilosevic86/PMC2Database/hooks"],
    "issue_events_url": ["https://api.github.com/repos/nikolamilosevic86/PMC2Database/issues/events{/number}"],
    "events_url": ["https://api.github.com/repos/nikolamilosevic86/PMC2Database/events"],
    "assignees_url": ["https://api.github.com/repos/nikolamilosevic86/PMC2Database/assignees{/user}"],
    "branches_url": ["https://api.github.com/repos/nikolamilosevic86/PMC2Database/branches{/branch}"],
    "tags_url": ["https://api.github.com/repos/nikolamilosevic86/PMC2Database/tags"],
    "blobs_url": ["https://api.github.com/repos/nikolamilosevic86/PMC2Database/git/blobs{/sha}"],
    "git_tags_url": ["https://api.github.com/repos/nikolamilosevic86/PMC2Database/git/tags{/sha}"],
    "git_refs_url": ["https://api.github.com/repos/nikolamilosevic86/PMC2Database/git/refs{/sha}"],
    "trees_url": ["https://api.github.com/repos/nikolamilosevic86/PMC2Database/git/trees{/sha}"],
    "statuses_url": ["https://api.github.com/repos/nikolamilosevic86/PMC2Database/statuses/{sha}"],
    "languages_url": ["https://api.github.com/repos/nikolamilosevic86/PMC2Database/languages"],
    "stargazers_url": ["https://api.github.com/repos/nikolamilosevic86/PMC2Database/stargazers"],
    "contributors_url": ["https://api.github.com/repos/nikolamilosevic86/PMC2Database/contributors"],
    "subscribers_url": ["https://api.github.com/repos/nikolamilosevic86/PMC2Database/subscribers"],
    "subscription_url": ["https://api.github.com/repos/nikolamilosevic86/PMC2Database/subscription"],
    "commits_url": ["https://api.github.com/repos/nikolamilosevic86/PMC2Database/commits{/sha}"],
    "git_commits_url": ["https://api.github.com/repos/nikolamilosevic86/PMC2Database/git/commits{/sha}"],
    "comments_url": ["https://api.github.com/repos/nikolamilosevic86/PMC2Database/comments{/number}"],
    "issue_comment_url": ["https://api.github.com/repos/nikolamilosevic86/PMC2Database/issues/comments{/number}"],
    "contents_url": ["https://api.github.com/repos/nikolamilosevic86/PMC2Database/contents/{+path}"],
    "compare_url": ["https://api.github.com/repos/nikolamilosevic86/PMC2Database/compare/{base}...{head}"],
    "merges_url": ["https://api.github.com/repos/nikolamilosevic86/PMC2Database/merges"],
    "archive_url": ["https://api.github.com/repos/nikolamilosevic86/PMC2Database/{archive_format}{/ref}"],
    "downloads_url": ["https://api.github.com/repos/nikolamilosevic86/PMC2Database/downloads"],
    "issues_url": ["https://api.github.com/repos/nikolamilosevic86/PMC2Database/issues{/number}"],
    "pulls_url": ["https://api.github.com/repos/nikolamilosevic86/PMC2Database/pulls{/number}"],
    "milestones_url": ["https://api.github.com/repos/nikolamilosevic86/PMC2Database/milestones{/number}"],
    "notifications_url": ["https://api.github.com/repos/nikolamilosevic86/PMC2Database/notifications{?since,all,participating}"],
    "labels_url": ["https://api.github.com/repos/nikolamilosevic86/PMC2Database/labels{/name}"],
    "releases_url": ["https://api.github.com/repos/nikolamilosevic86/PMC2Database/releases{/id}"],
    "deployments_url": ["https://api.github.com/repos/nikolamilosevic86/PMC2Database/deployments"],
    "created_at": ["2017-05-09T15:47:34Z"],
    "updated_at": ["2017-05-09T16:03:25Z"],
    "pushed_at": ["2017-05-12T15:58:36Z"],
    "git_url": ["git://github.com/nikolamilosevic86/PMC2Database.git"],
    "ssh_url": ["git@github.com:nikolamilosevic86/PMC2Database.git"],
    "clone_url": ["https://github.com/nikolamilosevic86/PMC2Database.git"],
    "svn_url": ["https://github.com/nikolamilosevic86/PMC2Database"],
    "homepage": {},
    "size": [579],
    "stargazers_count": [0],
    "watchers_count": [0],
    "language": ["Java"],
    "has_issues": [true],
    "has_projects": [true],
    "has_downloads": [true],
    "has_wiki": [true],
    "has_pages": [false],
    "forks_count": [1],
    "mirror_url": {},
    "archived": [false],
    "disabled": [false],
    "open_issues_count": [0],
    "license": {
      "key": ["gpl-3.0"],
      "name": ["GNU General Public License v3.0"],
      "spdx_id": ["GPL-3.0"],
      "url": ["https://api.github.com/licenses/gpl-3.0"],
      "node_id": ["MDc6TGljZW5zZTk="]
    },
    "forks": [1],
    "open_issues": [0],
    "watchers": [0],
    "default_branch": ["master"],
    "permissions": {
      "admin": [false],
      "push": [false],
      "pull": [true]
    }
  }
]
