[
  {
    "id": [36808326],
    "node_id": ["MDEwOlJlcG9zaXRvcnkzNjgwODMyNg=="],
    "name": ["Marvin"],
    "full_name": ["nikolamilosevic86/Marvin"],
    "private": [false],
    "owner": {
      "login": ["nikolamilosevic86"],
      "id": [5192295],
      "node_id": ["MDQ6VXNlcjUxOTIyOTU="],
      "avatar_url": ["https://avatars0.githubusercontent.com/u/5192295?v=4"],
      "gravatar_id": [""],
      "url": ["https://api.github.com/users/nikolamilosevic86"],
      "html_url": ["https://github.com/nikolamilosevic86"],
      "followers_url": ["https://api.github.com/users/nikolamilosevic86/followers"],
      "following_url": ["https://api.github.com/users/nikolamilosevic86/following{/other_user}"],
      "gists_url": ["https://api.github.com/users/nikolamilosevic86/gists{/gist_id}"],
      "starred_url": ["https://api.github.com/users/nikolamilosevic86/starred{/owner}{/repo}"],
      "subscriptions_url": ["https://api.github.com/users/nikolamilosevic86/subscriptions"],
      "organizations_url": ["https://api.github.com/users/nikolamilosevic86/orgs"],
      "repos_url": ["https://api.github.com/users/nikolamilosevic86/repos"],
      "events_url": ["https://api.github.com/users/nikolamilosevic86/events{/privacy}"],
      "received_events_url": ["https://api.github.com/users/nikolamilosevic86/received_events"],
      "type": ["User"],
      "site_admin": [false]
    },
    "html_url": ["https://github.com/nikolamilosevic86/Marvin"],
    "description": ["Semantic text annotation tools using Wordnet and DBPedia"],
    "fork": [false],
    "url": ["https://api.github.com/repos/nikolamilosevic86/Marvin"],
    "forks_url": ["https://api.github.com/repos/nikolamilosevic86/Marvin/forks"],
    "keys_url": ["https://api.github.com/repos/nikolamilosevic86/Marvin/keys{/key_id}"],
    "collaborators_url": ["https://api.github.com/repos/nikolamilosevic86/Marvin/collaborators{/collaborator}"],
    "teams_url": ["https://api.github.com/repos/nikolamilosevic86/Marvin/teams"],
    "hooks_url": ["https://api.github.com/repos/nikolamilosevic86/Marvin/hooks"],
    "issue_events_url": ["https://api.github.com/repos/nikolamilosevic86/Marvin/issues/events{/number}"],
    "events_url": ["https://api.github.com/repos/nikolamilosevic86/Marvin/events"],
    "assignees_url": ["https://api.github.com/repos/nikolamilosevic86/Marvin/assignees{/user}"],
    "branches_url": ["https://api.github.com/repos/nikolamilosevic86/Marvin/branches{/branch}"],
    "tags_url": ["https://api.github.com/repos/nikolamilosevic86/Marvin/tags"],
    "blobs_url": ["https://api.github.com/repos/nikolamilosevic86/Marvin/git/blobs{/sha}"],
    "git_tags_url": ["https://api.github.com/repos/nikolamilosevic86/Marvin/git/tags{/sha}"],
    "git_refs_url": ["https://api.github.com/repos/nikolamilosevic86/Marvin/git/refs{/sha}"],
    "trees_url": ["https://api.github.com/repos/nikolamilosevic86/Marvin/git/trees{/sha}"],
    "statuses_url": ["https://api.github.com/repos/nikolamilosevic86/Marvin/statuses/{sha}"],
    "languages_url": ["https://api.github.com/repos/nikolamilosevic86/Marvin/languages"],
    "stargazers_url": ["https://api.github.com/repos/nikolamilosevic86/Marvin/stargazers"],
    "contributors_url": ["https://api.github.com/repos/nikolamilosevic86/Marvin/contributors"],
    "subscribers_url": ["https://api.github.com/repos/nikolamilosevic86/Marvin/subscribers"],
    "subscription_url": ["https://api.github.com/repos/nikolamilosevic86/Marvin/subscription"],
    "commits_url": ["https://api.github.com/repos/nikolamilosevic86/Marvin/commits{/sha}"],
    "git_commits_url": ["https://api.github.com/repos/nikolamilosevic86/Marvin/git/commits{/sha}"],
    "comments_url": ["https://api.github.com/repos/nikolamilosevic86/Marvin/comments{/number}"],
    "issue_comment_url": ["https://api.github.com/repos/nikolamilosevic86/Marvin/issues/comments{/number}"],
    "contents_url": ["https://api.github.com/repos/nikolamilosevic86/Marvin/contents/{+path}"],
    "compare_url": ["https://api.github.com/repos/nikolamilosevic86/Marvin/compare/{base}...{head}"],
    "merges_url": ["https://api.github.com/repos/nikolamilosevic86/Marvin/merges"],
    "archive_url": ["https://api.github.com/repos/nikolamilosevic86/Marvin/{archive_format}{/ref}"],
    "downloads_url": ["https://api.github.com/repos/nikolamilosevic86/Marvin/downloads"],
    "issues_url": ["https://api.github.com/repos/nikolamilosevic86/Marvin/issues{/number}"],
    "pulls_url": ["https://api.github.com/repos/nikolamilosevic86/Marvin/pulls{/number}"],
    "milestones_url": ["https://api.github.com/repos/nikolamilosevic86/Marvin/milestones{/number}"],
    "notifications_url": ["https://api.github.com/repos/nikolamilosevic86/Marvin/notifications{?since,all,participating}"],
    "labels_url": ["https://api.github.com/repos/nikolamilosevic86/Marvin/labels{/name}"],
    "releases_url": ["https://api.github.com/repos/nikolamilosevic86/Marvin/releases{/id}"],
    "deployments_url": ["https://api.github.com/repos/nikolamilosevic86/Marvin/deployments"],
    "created_at": ["2015-06-03T14:16:51Z"],
    "updated_at": ["2019-01-29T11:03:59Z"],
    "pushed_at": ["2017-12-14T12:49:40Z"],
    "git_url": ["git://github.com/nikolamilosevic86/Marvin.git"],
    "ssh_url": ["git@github.com:nikolamilosevic86/Marvin.git"],
    "clone_url": ["https://github.com/nikolamilosevic86/Marvin.git"],
    "svn_url": ["https://github.com/nikolamilosevic86/Marvin"],
    "homepage": [" http://nikolamilosevic86.github.io/Marvin"],
    "size": [21737],
    "stargazers_count": [11],
    "watchers_count": [11],
    "language": ["Java"],
    "has_issues": [true],
    "has_projects": [true],
    "has_downloads": [true],
    "has_wiki": [true],
    "has_pages": [true],
    "forks_count": [6],
    "mirror_url": {},
    "archived": [false],
    "disabled": [false],
    "open_issues_count": [0],
    "license": {
      "key": ["lgpl-3.0"],
      "name": ["GNU Lesser General Public License v3.0"],
      "spdx_id": ["LGPL-3.0"],
      "url": ["https://api.github.com/licenses/lgpl-3.0"],
      "node_id": ["MDc6TGljZW5zZTEy"]
    },
    "forks": [6],
    "open_issues": [0],
    "watchers": [11],
    "default_branch": ["master"],
    "permissions": {
      "admin": [false],
      "push": [false],
      "pull": [true]
    }
  }
]
