[
  {
    "id": [69263032],
    "node_id": ["MDEwOlJlcG9zaXRvcnk2OTI2MzAzMg=="],
    "name": ["eCitizen"],
    "full_name": ["nikolamilosevic86/eCitizen"],
    "private": [false],
    "owner": {
      "login": ["nikolamilosevic86"],
      "id": [5192295],
      "node_id": ["MDQ6VXNlcjUxOTIyOTU="],
      "avatar_url": ["https://avatars0.githubusercontent.com/u/5192295?v=4"],
      "gravatar_id": [""],
      "url": ["https://api.github.com/users/nikolamilosevic86"],
      "html_url": ["https://github.com/nikolamilosevic86"],
      "followers_url": ["https://api.github.com/users/nikolamilosevic86/followers"],
      "following_url": ["https://api.github.com/users/nikolamilosevic86/following{/other_user}"],
      "gists_url": ["https://api.github.com/users/nikolamilosevic86/gists{/gist_id}"],
      "starred_url": ["https://api.github.com/users/nikolamilosevic86/starred{/owner}{/repo}"],
      "subscriptions_url": ["https://api.github.com/users/nikolamilosevic86/subscriptions"],
      "organizations_url": ["https://api.github.com/users/nikolamilosevic86/orgs"],
      "repos_url": ["https://api.github.com/users/nikolamilosevic86/repos"],
      "events_url": ["https://api.github.com/users/nikolamilosevic86/events{/privacy}"],
      "received_events_url": ["https://api.github.com/users/nikolamilosevic86/received_events"],
      "type": ["User"],
      "site_admin": [false]
    },
    "html_url": ["https://github.com/nikolamilosevic86/eCitizen"],
    "description": ["eCitizen project"],
    "fork": [true],
    "url": ["https://api.github.com/repos/nikolamilosevic86/eCitizen"],
    "forks_url": ["https://api.github.com/repos/nikolamilosevic86/eCitizen/forks"],
    "keys_url": ["https://api.github.com/repos/nikolamilosevic86/eCitizen/keys{/key_id}"],
    "collaborators_url": ["https://api.github.com/repos/nikolamilosevic86/eCitizen/collaborators{/collaborator}"],
    "teams_url": ["https://api.github.com/repos/nikolamilosevic86/eCitizen/teams"],
    "hooks_url": ["https://api.github.com/repos/nikolamilosevic86/eCitizen/hooks"],
    "issue_events_url": ["https://api.github.com/repos/nikolamilosevic86/eCitizen/issues/events{/number}"],
    "events_url": ["https://api.github.com/repos/nikolamilosevic86/eCitizen/events"],
    "assignees_url": ["https://api.github.com/repos/nikolamilosevic86/eCitizen/assignees{/user}"],
    "branches_url": ["https://api.github.com/repos/nikolamilosevic86/eCitizen/branches{/branch}"],
    "tags_url": ["https://api.github.com/repos/nikolamilosevic86/eCitizen/tags"],
    "blobs_url": ["https://api.github.com/repos/nikolamilosevic86/eCitizen/git/blobs{/sha}"],
    "git_tags_url": ["https://api.github.com/repos/nikolamilosevic86/eCitizen/git/tags{/sha}"],
    "git_refs_url": ["https://api.github.com/repos/nikolamilosevic86/eCitizen/git/refs{/sha}"],
    "trees_url": ["https://api.github.com/repos/nikolamilosevic86/eCitizen/git/trees{/sha}"],
    "statuses_url": ["https://api.github.com/repos/nikolamilosevic86/eCitizen/statuses/{sha}"],
    "languages_url": ["https://api.github.com/repos/nikolamilosevic86/eCitizen/languages"],
    "stargazers_url": ["https://api.github.com/repos/nikolamilosevic86/eCitizen/stargazers"],
    "contributors_url": ["https://api.github.com/repos/nikolamilosevic86/eCitizen/contributors"],
    "subscribers_url": ["https://api.github.com/repos/nikolamilosevic86/eCitizen/subscribers"],
    "subscription_url": ["https://api.github.com/repos/nikolamilosevic86/eCitizen/subscription"],
    "commits_url": ["https://api.github.com/repos/nikolamilosevic86/eCitizen/commits{/sha}"],
    "git_commits_url": ["https://api.github.com/repos/nikolamilosevic86/eCitizen/git/commits{/sha}"],
    "comments_url": ["https://api.github.com/repos/nikolamilosevic86/eCitizen/comments{/number}"],
    "issue_comment_url": ["https://api.github.com/repos/nikolamilosevic86/eCitizen/issues/comments{/number}"],
    "contents_url": ["https://api.github.com/repos/nikolamilosevic86/eCitizen/contents/{+path}"],
    "compare_url": ["https://api.github.com/repos/nikolamilosevic86/eCitizen/compare/{base}...{head}"],
    "merges_url": ["https://api.github.com/repos/nikolamilosevic86/eCitizen/merges"],
    "archive_url": ["https://api.github.com/repos/nikolamilosevic86/eCitizen/{archive_format}{/ref}"],
    "downloads_url": ["https://api.github.com/repos/nikolamilosevic86/eCitizen/downloads"],
    "issues_url": ["https://api.github.com/repos/nikolamilosevic86/eCitizen/issues{/number}"],
    "pulls_url": ["https://api.github.com/repos/nikolamilosevic86/eCitizen/pulls{/number}"],
    "milestones_url": ["https://api.github.com/repos/nikolamilosevic86/eCitizen/milestones{/number}"],
    "notifications_url": ["https://api.github.com/repos/nikolamilosevic86/eCitizen/notifications{?since,all,participating}"],
    "labels_url": ["https://api.github.com/repos/nikolamilosevic86/eCitizen/labels{/name}"],
    "releases_url": ["https://api.github.com/repos/nikolamilosevic86/eCitizen/releases{/id}"],
    "deployments_url": ["https://api.github.com/repos/nikolamilosevic86/eCitizen/deployments"],
    "created_at": ["2016-09-26T15:15:08Z"],
    "updated_at": ["2016-09-26T15:15:10Z"],
    "pushed_at": ["2015-04-24T15:40:55Z"],
    "git_url": ["git://github.com/nikolamilosevic86/eCitizen.git"],
    "ssh_url": ["git@github.com:nikolamilosevic86/eCitizen.git"],
    "clone_url": ["https://github.com/nikolamilosevic86/eCitizen.git"],
    "svn_url": ["https://github.com/nikolamilosevic86/eCitizen"],
    "homepage": [""],
    "size": [18152],
    "stargazers_count": [0],
    "watchers_count": [0],
    "language": ["HTML"],
    "has_issues": [false],
    "has_projects": [true],
    "has_downloads": [true],
    "has_wiki": [true],
    "has_pages": [false],
    "forks_count": [1],
    "mirror_url": {},
    "archived": [false],
    "disabled": [false],
    "open_issues_count": [0],
    "license": {
      "key": ["gpl-3.0"],
      "name": ["GNU General Public License v3.0"],
      "spdx_id": ["GPL-3.0"],
      "url": ["https://api.github.com/licenses/gpl-3.0"],
      "node_id": ["MDc6TGljZW5zZTk="]
    },
    "forks": [1],
    "open_issues": [0],
    "watchers": [0],
    "default_branch": ["master"],
    "permissions": {
      "admin": [false],
      "push": [false],
      "pull": [true]
    }
  }
]
