[
  {
    "id": [37189914],
    "node_id": ["MDEwOlJlcG9zaXRvcnkzNzE4OTkxNA=="],
    "name": ["hunpos"],
    "full_name": ["nikolamilosevic86/hunpos"],
    "private": [false],
    "owner": {
      "login": ["nikolamilosevic86"],
      "id": [5192295],
      "node_id": ["MDQ6VXNlcjUxOTIyOTU="],
      "avatar_url": ["https://avatars0.githubusercontent.com/u/5192295?v=4"],
      "gravatar_id": [""],
      "url": ["https://api.github.com/users/nikolamilosevic86"],
      "html_url": ["https://github.com/nikolamilosevic86"],
      "followers_url": ["https://api.github.com/users/nikolamilosevic86/followers"],
      "following_url": ["https://api.github.com/users/nikolamilosevic86/following{/other_user}"],
      "gists_url": ["https://api.github.com/users/nikolamilosevic86/gists{/gist_id}"],
      "starred_url": ["https://api.github.com/users/nikolamilosevic86/starred{/owner}{/repo}"],
      "subscriptions_url": ["https://api.github.com/users/nikolamilosevic86/subscriptions"],
      "organizations_url": ["https://api.github.com/users/nikolamilosevic86/orgs"],
      "repos_url": ["https://api.github.com/users/nikolamilosevic86/repos"],
      "events_url": ["https://api.github.com/users/nikolamilosevic86/events{/privacy}"],
      "received_events_url": ["https://api.github.com/users/nikolamilosevic86/received_events"],
      "type": ["User"],
      "site_admin": [false]
    },
    "html_url": ["https://github.com/nikolamilosevic86/hunpos"],
    "description": ["Automatically exported from code.google.com/p/hunpos"],
    "fork": [false],
    "url": ["https://api.github.com/repos/nikolamilosevic86/hunpos"],
    "forks_url": ["https://api.github.com/repos/nikolamilosevic86/hunpos/forks"],
    "keys_url": ["https://api.github.com/repos/nikolamilosevic86/hunpos/keys{/key_id}"],
    "collaborators_url": ["https://api.github.com/repos/nikolamilosevic86/hunpos/collaborators{/collaborator}"],
    "teams_url": ["https://api.github.com/repos/nikolamilosevic86/hunpos/teams"],
    "hooks_url": ["https://api.github.com/repos/nikolamilosevic86/hunpos/hooks"],
    "issue_events_url": ["https://api.github.com/repos/nikolamilosevic86/hunpos/issues/events{/number}"],
    "events_url": ["https://api.github.com/repos/nikolamilosevic86/hunpos/events"],
    "assignees_url": ["https://api.github.com/repos/nikolamilosevic86/hunpos/assignees{/user}"],
    "branches_url": ["https://api.github.com/repos/nikolamilosevic86/hunpos/branches{/branch}"],
    "tags_url": ["https://api.github.com/repos/nikolamilosevic86/hunpos/tags"],
    "blobs_url": ["https://api.github.com/repos/nikolamilosevic86/hunpos/git/blobs{/sha}"],
    "git_tags_url": ["https://api.github.com/repos/nikolamilosevic86/hunpos/git/tags{/sha}"],
    "git_refs_url": ["https://api.github.com/repos/nikolamilosevic86/hunpos/git/refs{/sha}"],
    "trees_url": ["https://api.github.com/repos/nikolamilosevic86/hunpos/git/trees{/sha}"],
    "statuses_url": ["https://api.github.com/repos/nikolamilosevic86/hunpos/statuses/{sha}"],
    "languages_url": ["https://api.github.com/repos/nikolamilosevic86/hunpos/languages"],
    "stargazers_url": ["https://api.github.com/repos/nikolamilosevic86/hunpos/stargazers"],
    "contributors_url": ["https://api.github.com/repos/nikolamilosevic86/hunpos/contributors"],
    "subscribers_url": ["https://api.github.com/repos/nikolamilosevic86/hunpos/subscribers"],
    "subscription_url": ["https://api.github.com/repos/nikolamilosevic86/hunpos/subscription"],
    "commits_url": ["https://api.github.com/repos/nikolamilosevic86/hunpos/commits{/sha}"],
    "git_commits_url": ["https://api.github.com/repos/nikolamilosevic86/hunpos/git/commits{/sha}"],
    "comments_url": ["https://api.github.com/repos/nikolamilosevic86/hunpos/comments{/number}"],
    "issue_comment_url": ["https://api.github.com/repos/nikolamilosevic86/hunpos/issues/comments{/number}"],
    "contents_url": ["https://api.github.com/repos/nikolamilosevic86/hunpos/contents/{+path}"],
    "compare_url": ["https://api.github.com/repos/nikolamilosevic86/hunpos/compare/{base}...{head}"],
    "merges_url": ["https://api.github.com/repos/nikolamilosevic86/hunpos/merges"],
    "archive_url": ["https://api.github.com/repos/nikolamilosevic86/hunpos/{archive_format}{/ref}"],
    "downloads_url": ["https://api.github.com/repos/nikolamilosevic86/hunpos/downloads"],
    "issues_url": ["https://api.github.com/repos/nikolamilosevic86/hunpos/issues{/number}"],
    "pulls_url": ["https://api.github.com/repos/nikolamilosevic86/hunpos/pulls{/number}"],
    "milestones_url": ["https://api.github.com/repos/nikolamilosevic86/hunpos/milestones{/number}"],
    "notifications_url": ["https://api.github.com/repos/nikolamilosevic86/hunpos/notifications{?since,all,participating}"],
    "labels_url": ["https://api.github.com/repos/nikolamilosevic86/hunpos/labels{/name}"],
    "releases_url": ["https://api.github.com/repos/nikolamilosevic86/hunpos/releases{/id}"],
    "deployments_url": ["https://api.github.com/repos/nikolamilosevic86/hunpos/deployments"],
    "created_at": ["2015-06-10T10:10:08Z"],
    "updated_at": ["2015-06-10T10:12:31Z"],
    "pushed_at": ["2015-06-10T10:13:37Z"],
    "git_url": ["git://github.com/nikolamilosevic86/hunpos.git"],
    "ssh_url": ["git@github.com:nikolamilosevic86/hunpos.git"],
    "clone_url": ["https://github.com/nikolamilosevic86/hunpos.git"],
    "svn_url": ["https://github.com/nikolamilosevic86/hunpos"],
    "homepage": {},
    "size": [6376],
    "stargazers_count": [0],
    "watchers_count": [0],
    "language": ["OCaml"],
    "has_issues": [true],
    "has_projects": [true],
    "has_downloads": [false],
    "has_wiki": [false],
    "has_pages": [false],
    "forks_count": [0],
    "mirror_url": {},
    "archived": [false],
    "disabled": [false],
    "open_issues_count": [18],
    "license": {},
    "forks": [0],
    "open_issues": [18],
    "watchers": [0],
    "default_branch": ["master"],
    "permissions": {
      "admin": [false],
      "push": [false],
      "pull": [true]
    }
  }
]
