[
  {
    "id": [34253908],
    "node_id": ["MDEwOlJlcG9zaXRvcnkzNDI1MzkwOA=="],
    "name": ["ontology-of-clinical-research"],
    "full_name": ["nikolamilosevic86/ontology-of-clinical-research"],
    "private": [false],
    "owner": {
      "login": ["nikolamilosevic86"],
      "id": [5192295],
      "node_id": ["MDQ6VXNlcjUxOTIyOTU="],
      "avatar_url": ["https://avatars0.githubusercontent.com/u/5192295?v=4"],
      "gravatar_id": [""],
      "url": ["https://api.github.com/users/nikolamilosevic86"],
      "html_url": ["https://github.com/nikolamilosevic86"],
      "followers_url": ["https://api.github.com/users/nikolamilosevic86/followers"],
      "following_url": ["https://api.github.com/users/nikolamilosevic86/following{/other_user}"],
      "gists_url": ["https://api.github.com/users/nikolamilosevic86/gists{/gist_id}"],
      "starred_url": ["https://api.github.com/users/nikolamilosevic86/starred{/owner}{/repo}"],
      "subscriptions_url": ["https://api.github.com/users/nikolamilosevic86/subscriptions"],
      "organizations_url": ["https://api.github.com/users/nikolamilosevic86/orgs"],
      "repos_url": ["https://api.github.com/users/nikolamilosevic86/repos"],
      "events_url": ["https://api.github.com/users/nikolamilosevic86/events{/privacy}"],
      "received_events_url": ["https://api.github.com/users/nikolamilosevic86/received_events"],
      "type": ["User"],
      "site_admin": [false]
    },
    "html_url": ["https://github.com/nikolamilosevic86/ontology-of-clinical-research"],
    "description": ["Automatically exported from code.google.com/p/ontology-of-clinical-research"],
    "fork": [false],
    "url": ["https://api.github.com/repos/nikolamilosevic86/ontology-of-clinical-research"],
    "forks_url": ["https://api.github.com/repos/nikolamilosevic86/ontology-of-clinical-research/forks"],
    "keys_url": ["https://api.github.com/repos/nikolamilosevic86/ontology-of-clinical-research/keys{/key_id}"],
    "collaborators_url": ["https://api.github.com/repos/nikolamilosevic86/ontology-of-clinical-research/collaborators{/collaborator}"],
    "teams_url": ["https://api.github.com/repos/nikolamilosevic86/ontology-of-clinical-research/teams"],
    "hooks_url": ["https://api.github.com/repos/nikolamilosevic86/ontology-of-clinical-research/hooks"],
    "issue_events_url": ["https://api.github.com/repos/nikolamilosevic86/ontology-of-clinical-research/issues/events{/number}"],
    "events_url": ["https://api.github.com/repos/nikolamilosevic86/ontology-of-clinical-research/events"],
    "assignees_url": ["https://api.github.com/repos/nikolamilosevic86/ontology-of-clinical-research/assignees{/user}"],
    "branches_url": ["https://api.github.com/repos/nikolamilosevic86/ontology-of-clinical-research/branches{/branch}"],
    "tags_url": ["https://api.github.com/repos/nikolamilosevic86/ontology-of-clinical-research/tags"],
    "blobs_url": ["https://api.github.com/repos/nikolamilosevic86/ontology-of-clinical-research/git/blobs{/sha}"],
    "git_tags_url": ["https://api.github.com/repos/nikolamilosevic86/ontology-of-clinical-research/git/tags{/sha}"],
    "git_refs_url": ["https://api.github.com/repos/nikolamilosevic86/ontology-of-clinical-research/git/refs{/sha}"],
    "trees_url": ["https://api.github.com/repos/nikolamilosevic86/ontology-of-clinical-research/git/trees{/sha}"],
    "statuses_url": ["https://api.github.com/repos/nikolamilosevic86/ontology-of-clinical-research/statuses/{sha}"],
    "languages_url": ["https://api.github.com/repos/nikolamilosevic86/ontology-of-clinical-research/languages"],
    "stargazers_url": ["https://api.github.com/repos/nikolamilosevic86/ontology-of-clinical-research/stargazers"],
    "contributors_url": ["https://api.github.com/repos/nikolamilosevic86/ontology-of-clinical-research/contributors"],
    "subscribers_url": ["https://api.github.com/repos/nikolamilosevic86/ontology-of-clinical-research/subscribers"],
    "subscription_url": ["https://api.github.com/repos/nikolamilosevic86/ontology-of-clinical-research/subscription"],
    "commits_url": ["https://api.github.com/repos/nikolamilosevic86/ontology-of-clinical-research/commits{/sha}"],
    "git_commits_url": ["https://api.github.com/repos/nikolamilosevic86/ontology-of-clinical-research/git/commits{/sha}"],
    "comments_url": ["https://api.github.com/repos/nikolamilosevic86/ontology-of-clinical-research/comments{/number}"],
    "issue_comment_url": ["https://api.github.com/repos/nikolamilosevic86/ontology-of-clinical-research/issues/comments{/number}"],
    "contents_url": ["https://api.github.com/repos/nikolamilosevic86/ontology-of-clinical-research/contents/{+path}"],
    "compare_url": ["https://api.github.com/repos/nikolamilosevic86/ontology-of-clinical-research/compare/{base}...{head}"],
    "merges_url": ["https://api.github.com/repos/nikolamilosevic86/ontology-of-clinical-research/merges"],
    "archive_url": ["https://api.github.com/repos/nikolamilosevic86/ontology-of-clinical-research/{archive_format}{/ref}"],
    "downloads_url": ["https://api.github.com/repos/nikolamilosevic86/ontology-of-clinical-research/downloads"],
    "issues_url": ["https://api.github.com/repos/nikolamilosevic86/ontology-of-clinical-research/issues{/number}"],
    "pulls_url": ["https://api.github.com/repos/nikolamilosevic86/ontology-of-clinical-research/pulls{/number}"],
    "milestones_url": ["https://api.github.com/repos/nikolamilosevic86/ontology-of-clinical-research/milestones{/number}"],
    "notifications_url": ["https://api.github.com/repos/nikolamilosevic86/ontology-of-clinical-research/notifications{?since,all,participating}"],
    "labels_url": ["https://api.github.com/repos/nikolamilosevic86/ontology-of-clinical-research/labels{/name}"],
    "releases_url": ["https://api.github.com/repos/nikolamilosevic86/ontology-of-clinical-research/releases{/id}"],
    "deployments_url": ["https://api.github.com/repos/nikolamilosevic86/ontology-of-clinical-research/deployments"],
    "created_at": ["2015-04-20T10:25:10Z"],
    "updated_at": ["2015-04-20T10:27:01Z"],
    "pushed_at": ["2015-04-20T10:32:47Z"],
    "git_url": ["git://github.com/nikolamilosevic86/ontology-of-clinical-research.git"],
    "ssh_url": ["git@github.com:nikolamilosevic86/ontology-of-clinical-research.git"],
    "clone_url": ["https://github.com/nikolamilosevic86/ontology-of-clinical-research.git"],
    "svn_url": ["https://github.com/nikolamilosevic86/ontology-of-clinical-research"],
    "homepage": {},
    "size": [36988],
    "stargazers_count": [0],
    "watchers_count": [0],
    "language": ["Web Ontology Language"],
    "has_issues": [true],
    "has_projects": [true],
    "has_downloads": [false],
    "has_wiki": [false],
    "has_pages": [false],
    "forks_count": [0],
    "mirror_url": {},
    "archived": [false],
    "disabled": [false],
    "open_issues_count": [0],
    "license": {},
    "forks": [0],
    "open_issues": [0],
    "watchers": [0],
    "default_branch": ["master"],
    "permissions": {
      "admin": [false],
      "push": [false],
      "pull": [true]
    }
  }
]
