[
  {
    "id": [55803664],
    "node_id": ["MDEwOlJlcG9zaXRvcnk1NTgwMzY2NA=="],
    "name": ["luke"],
    "full_name": ["nikolamilosevic86/luke"],
    "private": [false],
    "owner": {
      "login": ["nikolamilosevic86"],
      "id": [5192295],
      "node_id": ["MDQ6VXNlcjUxOTIyOTU="],
      "avatar_url": ["https://avatars0.githubusercontent.com/u/5192295?v=4"],
      "gravatar_id": [""],
      "url": ["https://api.github.com/users/nikolamilosevic86"],
      "html_url": ["https://github.com/nikolamilosevic86"],
      "followers_url": ["https://api.github.com/users/nikolamilosevic86/followers"],
      "following_url": ["https://api.github.com/users/nikolamilosevic86/following{/other_user}"],
      "gists_url": ["https://api.github.com/users/nikolamilosevic86/gists{/gist_id}"],
      "starred_url": ["https://api.github.com/users/nikolamilosevic86/starred{/owner}{/repo}"],
      "subscriptions_url": ["https://api.github.com/users/nikolamilosevic86/subscriptions"],
      "organizations_url": ["https://api.github.com/users/nikolamilosevic86/orgs"],
      "repos_url": ["https://api.github.com/users/nikolamilosevic86/repos"],
      "events_url": ["https://api.github.com/users/nikolamilosevic86/events{/privacy}"],
      "received_events_url": ["https://api.github.com/users/nikolamilosevic86/received_events"],
      "type": ["User"],
      "site_admin": [false]
    },
    "html_url": ["https://github.com/nikolamilosevic86/luke"],
    "description": ["Automatically exported from code.google.com/p/luke"],
    "fork": [false],
    "url": ["https://api.github.com/repos/nikolamilosevic86/luke"],
    "forks_url": ["https://api.github.com/repos/nikolamilosevic86/luke/forks"],
    "keys_url": ["https://api.github.com/repos/nikolamilosevic86/luke/keys{/key_id}"],
    "collaborators_url": ["https://api.github.com/repos/nikolamilosevic86/luke/collaborators{/collaborator}"],
    "teams_url": ["https://api.github.com/repos/nikolamilosevic86/luke/teams"],
    "hooks_url": ["https://api.github.com/repos/nikolamilosevic86/luke/hooks"],
    "issue_events_url": ["https://api.github.com/repos/nikolamilosevic86/luke/issues/events{/number}"],
    "events_url": ["https://api.github.com/repos/nikolamilosevic86/luke/events"],
    "assignees_url": ["https://api.github.com/repos/nikolamilosevic86/luke/assignees{/user}"],
    "branches_url": ["https://api.github.com/repos/nikolamilosevic86/luke/branches{/branch}"],
    "tags_url": ["https://api.github.com/repos/nikolamilosevic86/luke/tags"],
    "blobs_url": ["https://api.github.com/repos/nikolamilosevic86/luke/git/blobs{/sha}"],
    "git_tags_url": ["https://api.github.com/repos/nikolamilosevic86/luke/git/tags{/sha}"],
    "git_refs_url": ["https://api.github.com/repos/nikolamilosevic86/luke/git/refs{/sha}"],
    "trees_url": ["https://api.github.com/repos/nikolamilosevic86/luke/git/trees{/sha}"],
    "statuses_url": ["https://api.github.com/repos/nikolamilosevic86/luke/statuses/{sha}"],
    "languages_url": ["https://api.github.com/repos/nikolamilosevic86/luke/languages"],
    "stargazers_url": ["https://api.github.com/repos/nikolamilosevic86/luke/stargazers"],
    "contributors_url": ["https://api.github.com/repos/nikolamilosevic86/luke/contributors"],
    "subscribers_url": ["https://api.github.com/repos/nikolamilosevic86/luke/subscribers"],
    "subscription_url": ["https://api.github.com/repos/nikolamilosevic86/luke/subscription"],
    "commits_url": ["https://api.github.com/repos/nikolamilosevic86/luke/commits{/sha}"],
    "git_commits_url": ["https://api.github.com/repos/nikolamilosevic86/luke/git/commits{/sha}"],
    "comments_url": ["https://api.github.com/repos/nikolamilosevic86/luke/comments{/number}"],
    "issue_comment_url": ["https://api.github.com/repos/nikolamilosevic86/luke/issues/comments{/number}"],
    "contents_url": ["https://api.github.com/repos/nikolamilosevic86/luke/contents/{+path}"],
    "compare_url": ["https://api.github.com/repos/nikolamilosevic86/luke/compare/{base}...{head}"],
    "merges_url": ["https://api.github.com/repos/nikolamilosevic86/luke/merges"],
    "archive_url": ["https://api.github.com/repos/nikolamilosevic86/luke/{archive_format}{/ref}"],
    "downloads_url": ["https://api.github.com/repos/nikolamilosevic86/luke/downloads"],
    "issues_url": ["https://api.github.com/repos/nikolamilosevic86/luke/issues{/number}"],
    "pulls_url": ["https://api.github.com/repos/nikolamilosevic86/luke/pulls{/number}"],
    "milestones_url": ["https://api.github.com/repos/nikolamilosevic86/luke/milestones{/number}"],
    "notifications_url": ["https://api.github.com/repos/nikolamilosevic86/luke/notifications{?since,all,participating}"],
    "labels_url": ["https://api.github.com/repos/nikolamilosevic86/luke/labels{/name}"],
    "releases_url": ["https://api.github.com/repos/nikolamilosevic86/luke/releases{/id}"],
    "deployments_url": ["https://api.github.com/repos/nikolamilosevic86/luke/deployments"],
    "created_at": ["2016-04-08T19:14:59Z"],
    "updated_at": ["2016-04-08T19:19:48Z"],
    "pushed_at": ["2016-04-08T19:22:31Z"],
    "git_url": ["git://github.com/nikolamilosevic86/luke.git"],
    "ssh_url": ["git@github.com:nikolamilosevic86/luke.git"],
    "clone_url": ["https://github.com/nikolamilosevic86/luke.git"],
    "svn_url": ["https://github.com/nikolamilosevic86/luke"],
    "homepage": {},
    "size": [42825],
    "stargazers_count": [0],
    "watchers_count": [0],
    "language": ["Java"],
    "has_issues": [true],
    "has_projects": [true],
    "has_downloads": [false],
    "has_wiki": [false],
    "has_pages": [false],
    "forks_count": [0],
    "mirror_url": {},
    "archived": [false],
    "disabled": [false],
    "open_issues_count": [35],
    "license": {},
    "forks": [0],
    "open_issues": [35],
    "watchers": [0],
    "default_branch": ["master"],
    "permissions": {
      "admin": [false],
      "push": [false],
      "pull": [true]
    }
  }
]
