[
  {
    "id": [19530495],
    "node_id": ["MDEwOlJlcG9zaXRvcnkxOTUzMDQ5NQ=="],
    "name": ["TableMiningHelpers"],
    "full_name": ["nikolamilosevic86/TableMiningHelpers"],
    "private": [false],
    "owner": {
      "login": ["nikolamilosevic86"],
      "id": [5192295],
      "node_id": ["MDQ6VXNlcjUxOTIyOTU="],
      "avatar_url": ["https://avatars0.githubusercontent.com/u/5192295?v=4"],
      "gravatar_id": [""],
      "url": ["https://api.github.com/users/nikolamilosevic86"],
      "html_url": ["https://github.com/nikolamilosevic86"],
      "followers_url": ["https://api.github.com/users/nikolamilosevic86/followers"],
      "following_url": ["https://api.github.com/users/nikolamilosevic86/following{/other_user}"],
      "gists_url": ["https://api.github.com/users/nikolamilosevic86/gists{/gist_id}"],
      "starred_url": ["https://api.github.com/users/nikolamilosevic86/starred{/owner}{/repo}"],
      "subscriptions_url": ["https://api.github.com/users/nikolamilosevic86/subscriptions"],
      "organizations_url": ["https://api.github.com/users/nikolamilosevic86/orgs"],
      "repos_url": ["https://api.github.com/users/nikolamilosevic86/repos"],
      "events_url": ["https://api.github.com/users/nikolamilosevic86/events{/privacy}"],
      "received_events_url": ["https://api.github.com/users/nikolamilosevic86/received_events"],
      "type": ["User"],
      "site_admin": [false]
    },
    "html_url": ["https://github.com/nikolamilosevic86/TableMiningHelpers"],
    "description": {},
    "fork": [false],
    "url": ["https://api.github.com/repos/nikolamilosevic86/TableMiningHelpers"],
    "forks_url": ["https://api.github.com/repos/nikolamilosevic86/TableMiningHelpers/forks"],
    "keys_url": ["https://api.github.com/repos/nikolamilosevic86/TableMiningHelpers/keys{/key_id}"],
    "collaborators_url": ["https://api.github.com/repos/nikolamilosevic86/TableMiningHelpers/collaborators{/collaborator}"],
    "teams_url": ["https://api.github.com/repos/nikolamilosevic86/TableMiningHelpers/teams"],
    "hooks_url": ["https://api.github.com/repos/nikolamilosevic86/TableMiningHelpers/hooks"],
    "issue_events_url": ["https://api.github.com/repos/nikolamilosevic86/TableMiningHelpers/issues/events{/number}"],
    "events_url": ["https://api.github.com/repos/nikolamilosevic86/TableMiningHelpers/events"],
    "assignees_url": ["https://api.github.com/repos/nikolamilosevic86/TableMiningHelpers/assignees{/user}"],
    "branches_url": ["https://api.github.com/repos/nikolamilosevic86/TableMiningHelpers/branches{/branch}"],
    "tags_url": ["https://api.github.com/repos/nikolamilosevic86/TableMiningHelpers/tags"],
    "blobs_url": ["https://api.github.com/repos/nikolamilosevic86/TableMiningHelpers/git/blobs{/sha}"],
    "git_tags_url": ["https://api.github.com/repos/nikolamilosevic86/TableMiningHelpers/git/tags{/sha}"],
    "git_refs_url": ["https://api.github.com/repos/nikolamilosevic86/TableMiningHelpers/git/refs{/sha}"],
    "trees_url": ["https://api.github.com/repos/nikolamilosevic86/TableMiningHelpers/git/trees{/sha}"],
    "statuses_url": ["https://api.github.com/repos/nikolamilosevic86/TableMiningHelpers/statuses/{sha}"],
    "languages_url": ["https://api.github.com/repos/nikolamilosevic86/TableMiningHelpers/languages"],
    "stargazers_url": ["https://api.github.com/repos/nikolamilosevic86/TableMiningHelpers/stargazers"],
    "contributors_url": ["https://api.github.com/repos/nikolamilosevic86/TableMiningHelpers/contributors"],
    "subscribers_url": ["https://api.github.com/repos/nikolamilosevic86/TableMiningHelpers/subscribers"],
    "subscription_url": ["https://api.github.com/repos/nikolamilosevic86/TableMiningHelpers/subscription"],
    "commits_url": ["https://api.github.com/repos/nikolamilosevic86/TableMiningHelpers/commits{/sha}"],
    "git_commits_url": ["https://api.github.com/repos/nikolamilosevic86/TableMiningHelpers/git/commits{/sha}"],
    "comments_url": ["https://api.github.com/repos/nikolamilosevic86/TableMiningHelpers/comments{/number}"],
    "issue_comment_url": ["https://api.github.com/repos/nikolamilosevic86/TableMiningHelpers/issues/comments{/number}"],
    "contents_url": ["https://api.github.com/repos/nikolamilosevic86/TableMiningHelpers/contents/{+path}"],
    "compare_url": ["https://api.github.com/repos/nikolamilosevic86/TableMiningHelpers/compare/{base}...{head}"],
    "merges_url": ["https://api.github.com/repos/nikolamilosevic86/TableMiningHelpers/merges"],
    "archive_url": ["https://api.github.com/repos/nikolamilosevic86/TableMiningHelpers/{archive_format}{/ref}"],
    "downloads_url": ["https://api.github.com/repos/nikolamilosevic86/TableMiningHelpers/downloads"],
    "issues_url": ["https://api.github.com/repos/nikolamilosevic86/TableMiningHelpers/issues{/number}"],
    "pulls_url": ["https://api.github.com/repos/nikolamilosevic86/TableMiningHelpers/pulls{/number}"],
    "milestones_url": ["https://api.github.com/repos/nikolamilosevic86/TableMiningHelpers/milestones{/number}"],
    "notifications_url": ["https://api.github.com/repos/nikolamilosevic86/TableMiningHelpers/notifications{?since,all,participating}"],
    "labels_url": ["https://api.github.com/repos/nikolamilosevic86/TableMiningHelpers/labels{/name}"],
    "releases_url": ["https://api.github.com/repos/nikolamilosevic86/TableMiningHelpers/releases{/id}"],
    "deployments_url": ["https://api.github.com/repos/nikolamilosevic86/TableMiningHelpers/deployments"],
    "created_at": ["2014-05-07T10:35:15Z"],
    "updated_at": ["2015-03-11T16:27:58Z"],
    "pushed_at": ["2015-03-11T16:27:58Z"],
    "git_url": ["git://github.com/nikolamilosevic86/TableMiningHelpers.git"],
    "ssh_url": ["git@github.com:nikolamilosevic86/TableMiningHelpers.git"],
    "clone_url": ["https://github.com/nikolamilosevic86/TableMiningHelpers.git"],
    "svn_url": ["https://github.com/nikolamilosevic86/TableMiningHelpers"],
    "homepage": {},
    "size": [224],
    "stargazers_count": [0],
    "watchers_count": [0],
    "language": ["Python"],
    "has_issues": [true],
    "has_projects": [true],
    "has_downloads": [true],
    "has_wiki": [true],
    "has_pages": [false],
    "forks_count": [2],
    "mirror_url": {},
    "archived": [false],
    "disabled": [false],
    "open_issues_count": [0],
    "license": {
      "key": ["gpl-3.0"],
      "name": ["GNU General Public License v3.0"],
      "spdx_id": ["GPL-3.0"],
      "url": ["https://api.github.com/licenses/gpl-3.0"],
      "node_id": ["MDc6TGljZW5zZTk="]
    },
    "forks": [2],
    "open_issues": [0],
    "watchers": [0],
    "default_branch": ["master"],
    "permissions": {
      "admin": [false],
      "push": [false],
      "pull": [true]
    }
  }
]
