[
  {
    "id": [18963161],
    "node_id": ["MDEwOlJlcG9zaXRvcnkxODk2MzE2MQ=="],
    "name": ["TableDisentangler"],
    "full_name": ["nikolamilosevic86/TableDisentangler"],
    "private": [false],
    "owner": {
      "login": ["nikolamilosevic86"],
      "id": [5192295],
      "node_id": ["MDQ6VXNlcjUxOTIyOTU="],
      "avatar_url": ["https://avatars0.githubusercontent.com/u/5192295?v=4"],
      "gravatar_id": [""],
      "url": ["https://api.github.com/users/nikolamilosevic86"],
      "html_url": ["https://github.com/nikolamilosevic86"],
      "followers_url": ["https://api.github.com/users/nikolamilosevic86/followers"],
      "following_url": ["https://api.github.com/users/nikolamilosevic86/following{/other_user}"],
      "gists_url": ["https://api.github.com/users/nikolamilosevic86/gists{/gist_id}"],
      "starred_url": ["https://api.github.com/users/nikolamilosevic86/starred{/owner}{/repo}"],
      "subscriptions_url": ["https://api.github.com/users/nikolamilosevic86/subscriptions"],
      "organizations_url": ["https://api.github.com/users/nikolamilosevic86/orgs"],
      "repos_url": ["https://api.github.com/users/nikolamilosevic86/repos"],
      "events_url": ["https://api.github.com/users/nikolamilosevic86/events{/privacy}"],
      "received_events_url": ["https://api.github.com/users/nikolamilosevic86/received_events"],
      "type": ["User"],
      "site_admin": [false]
    },
    "html_url": ["https://github.com/nikolamilosevic86/TableDisentangler"],
    "description": ["Functional and structural analysis of tables in research papers (Table disentangling)"],
    "fork": [false],
    "url": ["https://api.github.com/repos/nikolamilosevic86/TableDisentangler"],
    "forks_url": ["https://api.github.com/repos/nikolamilosevic86/TableDisentangler/forks"],
    "keys_url": ["https://api.github.com/repos/nikolamilosevic86/TableDisentangler/keys{/key_id}"],
    "collaborators_url": ["https://api.github.com/repos/nikolamilosevic86/TableDisentangler/collaborators{/collaborator}"],
    "teams_url": ["https://api.github.com/repos/nikolamilosevic86/TableDisentangler/teams"],
    "hooks_url": ["https://api.github.com/repos/nikolamilosevic86/TableDisentangler/hooks"],
    "issue_events_url": ["https://api.github.com/repos/nikolamilosevic86/TableDisentangler/issues/events{/number}"],
    "events_url": ["https://api.github.com/repos/nikolamilosevic86/TableDisentangler/events"],
    "assignees_url": ["https://api.github.com/repos/nikolamilosevic86/TableDisentangler/assignees{/user}"],
    "branches_url": ["https://api.github.com/repos/nikolamilosevic86/TableDisentangler/branches{/branch}"],
    "tags_url": ["https://api.github.com/repos/nikolamilosevic86/TableDisentangler/tags"],
    "blobs_url": ["https://api.github.com/repos/nikolamilosevic86/TableDisentangler/git/blobs{/sha}"],
    "git_tags_url": ["https://api.github.com/repos/nikolamilosevic86/TableDisentangler/git/tags{/sha}"],
    "git_refs_url": ["https://api.github.com/repos/nikolamilosevic86/TableDisentangler/git/refs{/sha}"],
    "trees_url": ["https://api.github.com/repos/nikolamilosevic86/TableDisentangler/git/trees{/sha}"],
    "statuses_url": ["https://api.github.com/repos/nikolamilosevic86/TableDisentangler/statuses/{sha}"],
    "languages_url": ["https://api.github.com/repos/nikolamilosevic86/TableDisentangler/languages"],
    "stargazers_url": ["https://api.github.com/repos/nikolamilosevic86/TableDisentangler/stargazers"],
    "contributors_url": ["https://api.github.com/repos/nikolamilosevic86/TableDisentangler/contributors"],
    "subscribers_url": ["https://api.github.com/repos/nikolamilosevic86/TableDisentangler/subscribers"],
    "subscription_url": ["https://api.github.com/repos/nikolamilosevic86/TableDisentangler/subscription"],
    "commits_url": ["https://api.github.com/repos/nikolamilosevic86/TableDisentangler/commits{/sha}"],
    "git_commits_url": ["https://api.github.com/repos/nikolamilosevic86/TableDisentangler/git/commits{/sha}"],
    "comments_url": ["https://api.github.com/repos/nikolamilosevic86/TableDisentangler/comments{/number}"],
    "issue_comment_url": ["https://api.github.com/repos/nikolamilosevic86/TableDisentangler/issues/comments{/number}"],
    "contents_url": ["https://api.github.com/repos/nikolamilosevic86/TableDisentangler/contents/{+path}"],
    "compare_url": ["https://api.github.com/repos/nikolamilosevic86/TableDisentangler/compare/{base}...{head}"],
    "merges_url": ["https://api.github.com/repos/nikolamilosevic86/TableDisentangler/merges"],
    "archive_url": ["https://api.github.com/repos/nikolamilosevic86/TableDisentangler/{archive_format}{/ref}"],
    "downloads_url": ["https://api.github.com/repos/nikolamilosevic86/TableDisentangler/downloads"],
    "issues_url": ["https://api.github.com/repos/nikolamilosevic86/TableDisentangler/issues{/number}"],
    "pulls_url": ["https://api.github.com/repos/nikolamilosevic86/TableDisentangler/pulls{/number}"],
    "milestones_url": ["https://api.github.com/repos/nikolamilosevic86/TableDisentangler/milestones{/number}"],
    "notifications_url": ["https://api.github.com/repos/nikolamilosevic86/TableDisentangler/notifications{?since,all,participating}"],
    "labels_url": ["https://api.github.com/repos/nikolamilosevic86/TableDisentangler/labels{/name}"],
    "releases_url": ["https://api.github.com/repos/nikolamilosevic86/TableDisentangler/releases{/id}"],
    "deployments_url": ["https://api.github.com/repos/nikolamilosevic86/TableDisentangler/deployments"],
    "created_at": ["2014-04-20T11:28:47Z"],
    "updated_at": ["2018-06-17T08:26:43Z"],
    "pushed_at": ["2017-08-07T11:35:49Z"],
    "git_url": ["git://github.com/nikolamilosevic86/TableDisentangler.git"],
    "ssh_url": ["git@github.com:nikolamilosevic86/TableDisentangler.git"],
    "clone_url": ["https://github.com/nikolamilosevic86/TableDisentangler.git"],
    "svn_url": ["https://github.com/nikolamilosevic86/TableDisentangler"],
    "homepage": [""],
    "size": [61084],
    "stargazers_count": [10],
    "watchers_count": [10],
    "language": ["Java"],
    "has_issues": [true],
    "has_projects": [true],
    "has_downloads": [true],
    "has_wiki": [true],
    "has_pages": [true],
    "forks_count": [9],
    "mirror_url": {},
    "archived": [false],
    "disabled": [false],
    "open_issues_count": [1],
    "license": {
      "key": ["gpl-3.0"],
      "name": ["GNU General Public License v3.0"],
      "spdx_id": ["GPL-3.0"],
      "url": ["https://api.github.com/licenses/gpl-3.0"],
      "node_id": ["MDc6TGljZW5zZTk="]
    },
    "forks": [9],
    "open_issues": [1],
    "watchers": [10],
    "default_branch": ["master"],
    "permissions": {
      "admin": [false],
      "push": [false],
      "pull": [true]
    }
  }
]
