[
  {
    "id": [72986098],
    "node_id": ["MDEwOlJlcG9zaXRvcnk3Mjk4NjA5OA=="],
    "name": ["JFugueTest"],
    "full_name": ["nikolamilosevic86/JFugueTest"],
    "private": [false],
    "owner": {
      "login": ["nikolamilosevic86"],
      "id": [5192295],
      "node_id": ["MDQ6VXNlcjUxOTIyOTU="],
      "avatar_url": ["https://avatars0.githubusercontent.com/u/5192295?v=4"],
      "gravatar_id": [""],
      "url": ["https://api.github.com/users/nikolamilosevic86"],
      "html_url": ["https://github.com/nikolamilosevic86"],
      "followers_url": ["https://api.github.com/users/nikolamilosevic86/followers"],
      "following_url": ["https://api.github.com/users/nikolamilosevic86/following{/other_user}"],
      "gists_url": ["https://api.github.com/users/nikolamilosevic86/gists{/gist_id}"],
      "starred_url": ["https://api.github.com/users/nikolamilosevic86/starred{/owner}{/repo}"],
      "subscriptions_url": ["https://api.github.com/users/nikolamilosevic86/subscriptions"],
      "organizations_url": ["https://api.github.com/users/nikolamilosevic86/orgs"],
      "repos_url": ["https://api.github.com/users/nikolamilosevic86/repos"],
      "events_url": ["https://api.github.com/users/nikolamilosevic86/events{/privacy}"],
      "received_events_url": ["https://api.github.com/users/nikolamilosevic86/received_events"],
      "type": ["User"],
      "site_admin": [false]
    },
    "html_url": ["https://github.com/nikolamilosevic86/JFugueTest"],
    "description": ["Preparation For Hackathon"],
    "fork": [false],
    "url": ["https://api.github.com/repos/nikolamilosevic86/JFugueTest"],
    "forks_url": ["https://api.github.com/repos/nikolamilosevic86/JFugueTest/forks"],
    "keys_url": ["https://api.github.com/repos/nikolamilosevic86/JFugueTest/keys{/key_id}"],
    "collaborators_url": ["https://api.github.com/repos/nikolamilosevic86/JFugueTest/collaborators{/collaborator}"],
    "teams_url": ["https://api.github.com/repos/nikolamilosevic86/JFugueTest/teams"],
    "hooks_url": ["https://api.github.com/repos/nikolamilosevic86/JFugueTest/hooks"],
    "issue_events_url": ["https://api.github.com/repos/nikolamilosevic86/JFugueTest/issues/events{/number}"],
    "events_url": ["https://api.github.com/repos/nikolamilosevic86/JFugueTest/events"],
    "assignees_url": ["https://api.github.com/repos/nikolamilosevic86/JFugueTest/assignees{/user}"],
    "branches_url": ["https://api.github.com/repos/nikolamilosevic86/JFugueTest/branches{/branch}"],
    "tags_url": ["https://api.github.com/repos/nikolamilosevic86/JFugueTest/tags"],
    "blobs_url": ["https://api.github.com/repos/nikolamilosevic86/JFugueTest/git/blobs{/sha}"],
    "git_tags_url": ["https://api.github.com/repos/nikolamilosevic86/JFugueTest/git/tags{/sha}"],
    "git_refs_url": ["https://api.github.com/repos/nikolamilosevic86/JFugueTest/git/refs{/sha}"],
    "trees_url": ["https://api.github.com/repos/nikolamilosevic86/JFugueTest/git/trees{/sha}"],
    "statuses_url": ["https://api.github.com/repos/nikolamilosevic86/JFugueTest/statuses/{sha}"],
    "languages_url": ["https://api.github.com/repos/nikolamilosevic86/JFugueTest/languages"],
    "stargazers_url": ["https://api.github.com/repos/nikolamilosevic86/JFugueTest/stargazers"],
    "contributors_url": ["https://api.github.com/repos/nikolamilosevic86/JFugueTest/contributors"],
    "subscribers_url": ["https://api.github.com/repos/nikolamilosevic86/JFugueTest/subscribers"],
    "subscription_url": ["https://api.github.com/repos/nikolamilosevic86/JFugueTest/subscription"],
    "commits_url": ["https://api.github.com/repos/nikolamilosevic86/JFugueTest/commits{/sha}"],
    "git_commits_url": ["https://api.github.com/repos/nikolamilosevic86/JFugueTest/git/commits{/sha}"],
    "comments_url": ["https://api.github.com/repos/nikolamilosevic86/JFugueTest/comments{/number}"],
    "issue_comment_url": ["https://api.github.com/repos/nikolamilosevic86/JFugueTest/issues/comments{/number}"],
    "contents_url": ["https://api.github.com/repos/nikolamilosevic86/JFugueTest/contents/{+path}"],
    "compare_url": ["https://api.github.com/repos/nikolamilosevic86/JFugueTest/compare/{base}...{head}"],
    "merges_url": ["https://api.github.com/repos/nikolamilosevic86/JFugueTest/merges"],
    "archive_url": ["https://api.github.com/repos/nikolamilosevic86/JFugueTest/{archive_format}{/ref}"],
    "downloads_url": ["https://api.github.com/repos/nikolamilosevic86/JFugueTest/downloads"],
    "issues_url": ["https://api.github.com/repos/nikolamilosevic86/JFugueTest/issues{/number}"],
    "pulls_url": ["https://api.github.com/repos/nikolamilosevic86/JFugueTest/pulls{/number}"],
    "milestones_url": ["https://api.github.com/repos/nikolamilosevic86/JFugueTest/milestones{/number}"],
    "notifications_url": ["https://api.github.com/repos/nikolamilosevic86/JFugueTest/notifications{?since,all,participating}"],
    "labels_url": ["https://api.github.com/repos/nikolamilosevic86/JFugueTest/labels{/name}"],
    "releases_url": ["https://api.github.com/repos/nikolamilosevic86/JFugueTest/releases{/id}"],
    "deployments_url": ["https://api.github.com/repos/nikolamilosevic86/JFugueTest/deployments"],
    "created_at": ["2016-11-06T11:26:23Z"],
    "updated_at": ["2016-11-06T11:29:57Z"],
    "pushed_at": ["2016-11-06T11:31:58Z"],
    "git_url": ["git://github.com/nikolamilosevic86/JFugueTest.git"],
    "ssh_url": ["git@github.com:nikolamilosevic86/JFugueTest.git"],
    "clone_url": ["https://github.com/nikolamilosevic86/JFugueTest.git"],
    "svn_url": ["https://github.com/nikolamilosevic86/JFugueTest"],
    "homepage": {},
    "size": [230],
    "stargazers_count": [0],
    "watchers_count": [0],
    "language": ["Java"],
    "has_issues": [true],
    "has_projects": [true],
    "has_downloads": [true],
    "has_wiki": [true],
    "has_pages": [false],
    "forks_count": [0],
    "mirror_url": {},
    "archived": [false],
    "disabled": [false],
    "open_issues_count": [0],
    "license": {
      "key": ["lgpl-3.0"],
      "name": ["GNU Lesser General Public License v3.0"],
      "spdx_id": ["LGPL-3.0"],
      "url": ["https://api.github.com/licenses/lgpl-3.0"],
      "node_id": ["MDc6TGljZW5zZTEy"]
    },
    "forks": [0],
    "open_issues": [0],
    "watchers": [0],
    "default_branch": ["master"],
    "permissions": {
      "admin": [false],
      "push": [false],
      "pull": [true]
    }
  }
]
