[
  {
    "id": [43226075],
    "node_id": ["MDEwOlJlcG9zaXRvcnk0MzIyNjA3NQ=="],
    "name": ["yapf"],
    "full_name": ["nikolamilosevic86/yapf"],
    "private": [false],
    "owner": {
      "login": ["nikolamilosevic86"],
      "id": [5192295],
      "node_id": ["MDQ6VXNlcjUxOTIyOTU="],
      "avatar_url": ["https://avatars0.githubusercontent.com/u/5192295?v=4"],
      "gravatar_id": [""],
      "url": ["https://api.github.com/users/nikolamilosevic86"],
      "html_url": ["https://github.com/nikolamilosevic86"],
      "followers_url": ["https://api.github.com/users/nikolamilosevic86/followers"],
      "following_url": ["https://api.github.com/users/nikolamilosevic86/following{/other_user}"],
      "gists_url": ["https://api.github.com/users/nikolamilosevic86/gists{/gist_id}"],
      "starred_url": ["https://api.github.com/users/nikolamilosevic86/starred{/owner}{/repo}"],
      "subscriptions_url": ["https://api.github.com/users/nikolamilosevic86/subscriptions"],
      "organizations_url": ["https://api.github.com/users/nikolamilosevic86/orgs"],
      "repos_url": ["https://api.github.com/users/nikolamilosevic86/repos"],
      "events_url": ["https://api.github.com/users/nikolamilosevic86/events{/privacy}"],
      "received_events_url": ["https://api.github.com/users/nikolamilosevic86/received_events"],
      "type": ["User"],
      "site_admin": [false]
    },
    "html_url": ["https://github.com/nikolamilosevic86/yapf"],
    "description": ["A formatter for Python files"],
    "fork": [true],
    "url": ["https://api.github.com/repos/nikolamilosevic86/yapf"],
    "forks_url": ["https://api.github.com/repos/nikolamilosevic86/yapf/forks"],
    "keys_url": ["https://api.github.com/repos/nikolamilosevic86/yapf/keys{/key_id}"],
    "collaborators_url": ["https://api.github.com/repos/nikolamilosevic86/yapf/collaborators{/collaborator}"],
    "teams_url": ["https://api.github.com/repos/nikolamilosevic86/yapf/teams"],
    "hooks_url": ["https://api.github.com/repos/nikolamilosevic86/yapf/hooks"],
    "issue_events_url": ["https://api.github.com/repos/nikolamilosevic86/yapf/issues/events{/number}"],
    "events_url": ["https://api.github.com/repos/nikolamilosevic86/yapf/events"],
    "assignees_url": ["https://api.github.com/repos/nikolamilosevic86/yapf/assignees{/user}"],
    "branches_url": ["https://api.github.com/repos/nikolamilosevic86/yapf/branches{/branch}"],
    "tags_url": ["https://api.github.com/repos/nikolamilosevic86/yapf/tags"],
    "blobs_url": ["https://api.github.com/repos/nikolamilosevic86/yapf/git/blobs{/sha}"],
    "git_tags_url": ["https://api.github.com/repos/nikolamilosevic86/yapf/git/tags{/sha}"],
    "git_refs_url": ["https://api.github.com/repos/nikolamilosevic86/yapf/git/refs{/sha}"],
    "trees_url": ["https://api.github.com/repos/nikolamilosevic86/yapf/git/trees{/sha}"],
    "statuses_url": ["https://api.github.com/repos/nikolamilosevic86/yapf/statuses/{sha}"],
    "languages_url": ["https://api.github.com/repos/nikolamilosevic86/yapf/languages"],
    "stargazers_url": ["https://api.github.com/repos/nikolamilosevic86/yapf/stargazers"],
    "contributors_url": ["https://api.github.com/repos/nikolamilosevic86/yapf/contributors"],
    "subscribers_url": ["https://api.github.com/repos/nikolamilosevic86/yapf/subscribers"],
    "subscription_url": ["https://api.github.com/repos/nikolamilosevic86/yapf/subscription"],
    "commits_url": ["https://api.github.com/repos/nikolamilosevic86/yapf/commits{/sha}"],
    "git_commits_url": ["https://api.github.com/repos/nikolamilosevic86/yapf/git/commits{/sha}"],
    "comments_url": ["https://api.github.com/repos/nikolamilosevic86/yapf/comments{/number}"],
    "issue_comment_url": ["https://api.github.com/repos/nikolamilosevic86/yapf/issues/comments{/number}"],
    "contents_url": ["https://api.github.com/repos/nikolamilosevic86/yapf/contents/{+path}"],
    "compare_url": ["https://api.github.com/repos/nikolamilosevic86/yapf/compare/{base}...{head}"],
    "merges_url": ["https://api.github.com/repos/nikolamilosevic86/yapf/merges"],
    "archive_url": ["https://api.github.com/repos/nikolamilosevic86/yapf/{archive_format}{/ref}"],
    "downloads_url": ["https://api.github.com/repos/nikolamilosevic86/yapf/downloads"],
    "issues_url": ["https://api.github.com/repos/nikolamilosevic86/yapf/issues{/number}"],
    "pulls_url": ["https://api.github.com/repos/nikolamilosevic86/yapf/pulls{/number}"],
    "milestones_url": ["https://api.github.com/repos/nikolamilosevic86/yapf/milestones{/number}"],
    "notifications_url": ["https://api.github.com/repos/nikolamilosevic86/yapf/notifications{?since,all,participating}"],
    "labels_url": ["https://api.github.com/repos/nikolamilosevic86/yapf/labels{/name}"],
    "releases_url": ["https://api.github.com/repos/nikolamilosevic86/yapf/releases{/id}"],
    "deployments_url": ["https://api.github.com/repos/nikolamilosevic86/yapf/deployments"],
    "created_at": ["2015-09-26T22:50:45Z"],
    "updated_at": ["2015-09-26T22:50:47Z"],
    "pushed_at": ["2015-09-24T16:53:21Z"],
    "git_url": ["git://github.com/nikolamilosevic86/yapf.git"],
    "ssh_url": ["git@github.com:nikolamilosevic86/yapf.git"],
    "clone_url": ["https://github.com/nikolamilosevic86/yapf.git"],
    "svn_url": ["https://github.com/nikolamilosevic86/yapf"],
    "homepage": [""],
    "size": [578],
    "stargazers_count": [0],
    "watchers_count": [0],
    "language": ["Python"],
    "has_issues": [false],
    "has_projects": [true],
    "has_downloads": [true],
    "has_wiki": [true],
    "has_pages": [false],
    "forks_count": [0],
    "mirror_url": {},
    "archived": [false],
    "disabled": [false],
    "open_issues_count": [0],
    "license": {
      "key": ["apache-2.0"],
      "name": ["Apache License 2.0"],
      "spdx_id": ["Apache-2.0"],
      "url": ["https://api.github.com/licenses/apache-2.0"],
      "node_id": ["MDc6TGljZW5zZTI="]
    },
    "forks": [0],
    "open_issues": [0],
    "watchers": [0],
    "default_branch": ["master"],
    "permissions": {
      "admin": [false],
      "push": [false],
      "pull": [true]
    }
  }
]
