[
  {
    "id": [21818114],
    "node_id": ["MDEwOlJlcG9zaXRvcnkyMTgxODExNA=="],
    "name": ["xgoogle"],
    "full_name": ["nikolamilosevic86/xgoogle"],
    "private": [false],
    "owner": {
      "login": ["nikolamilosevic86"],
      "id": [5192295],
      "node_id": ["MDQ6VXNlcjUxOTIyOTU="],
      "avatar_url": ["https://avatars0.githubusercontent.com/u/5192295?v=4"],
      "gravatar_id": [""],
      "url": ["https://api.github.com/users/nikolamilosevic86"],
      "html_url": ["https://github.com/nikolamilosevic86"],
      "followers_url": ["https://api.github.com/users/nikolamilosevic86/followers"],
      "following_url": ["https://api.github.com/users/nikolamilosevic86/following{/other_user}"],
      "gists_url": ["https://api.github.com/users/nikolamilosevic86/gists{/gist_id}"],
      "starred_url": ["https://api.github.com/users/nikolamilosevic86/starred{/owner}{/repo}"],
      "subscriptions_url": ["https://api.github.com/users/nikolamilosevic86/subscriptions"],
      "organizations_url": ["https://api.github.com/users/nikolamilosevic86/orgs"],
      "repos_url": ["https://api.github.com/users/nikolamilosevic86/repos"],
      "events_url": ["https://api.github.com/users/nikolamilosevic86/events{/privacy}"],
      "received_events_url": ["https://api.github.com/users/nikolamilosevic86/received_events"],
      "type": ["User"],
      "site_admin": [false]
    },
    "html_url": ["https://github.com/nikolamilosevic86/xgoogle"],
    "description": ["Python library to Google services (google search, google sets, google translate, sponsored links)"],
    "fork": [true],
    "url": ["https://api.github.com/repos/nikolamilosevic86/xgoogle"],
    "forks_url": ["https://api.github.com/repos/nikolamilosevic86/xgoogle/forks"],
    "keys_url": ["https://api.github.com/repos/nikolamilosevic86/xgoogle/keys{/key_id}"],
    "collaborators_url": ["https://api.github.com/repos/nikolamilosevic86/xgoogle/collaborators{/collaborator}"],
    "teams_url": ["https://api.github.com/repos/nikolamilosevic86/xgoogle/teams"],
    "hooks_url": ["https://api.github.com/repos/nikolamilosevic86/xgoogle/hooks"],
    "issue_events_url": ["https://api.github.com/repos/nikolamilosevic86/xgoogle/issues/events{/number}"],
    "events_url": ["https://api.github.com/repos/nikolamilosevic86/xgoogle/events"],
    "assignees_url": ["https://api.github.com/repos/nikolamilosevic86/xgoogle/assignees{/user}"],
    "branches_url": ["https://api.github.com/repos/nikolamilosevic86/xgoogle/branches{/branch}"],
    "tags_url": ["https://api.github.com/repos/nikolamilosevic86/xgoogle/tags"],
    "blobs_url": ["https://api.github.com/repos/nikolamilosevic86/xgoogle/git/blobs{/sha}"],
    "git_tags_url": ["https://api.github.com/repos/nikolamilosevic86/xgoogle/git/tags{/sha}"],
    "git_refs_url": ["https://api.github.com/repos/nikolamilosevic86/xgoogle/git/refs{/sha}"],
    "trees_url": ["https://api.github.com/repos/nikolamilosevic86/xgoogle/git/trees{/sha}"],
    "statuses_url": ["https://api.github.com/repos/nikolamilosevic86/xgoogle/statuses/{sha}"],
    "languages_url": ["https://api.github.com/repos/nikolamilosevic86/xgoogle/languages"],
    "stargazers_url": ["https://api.github.com/repos/nikolamilosevic86/xgoogle/stargazers"],
    "contributors_url": ["https://api.github.com/repos/nikolamilosevic86/xgoogle/contributors"],
    "subscribers_url": ["https://api.github.com/repos/nikolamilosevic86/xgoogle/subscribers"],
    "subscription_url": ["https://api.github.com/repos/nikolamilosevic86/xgoogle/subscription"],
    "commits_url": ["https://api.github.com/repos/nikolamilosevic86/xgoogle/commits{/sha}"],
    "git_commits_url": ["https://api.github.com/repos/nikolamilosevic86/xgoogle/git/commits{/sha}"],
    "comments_url": ["https://api.github.com/repos/nikolamilosevic86/xgoogle/comments{/number}"],
    "issue_comment_url": ["https://api.github.com/repos/nikolamilosevic86/xgoogle/issues/comments{/number}"],
    "contents_url": ["https://api.github.com/repos/nikolamilosevic86/xgoogle/contents/{+path}"],
    "compare_url": ["https://api.github.com/repos/nikolamilosevic86/xgoogle/compare/{base}...{head}"],
    "merges_url": ["https://api.github.com/repos/nikolamilosevic86/xgoogle/merges"],
    "archive_url": ["https://api.github.com/repos/nikolamilosevic86/xgoogle/{archive_format}{/ref}"],
    "downloads_url": ["https://api.github.com/repos/nikolamilosevic86/xgoogle/downloads"],
    "issues_url": ["https://api.github.com/repos/nikolamilosevic86/xgoogle/issues{/number}"],
    "pulls_url": ["https://api.github.com/repos/nikolamilosevic86/xgoogle/pulls{/number}"],
    "milestones_url": ["https://api.github.com/repos/nikolamilosevic86/xgoogle/milestones{/number}"],
    "notifications_url": ["https://api.github.com/repos/nikolamilosevic86/xgoogle/notifications{?since,all,participating}"],
    "labels_url": ["https://api.github.com/repos/nikolamilosevic86/xgoogle/labels{/name}"],
    "releases_url": ["https://api.github.com/repos/nikolamilosevic86/xgoogle/releases{/id}"],
    "deployments_url": ["https://api.github.com/repos/nikolamilosevic86/xgoogle/deployments"],
    "created_at": ["2014-07-14T12:03:39Z"],
    "updated_at": ["2014-07-14T12:07:25Z"],
    "pushed_at": ["2014-09-10T18:28:20Z"],
    "git_url": ["git://github.com/nikolamilosevic86/xgoogle.git"],
    "ssh_url": ["git@github.com:nikolamilosevic86/xgoogle.git"],
    "clone_url": ["https://github.com/nikolamilosevic86/xgoogle.git"],
    "svn_url": ["https://github.com/nikolamilosevic86/xgoogle"],
    "homepage": ["http://www.catonmat.net/blog/python-library-for-google-search/"],
    "size": [242],
    "stargazers_count": [0],
    "watchers_count": [0],
    "language": ["Python"],
    "has_issues": [false],
    "has_projects": [true],
    "has_downloads": [true],
    "has_wiki": [true],
    "has_pages": [false],
    "forks_count": [1],
    "mirror_url": {},
    "archived": [false],
    "disabled": [false],
    "open_issues_count": [0],
    "license": {},
    "forks": [1],
    "open_issues": [0],
    "watchers": [0],
    "default_branch": ["master"],
    "permissions": {
      "admin": [false],
      "push": [false],
      "pull": [true]
    }
  }
]
