[
  {
    "id": [53570630],
    "node_id": ["MDEwOlJlcG9zaXRvcnk1MzU3MDYzMA=="],
    "name": ["demo-ontology"],
    "full_name": ["nikolamilosevic86/demo-ontology"],
    "private": [false],
    "owner": {
      "login": ["nikolamilosevic86"],
      "id": [5192295],
      "node_id": ["MDQ6VXNlcjUxOTIyOTU="],
      "avatar_url": ["https://avatars0.githubusercontent.com/u/5192295?v=4"],
      "gravatar_id": [""],
      "url": ["https://api.github.com/users/nikolamilosevic86"],
      "html_url": ["https://github.com/nikolamilosevic86"],
      "followers_url": ["https://api.github.com/users/nikolamilosevic86/followers"],
      "following_url": ["https://api.github.com/users/nikolamilosevic86/following{/other_user}"],
      "gists_url": ["https://api.github.com/users/nikolamilosevic86/gists{/gist_id}"],
      "starred_url": ["https://api.github.com/users/nikolamilosevic86/starred{/owner}{/repo}"],
      "subscriptions_url": ["https://api.github.com/users/nikolamilosevic86/subscriptions"],
      "organizations_url": ["https://api.github.com/users/nikolamilosevic86/orgs"],
      "repos_url": ["https://api.github.com/users/nikolamilosevic86/repos"],
      "events_url": ["https://api.github.com/users/nikolamilosevic86/events{/privacy}"],
      "received_events_url": ["https://api.github.com/users/nikolamilosevic86/received_events"],
      "type": ["User"],
      "site_admin": [false]
    },
    "html_url": ["https://github.com/nikolamilosevic86/demo-ontology"],
    "description": ["Automatically exported from code.google.com/p/demo-ontology"],
    "fork": [false],
    "url": ["https://api.github.com/repos/nikolamilosevic86/demo-ontology"],
    "forks_url": ["https://api.github.com/repos/nikolamilosevic86/demo-ontology/forks"],
    "keys_url": ["https://api.github.com/repos/nikolamilosevic86/demo-ontology/keys{/key_id}"],
    "collaborators_url": ["https://api.github.com/repos/nikolamilosevic86/demo-ontology/collaborators{/collaborator}"],
    "teams_url": ["https://api.github.com/repos/nikolamilosevic86/demo-ontology/teams"],
    "hooks_url": ["https://api.github.com/repos/nikolamilosevic86/demo-ontology/hooks"],
    "issue_events_url": ["https://api.github.com/repos/nikolamilosevic86/demo-ontology/issues/events{/number}"],
    "events_url": ["https://api.github.com/repos/nikolamilosevic86/demo-ontology/events"],
    "assignees_url": ["https://api.github.com/repos/nikolamilosevic86/demo-ontology/assignees{/user}"],
    "branches_url": ["https://api.github.com/repos/nikolamilosevic86/demo-ontology/branches{/branch}"],
    "tags_url": ["https://api.github.com/repos/nikolamilosevic86/demo-ontology/tags"],
    "blobs_url": ["https://api.github.com/repos/nikolamilosevic86/demo-ontology/git/blobs{/sha}"],
    "git_tags_url": ["https://api.github.com/repos/nikolamilosevic86/demo-ontology/git/tags{/sha}"],
    "git_refs_url": ["https://api.github.com/repos/nikolamilosevic86/demo-ontology/git/refs{/sha}"],
    "trees_url": ["https://api.github.com/repos/nikolamilosevic86/demo-ontology/git/trees{/sha}"],
    "statuses_url": ["https://api.github.com/repos/nikolamilosevic86/demo-ontology/statuses/{sha}"],
    "languages_url": ["https://api.github.com/repos/nikolamilosevic86/demo-ontology/languages"],
    "stargazers_url": ["https://api.github.com/repos/nikolamilosevic86/demo-ontology/stargazers"],
    "contributors_url": ["https://api.github.com/repos/nikolamilosevic86/demo-ontology/contributors"],
    "subscribers_url": ["https://api.github.com/repos/nikolamilosevic86/demo-ontology/subscribers"],
    "subscription_url": ["https://api.github.com/repos/nikolamilosevic86/demo-ontology/subscription"],
    "commits_url": ["https://api.github.com/repos/nikolamilosevic86/demo-ontology/commits{/sha}"],
    "git_commits_url": ["https://api.github.com/repos/nikolamilosevic86/demo-ontology/git/commits{/sha}"],
    "comments_url": ["https://api.github.com/repos/nikolamilosevic86/demo-ontology/comments{/number}"],
    "issue_comment_url": ["https://api.github.com/repos/nikolamilosevic86/demo-ontology/issues/comments{/number}"],
    "contents_url": ["https://api.github.com/repos/nikolamilosevic86/demo-ontology/contents/{+path}"],
    "compare_url": ["https://api.github.com/repos/nikolamilosevic86/demo-ontology/compare/{base}...{head}"],
    "merges_url": ["https://api.github.com/repos/nikolamilosevic86/demo-ontology/merges"],
    "archive_url": ["https://api.github.com/repos/nikolamilosevic86/demo-ontology/{archive_format}{/ref}"],
    "downloads_url": ["https://api.github.com/repos/nikolamilosevic86/demo-ontology/downloads"],
    "issues_url": ["https://api.github.com/repos/nikolamilosevic86/demo-ontology/issues{/number}"],
    "pulls_url": ["https://api.github.com/repos/nikolamilosevic86/demo-ontology/pulls{/number}"],
    "milestones_url": ["https://api.github.com/repos/nikolamilosevic86/demo-ontology/milestones{/number}"],
    "notifications_url": ["https://api.github.com/repos/nikolamilosevic86/demo-ontology/notifications{?since,all,participating}"],
    "labels_url": ["https://api.github.com/repos/nikolamilosevic86/demo-ontology/labels{/name}"],
    "releases_url": ["https://api.github.com/repos/nikolamilosevic86/demo-ontology/releases{/id}"],
    "deployments_url": ["https://api.github.com/repos/nikolamilosevic86/demo-ontology/deployments"],
    "created_at": ["2016-03-10T09:08:51Z"],
    "updated_at": ["2016-03-10T09:10:49Z"],
    "pushed_at": ["2016-03-10T09:12:12Z"],
    "git_url": ["git://github.com/nikolamilosevic86/demo-ontology.git"],
    "ssh_url": ["git@github.com:nikolamilosevic86/demo-ontology.git"],
    "clone_url": ["https://github.com/nikolamilosevic86/demo-ontology.git"],
    "svn_url": ["https://github.com/nikolamilosevic86/demo-ontology"],
    "homepage": {},
    "size": [1167],
    "stargazers_count": [0],
    "watchers_count": [0],
    "language": ["Web Ontology Language"],
    "has_issues": [true],
    "has_projects": [true],
    "has_downloads": [false],
    "has_wiki": [false],
    "has_pages": [false],
    "forks_count": [0],
    "mirror_url": {},
    "archived": [false],
    "disabled": [false],
    "open_issues_count": [0],
    "license": {},
    "forks": [0],
    "open_issues": [0],
    "watchers": [0],
    "default_branch": ["master"],
    "permissions": {
      "admin": [false],
      "push": [false],
      "pull": [true]
    }
  }
]
