[
  {
    "id": [17316131],
    "node_id": ["MDEwOlJlcG9zaXRvcnkxNzMxNjEzMQ=="],
    "name": ["politic-bot"],
    "full_name": ["nikolamilosevic86/politic-bot"],
    "private": [false],
    "owner": {
      "login": ["nikolamilosevic86"],
      "id": [5192295],
      "node_id": ["MDQ6VXNlcjUxOTIyOTU="],
      "avatar_url": ["https://avatars0.githubusercontent.com/u/5192295?v=4"],
      "gravatar_id": [""],
      "url": ["https://api.github.com/users/nikolamilosevic86"],
      "html_url": ["https://github.com/nikolamilosevic86"],
      "followers_url": ["https://api.github.com/users/nikolamilosevic86/followers"],
      "following_url": ["https://api.github.com/users/nikolamilosevic86/following{/other_user}"],
      "gists_url": ["https://api.github.com/users/nikolamilosevic86/gists{/gist_id}"],
      "starred_url": ["https://api.github.com/users/nikolamilosevic86/starred{/owner}{/repo}"],
      "subscriptions_url": ["https://api.github.com/users/nikolamilosevic86/subscriptions"],
      "organizations_url": ["https://api.github.com/users/nikolamilosevic86/orgs"],
      "repos_url": ["https://api.github.com/users/nikolamilosevic86/repos"],
      "events_url": ["https://api.github.com/users/nikolamilosevic86/events{/privacy}"],
      "received_events_url": ["https://api.github.com/users/nikolamilosevic86/received_events"],
      "type": ["User"],
      "site_admin": [false]
    },
    "html_url": ["https://github.com/nikolamilosevic86/politic-bot"],
    "description": ["PoliticBot"],
    "fork": [false],
    "url": ["https://api.github.com/repos/nikolamilosevic86/politic-bot"],
    "forks_url": ["https://api.github.com/repos/nikolamilosevic86/politic-bot/forks"],
    "keys_url": ["https://api.github.com/repos/nikolamilosevic86/politic-bot/keys{/key_id}"],
    "collaborators_url": ["https://api.github.com/repos/nikolamilosevic86/politic-bot/collaborators{/collaborator}"],
    "teams_url": ["https://api.github.com/repos/nikolamilosevic86/politic-bot/teams"],
    "hooks_url": ["https://api.github.com/repos/nikolamilosevic86/politic-bot/hooks"],
    "issue_events_url": ["https://api.github.com/repos/nikolamilosevic86/politic-bot/issues/events{/number}"],
    "events_url": ["https://api.github.com/repos/nikolamilosevic86/politic-bot/events"],
    "assignees_url": ["https://api.github.com/repos/nikolamilosevic86/politic-bot/assignees{/user}"],
    "branches_url": ["https://api.github.com/repos/nikolamilosevic86/politic-bot/branches{/branch}"],
    "tags_url": ["https://api.github.com/repos/nikolamilosevic86/politic-bot/tags"],
    "blobs_url": ["https://api.github.com/repos/nikolamilosevic86/politic-bot/git/blobs{/sha}"],
    "git_tags_url": ["https://api.github.com/repos/nikolamilosevic86/politic-bot/git/tags{/sha}"],
    "git_refs_url": ["https://api.github.com/repos/nikolamilosevic86/politic-bot/git/refs{/sha}"],
    "trees_url": ["https://api.github.com/repos/nikolamilosevic86/politic-bot/git/trees{/sha}"],
    "statuses_url": ["https://api.github.com/repos/nikolamilosevic86/politic-bot/statuses/{sha}"],
    "languages_url": ["https://api.github.com/repos/nikolamilosevic86/politic-bot/languages"],
    "stargazers_url": ["https://api.github.com/repos/nikolamilosevic86/politic-bot/stargazers"],
    "contributors_url": ["https://api.github.com/repos/nikolamilosevic86/politic-bot/contributors"],
    "subscribers_url": ["https://api.github.com/repos/nikolamilosevic86/politic-bot/subscribers"],
    "subscription_url": ["https://api.github.com/repos/nikolamilosevic86/politic-bot/subscription"],
    "commits_url": ["https://api.github.com/repos/nikolamilosevic86/politic-bot/commits{/sha}"],
    "git_commits_url": ["https://api.github.com/repos/nikolamilosevic86/politic-bot/git/commits{/sha}"],
    "comments_url": ["https://api.github.com/repos/nikolamilosevic86/politic-bot/comments{/number}"],
    "issue_comment_url": ["https://api.github.com/repos/nikolamilosevic86/politic-bot/issues/comments{/number}"],
    "contents_url": ["https://api.github.com/repos/nikolamilosevic86/politic-bot/contents/{+path}"],
    "compare_url": ["https://api.github.com/repos/nikolamilosevic86/politic-bot/compare/{base}...{head}"],
    "merges_url": ["https://api.github.com/repos/nikolamilosevic86/politic-bot/merges"],
    "archive_url": ["https://api.github.com/repos/nikolamilosevic86/politic-bot/{archive_format}{/ref}"],
    "downloads_url": ["https://api.github.com/repos/nikolamilosevic86/politic-bot/downloads"],
    "issues_url": ["https://api.github.com/repos/nikolamilosevic86/politic-bot/issues{/number}"],
    "pulls_url": ["https://api.github.com/repos/nikolamilosevic86/politic-bot/pulls{/number}"],
    "milestones_url": ["https://api.github.com/repos/nikolamilosevic86/politic-bot/milestones{/number}"],
    "notifications_url": ["https://api.github.com/repos/nikolamilosevic86/politic-bot/notifications{?since,all,participating}"],
    "labels_url": ["https://api.github.com/repos/nikolamilosevic86/politic-bot/labels{/name}"],
    "releases_url": ["https://api.github.com/repos/nikolamilosevic86/politic-bot/releases{/id}"],
    "deployments_url": ["https://api.github.com/repos/nikolamilosevic86/politic-bot/deployments"],
    "created_at": ["2014-03-01T14:07:57Z"],
    "updated_at": ["2017-06-29T09:26:52Z"],
    "pushed_at": ["2017-06-29T09:24:01Z"],
    "git_url": ["git://github.com/nikolamilosevic86/politic-bot.git"],
    "ssh_url": ["git@github.com:nikolamilosevic86/politic-bot.git"],
    "clone_url": ["https://github.com/nikolamilosevic86/politic-bot.git"],
    "svn_url": ["https://github.com/nikolamilosevic86/politic-bot"],
    "homepage": {},
    "size": [466],
    "stargazers_count": [5],
    "watchers_count": [5],
    "language": ["Python"],
    "has_issues": [true],
    "has_projects": [true],
    "has_downloads": [true],
    "has_wiki": [true],
    "has_pages": [false],
    "forks_count": [1],
    "mirror_url": {},
    "archived": [false],
    "disabled": [false],
    "open_issues_count": [0],
    "license": {
      "key": ["gpl-3.0"],
      "name": ["GNU General Public License v3.0"],
      "spdx_id": ["GPL-3.0"],
      "url": ["https://api.github.com/licenses/gpl-3.0"],
      "node_id": ["MDc6TGljZW5zZTk="]
    },
    "forks": [1],
    "open_issues": [0],
    "watchers": [5],
    "default_branch": ["master"],
    "permissions": {
      "admin": [false],
      "push": [false],
      "pull": [true]
    }
  }
]
