[
  {
    "id": [67498195],
    "node_id": ["MDEwOlJlcG9zaXRvcnk2NzQ5ODE5NQ=="],
    "name": ["RichAnnotator"],
    "full_name": ["nikolamilosevic86/RichAnnotator"],
    "private": [false],
    "owner": {
      "login": ["nikolamilosevic86"],
      "id": [5192295],
      "node_id": ["MDQ6VXNlcjUxOTIyOTU="],
      "avatar_url": ["https://avatars0.githubusercontent.com/u/5192295?v=4"],
      "gravatar_id": [""],
      "url": ["https://api.github.com/users/nikolamilosevic86"],
      "html_url": ["https://github.com/nikolamilosevic86"],
      "followers_url": ["https://api.github.com/users/nikolamilosevic86/followers"],
      "following_url": ["https://api.github.com/users/nikolamilosevic86/following{/other_user}"],
      "gists_url": ["https://api.github.com/users/nikolamilosevic86/gists{/gist_id}"],
      "starred_url": ["https://api.github.com/users/nikolamilosevic86/starred{/owner}{/repo}"],
      "subscriptions_url": ["https://api.github.com/users/nikolamilosevic86/subscriptions"],
      "organizations_url": ["https://api.github.com/users/nikolamilosevic86/orgs"],
      "repos_url": ["https://api.github.com/users/nikolamilosevic86/repos"],
      "events_url": ["https://api.github.com/users/nikolamilosevic86/events{/privacy}"],
      "received_events_url": ["https://api.github.com/users/nikolamilosevic86/received_events"],
      "type": ["User"],
      "site_admin": [false]
    },
    "html_url": ["https://github.com/nikolamilosevic86/RichAnnotator"],
    "description": ["Annotation tool for rich/structured (XML) documents"],
    "fork": [false],
    "url": ["https://api.github.com/repos/nikolamilosevic86/RichAnnotator"],
    "forks_url": ["https://api.github.com/repos/nikolamilosevic86/RichAnnotator/forks"],
    "keys_url": ["https://api.github.com/repos/nikolamilosevic86/RichAnnotator/keys{/key_id}"],
    "collaborators_url": ["https://api.github.com/repos/nikolamilosevic86/RichAnnotator/collaborators{/collaborator}"],
    "teams_url": ["https://api.github.com/repos/nikolamilosevic86/RichAnnotator/teams"],
    "hooks_url": ["https://api.github.com/repos/nikolamilosevic86/RichAnnotator/hooks"],
    "issue_events_url": ["https://api.github.com/repos/nikolamilosevic86/RichAnnotator/issues/events{/number}"],
    "events_url": ["https://api.github.com/repos/nikolamilosevic86/RichAnnotator/events"],
    "assignees_url": ["https://api.github.com/repos/nikolamilosevic86/RichAnnotator/assignees{/user}"],
    "branches_url": ["https://api.github.com/repos/nikolamilosevic86/RichAnnotator/branches{/branch}"],
    "tags_url": ["https://api.github.com/repos/nikolamilosevic86/RichAnnotator/tags"],
    "blobs_url": ["https://api.github.com/repos/nikolamilosevic86/RichAnnotator/git/blobs{/sha}"],
    "git_tags_url": ["https://api.github.com/repos/nikolamilosevic86/RichAnnotator/git/tags{/sha}"],
    "git_refs_url": ["https://api.github.com/repos/nikolamilosevic86/RichAnnotator/git/refs{/sha}"],
    "trees_url": ["https://api.github.com/repos/nikolamilosevic86/RichAnnotator/git/trees{/sha}"],
    "statuses_url": ["https://api.github.com/repos/nikolamilosevic86/RichAnnotator/statuses/{sha}"],
    "languages_url": ["https://api.github.com/repos/nikolamilosevic86/RichAnnotator/languages"],
    "stargazers_url": ["https://api.github.com/repos/nikolamilosevic86/RichAnnotator/stargazers"],
    "contributors_url": ["https://api.github.com/repos/nikolamilosevic86/RichAnnotator/contributors"],
    "subscribers_url": ["https://api.github.com/repos/nikolamilosevic86/RichAnnotator/subscribers"],
    "subscription_url": ["https://api.github.com/repos/nikolamilosevic86/RichAnnotator/subscription"],
    "commits_url": ["https://api.github.com/repos/nikolamilosevic86/RichAnnotator/commits{/sha}"],
    "git_commits_url": ["https://api.github.com/repos/nikolamilosevic86/RichAnnotator/git/commits{/sha}"],
    "comments_url": ["https://api.github.com/repos/nikolamilosevic86/RichAnnotator/comments{/number}"],
    "issue_comment_url": ["https://api.github.com/repos/nikolamilosevic86/RichAnnotator/issues/comments{/number}"],
    "contents_url": ["https://api.github.com/repos/nikolamilosevic86/RichAnnotator/contents/{+path}"],
    "compare_url": ["https://api.github.com/repos/nikolamilosevic86/RichAnnotator/compare/{base}...{head}"],
    "merges_url": ["https://api.github.com/repos/nikolamilosevic86/RichAnnotator/merges"],
    "archive_url": ["https://api.github.com/repos/nikolamilosevic86/RichAnnotator/{archive_format}{/ref}"],
    "downloads_url": ["https://api.github.com/repos/nikolamilosevic86/RichAnnotator/downloads"],
    "issues_url": ["https://api.github.com/repos/nikolamilosevic86/RichAnnotator/issues{/number}"],
    "pulls_url": ["https://api.github.com/repos/nikolamilosevic86/RichAnnotator/pulls{/number}"],
    "milestones_url": ["https://api.github.com/repos/nikolamilosevic86/RichAnnotator/milestones{/number}"],
    "notifications_url": ["https://api.github.com/repos/nikolamilosevic86/RichAnnotator/notifications{?since,all,participating}"],
    "labels_url": ["https://api.github.com/repos/nikolamilosevic86/RichAnnotator/labels{/name}"],
    "releases_url": ["https://api.github.com/repos/nikolamilosevic86/RichAnnotator/releases{/id}"],
    "deployments_url": ["https://api.github.com/repos/nikolamilosevic86/RichAnnotator/deployments"],
    "created_at": ["2016-09-06T10:30:12Z"],
    "updated_at": ["2016-09-23T14:40:37Z"],
    "pushed_at": ["2016-09-23T14:11:26Z"],
    "git_url": ["git://github.com/nikolamilosevic86/RichAnnotator.git"],
    "ssh_url": ["git@github.com:nikolamilosevic86/RichAnnotator.git"],
    "clone_url": ["https://github.com/nikolamilosevic86/RichAnnotator.git"],
    "svn_url": ["https://github.com/nikolamilosevic86/RichAnnotator"],
    "homepage": [""],
    "size": [163],
    "stargazers_count": [0],
    "watchers_count": [0],
    "language": ["JavaScript"],
    "has_issues": [true],
    "has_projects": [true],
    "has_downloads": [true],
    "has_wiki": [true],
    "has_pages": [false],
    "forks_count": [0],
    "mirror_url": {},
    "archived": [false],
    "disabled": [false],
    "open_issues_count": [0],
    "license": {
      "key": ["gpl-3.0"],
      "name": ["GNU General Public License v3.0"],
      "spdx_id": ["GPL-3.0"],
      "url": ["https://api.github.com/licenses/gpl-3.0"],
      "node_id": ["MDc6TGljZW5zZTk="]
    },
    "forks": [0],
    "open_issues": [0],
    "watchers": [0],
    "default_branch": ["master"],
    "permissions": {
      "admin": [false],
      "push": [false],
      "pull": [true]
    }
  }
]
