[
  {
    "id": [142996207],
    "node_id": ["MDEwOlJlcG9zaXRvcnkxNDI5OTYyMDc="],
    "name": ["BratReader"],
    "full_name": ["nikolamilosevic86/BratReader"],
    "private": [false],
    "owner": {
      "login": ["nikolamilosevic86"],
      "id": [5192295],
      "node_id": ["MDQ6VXNlcjUxOTIyOTU="],
      "avatar_url": ["https://avatars0.githubusercontent.com/u/5192295?v=4"],
      "gravatar_id": [""],
      "url": ["https://api.github.com/users/nikolamilosevic86"],
      "html_url": ["https://github.com/nikolamilosevic86"],
      "followers_url": ["https://api.github.com/users/nikolamilosevic86/followers"],
      "following_url": ["https://api.github.com/users/nikolamilosevic86/following{/other_user}"],
      "gists_url": ["https://api.github.com/users/nikolamilosevic86/gists{/gist_id}"],
      "starred_url": ["https://api.github.com/users/nikolamilosevic86/starred{/owner}{/repo}"],
      "subscriptions_url": ["https://api.github.com/users/nikolamilosevic86/subscriptions"],
      "organizations_url": ["https://api.github.com/users/nikolamilosevic86/orgs"],
      "repos_url": ["https://api.github.com/users/nikolamilosevic86/repos"],
      "events_url": ["https://api.github.com/users/nikolamilosevic86/events{/privacy}"],
      "received_events_url": ["https://api.github.com/users/nikolamilosevic86/received_events"],
      "type": ["User"],
      "site_admin": [false]
    },
    "html_url": ["https://github.com/nikolamilosevic86/BratReader"],
    "description": ["Data structures to read and use brat annotated files"],
    "fork": [false],
    "url": ["https://api.github.com/repos/nikolamilosevic86/BratReader"],
    "forks_url": ["https://api.github.com/repos/nikolamilosevic86/BratReader/forks"],
    "keys_url": ["https://api.github.com/repos/nikolamilosevic86/BratReader/keys{/key_id}"],
    "collaborators_url": ["https://api.github.com/repos/nikolamilosevic86/BratReader/collaborators{/collaborator}"],
    "teams_url": ["https://api.github.com/repos/nikolamilosevic86/BratReader/teams"],
    "hooks_url": ["https://api.github.com/repos/nikolamilosevic86/BratReader/hooks"],
    "issue_events_url": ["https://api.github.com/repos/nikolamilosevic86/BratReader/issues/events{/number}"],
    "events_url": ["https://api.github.com/repos/nikolamilosevic86/BratReader/events"],
    "assignees_url": ["https://api.github.com/repos/nikolamilosevic86/BratReader/assignees{/user}"],
    "branches_url": ["https://api.github.com/repos/nikolamilosevic86/BratReader/branches{/branch}"],
    "tags_url": ["https://api.github.com/repos/nikolamilosevic86/BratReader/tags"],
    "blobs_url": ["https://api.github.com/repos/nikolamilosevic86/BratReader/git/blobs{/sha}"],
    "git_tags_url": ["https://api.github.com/repos/nikolamilosevic86/BratReader/git/tags{/sha}"],
    "git_refs_url": ["https://api.github.com/repos/nikolamilosevic86/BratReader/git/refs{/sha}"],
    "trees_url": ["https://api.github.com/repos/nikolamilosevic86/BratReader/git/trees{/sha}"],
    "statuses_url": ["https://api.github.com/repos/nikolamilosevic86/BratReader/statuses/{sha}"],
    "languages_url": ["https://api.github.com/repos/nikolamilosevic86/BratReader/languages"],
    "stargazers_url": ["https://api.github.com/repos/nikolamilosevic86/BratReader/stargazers"],
    "contributors_url": ["https://api.github.com/repos/nikolamilosevic86/BratReader/contributors"],
    "subscribers_url": ["https://api.github.com/repos/nikolamilosevic86/BratReader/subscribers"],
    "subscription_url": ["https://api.github.com/repos/nikolamilosevic86/BratReader/subscription"],
    "commits_url": ["https://api.github.com/repos/nikolamilosevic86/BratReader/commits{/sha}"],
    "git_commits_url": ["https://api.github.com/repos/nikolamilosevic86/BratReader/git/commits{/sha}"],
    "comments_url": ["https://api.github.com/repos/nikolamilosevic86/BratReader/comments{/number}"],
    "issue_comment_url": ["https://api.github.com/repos/nikolamilosevic86/BratReader/issues/comments{/number}"],
    "contents_url": ["https://api.github.com/repos/nikolamilosevic86/BratReader/contents/{+path}"],
    "compare_url": ["https://api.github.com/repos/nikolamilosevic86/BratReader/compare/{base}...{head}"],
    "merges_url": ["https://api.github.com/repos/nikolamilosevic86/BratReader/merges"],
    "archive_url": ["https://api.github.com/repos/nikolamilosevic86/BratReader/{archive_format}{/ref}"],
    "downloads_url": ["https://api.github.com/repos/nikolamilosevic86/BratReader/downloads"],
    "issues_url": ["https://api.github.com/repos/nikolamilosevic86/BratReader/issues{/number}"],
    "pulls_url": ["https://api.github.com/repos/nikolamilosevic86/BratReader/pulls{/number}"],
    "milestones_url": ["https://api.github.com/repos/nikolamilosevic86/BratReader/milestones{/number}"],
    "notifications_url": ["https://api.github.com/repos/nikolamilosevic86/BratReader/notifications{?since,all,participating}"],
    "labels_url": ["https://api.github.com/repos/nikolamilosevic86/BratReader/labels{/name}"],
    "releases_url": ["https://api.github.com/repos/nikolamilosevic86/BratReader/releases{/id}"],
    "deployments_url": ["https://api.github.com/repos/nikolamilosevic86/BratReader/deployments"],
    "created_at": ["2018-07-31T10:00:11Z"],
    "updated_at": ["2018-08-29T21:18:58Z"],
    "pushed_at": ["2018-08-29T21:18:57Z"],
    "git_url": ["git://github.com/nikolamilosevic86/BratReader.git"],
    "ssh_url": ["git@github.com:nikolamilosevic86/BratReader.git"],
    "clone_url": ["https://github.com/nikolamilosevic86/BratReader.git"],
    "svn_url": ["https://github.com/nikolamilosevic86/BratReader"],
    "homepage": {},
    "size": [37],
    "stargazers_count": [0],
    "watchers_count": [0],
    "language": ["Python"],
    "has_issues": [true],
    "has_projects": [true],
    "has_downloads": [true],
    "has_wiki": [true],
    "has_pages": [false],
    "forks_count": [0],
    "mirror_url": {},
    "archived": [false],
    "disabled": [false],
    "open_issues_count": [0],
    "license": {
      "key": ["gpl-3.0"],
      "name": ["GNU General Public License v3.0"],
      "spdx_id": ["GPL-3.0"],
      "url": ["https://api.github.com/licenses/gpl-3.0"],
      "node_id": ["MDc6TGljZW5zZTk="]
    },
    "forks": [0],
    "open_issues": [0],
    "watchers": [0],
    "default_branch": ["master"],
    "permissions": {
      "admin": [false],
      "push": [false],
      "pull": [true]
    }
  }
]
