[
  {
    "id": [43961958],
    "node_id": ["MDEwOlJlcG9zaXRvcnk0Mzk2MTk1OA=="],
    "name": ["TableComparator"],
    "full_name": ["nikolamilosevic86/TableComparator"],
    "private": [false],
    "owner": {
      "login": ["nikolamilosevic86"],
      "id": [5192295],
      "node_id": ["MDQ6VXNlcjUxOTIyOTU="],
      "avatar_url": ["https://avatars0.githubusercontent.com/u/5192295?v=4"],
      "gravatar_id": [""],
      "url": ["https://api.github.com/users/nikolamilosevic86"],
      "html_url": ["https://github.com/nikolamilosevic86"],
      "followers_url": ["https://api.github.com/users/nikolamilosevic86/followers"],
      "following_url": ["https://api.github.com/users/nikolamilosevic86/following{/other_user}"],
      "gists_url": ["https://api.github.com/users/nikolamilosevic86/gists{/gist_id}"],
      "starred_url": ["https://api.github.com/users/nikolamilosevic86/starred{/owner}{/repo}"],
      "subscriptions_url": ["https://api.github.com/users/nikolamilosevic86/subscriptions"],
      "organizations_url": ["https://api.github.com/users/nikolamilosevic86/orgs"],
      "repos_url": ["https://api.github.com/users/nikolamilosevic86/repos"],
      "events_url": ["https://api.github.com/users/nikolamilosevic86/events{/privacy}"],
      "received_events_url": ["https://api.github.com/users/nikolamilosevic86/received_events"],
      "type": ["User"],
      "site_admin": [false]
    },
    "html_url": ["https://github.com/nikolamilosevic86/TableComparator"],
    "description": {},
    "fork": [false],
    "url": ["https://api.github.com/repos/nikolamilosevic86/TableComparator"],
    "forks_url": ["https://api.github.com/repos/nikolamilosevic86/TableComparator/forks"],
    "keys_url": ["https://api.github.com/repos/nikolamilosevic86/TableComparator/keys{/key_id}"],
    "collaborators_url": ["https://api.github.com/repos/nikolamilosevic86/TableComparator/collaborators{/collaborator}"],
    "teams_url": ["https://api.github.com/repos/nikolamilosevic86/TableComparator/teams"],
    "hooks_url": ["https://api.github.com/repos/nikolamilosevic86/TableComparator/hooks"],
    "issue_events_url": ["https://api.github.com/repos/nikolamilosevic86/TableComparator/issues/events{/number}"],
    "events_url": ["https://api.github.com/repos/nikolamilosevic86/TableComparator/events"],
    "assignees_url": ["https://api.github.com/repos/nikolamilosevic86/TableComparator/assignees{/user}"],
    "branches_url": ["https://api.github.com/repos/nikolamilosevic86/TableComparator/branches{/branch}"],
    "tags_url": ["https://api.github.com/repos/nikolamilosevic86/TableComparator/tags"],
    "blobs_url": ["https://api.github.com/repos/nikolamilosevic86/TableComparator/git/blobs{/sha}"],
    "git_tags_url": ["https://api.github.com/repos/nikolamilosevic86/TableComparator/git/tags{/sha}"],
    "git_refs_url": ["https://api.github.com/repos/nikolamilosevic86/TableComparator/git/refs{/sha}"],
    "trees_url": ["https://api.github.com/repos/nikolamilosevic86/TableComparator/git/trees{/sha}"],
    "statuses_url": ["https://api.github.com/repos/nikolamilosevic86/TableComparator/statuses/{sha}"],
    "languages_url": ["https://api.github.com/repos/nikolamilosevic86/TableComparator/languages"],
    "stargazers_url": ["https://api.github.com/repos/nikolamilosevic86/TableComparator/stargazers"],
    "contributors_url": ["https://api.github.com/repos/nikolamilosevic86/TableComparator/contributors"],
    "subscribers_url": ["https://api.github.com/repos/nikolamilosevic86/TableComparator/subscribers"],
    "subscription_url": ["https://api.github.com/repos/nikolamilosevic86/TableComparator/subscription"],
    "commits_url": ["https://api.github.com/repos/nikolamilosevic86/TableComparator/commits{/sha}"],
    "git_commits_url": ["https://api.github.com/repos/nikolamilosevic86/TableComparator/git/commits{/sha}"],
    "comments_url": ["https://api.github.com/repos/nikolamilosevic86/TableComparator/comments{/number}"],
    "issue_comment_url": ["https://api.github.com/repos/nikolamilosevic86/TableComparator/issues/comments{/number}"],
    "contents_url": ["https://api.github.com/repos/nikolamilosevic86/TableComparator/contents/{+path}"],
    "compare_url": ["https://api.github.com/repos/nikolamilosevic86/TableComparator/compare/{base}...{head}"],
    "merges_url": ["https://api.github.com/repos/nikolamilosevic86/TableComparator/merges"],
    "archive_url": ["https://api.github.com/repos/nikolamilosevic86/TableComparator/{archive_format}{/ref}"],
    "downloads_url": ["https://api.github.com/repos/nikolamilosevic86/TableComparator/downloads"],
    "issues_url": ["https://api.github.com/repos/nikolamilosevic86/TableComparator/issues{/number}"],
    "pulls_url": ["https://api.github.com/repos/nikolamilosevic86/TableComparator/pulls{/number}"],
    "milestones_url": ["https://api.github.com/repos/nikolamilosevic86/TableComparator/milestones{/number}"],
    "notifications_url": ["https://api.github.com/repos/nikolamilosevic86/TableComparator/notifications{?since,all,participating}"],
    "labels_url": ["https://api.github.com/repos/nikolamilosevic86/TableComparator/labels{/name}"],
    "releases_url": ["https://api.github.com/repos/nikolamilosevic86/TableComparator/releases{/id}"],
    "deployments_url": ["https://api.github.com/repos/nikolamilosevic86/TableComparator/deployments"],
    "created_at": ["2015-10-09T14:52:09Z"],
    "updated_at": ["2017-02-08T07:38:11Z"],
    "pushed_at": ["2015-10-09T14:57:09Z"],
    "git_url": ["git://github.com/nikolamilosevic86/TableComparator.git"],
    "ssh_url": ["git@github.com:nikolamilosevic86/TableComparator.git"],
    "clone_url": ["https://github.com/nikolamilosevic86/TableComparator.git"],
    "svn_url": ["https://github.com/nikolamilosevic86/TableComparator"],
    "homepage": [""],
    "size": [144],
    "stargazers_count": [1],
    "watchers_count": [1],
    "language": ["Java"],
    "has_issues": [true],
    "has_projects": [true],
    "has_downloads": [true],
    "has_wiki": [true],
    "has_pages": [false],
    "forks_count": [1],
    "mirror_url": {},
    "archived": [false],
    "disabled": [false],
    "open_issues_count": [0],
    "license": {
      "key": ["gpl-2.0"],
      "name": ["GNU General Public License v2.0"],
      "spdx_id": ["GPL-2.0"],
      "url": ["https://api.github.com/licenses/gpl-2.0"],
      "node_id": ["MDc6TGljZW5zZTg="]
    },
    "forks": [1],
    "open_issues": [0],
    "watchers": [1],
    "default_branch": ["master"],
    "permissions": {
      "admin": [false],
      "push": [false],
      "pull": [true]
    }
  }
]
