[
  {
    "id": [35048936],
    "node_id": ["MDEwOlJlcG9zaXRvcnkzNTA0ODkzNg=="],
    "name": ["SerbCrawler"],
    "full_name": ["nikolamilosevic86/SerbCrawler"],
    "private": [false],
    "owner": {
      "login": ["nikolamilosevic86"],
      "id": [5192295],
      "node_id": ["MDQ6VXNlcjUxOTIyOTU="],
      "avatar_url": ["https://avatars0.githubusercontent.com/u/5192295?v=4"],
      "gravatar_id": [""],
      "url": ["https://api.github.com/users/nikolamilosevic86"],
      "html_url": ["https://github.com/nikolamilosevic86"],
      "followers_url": ["https://api.github.com/users/nikolamilosevic86/followers"],
      "following_url": ["https://api.github.com/users/nikolamilosevic86/following{/other_user}"],
      "gists_url": ["https://api.github.com/users/nikolamilosevic86/gists{/gist_id}"],
      "starred_url": ["https://api.github.com/users/nikolamilosevic86/starred{/owner}{/repo}"],
      "subscriptions_url": ["https://api.github.com/users/nikolamilosevic86/subscriptions"],
      "organizations_url": ["https://api.github.com/users/nikolamilosevic86/orgs"],
      "repos_url": ["https://api.github.com/users/nikolamilosevic86/repos"],
      "events_url": ["https://api.github.com/users/nikolamilosevic86/events{/privacy}"],
      "received_events_url": ["https://api.github.com/users/nikolamilosevic86/received_events"],
      "type": ["User"],
      "site_admin": [false]
    },
    "html_url": ["https://github.com/nikolamilosevic86/SerbCrawler"],
    "description": ["Crawler for serbian websites used for collecting short forms"],
    "fork": [false],
    "url": ["https://api.github.com/repos/nikolamilosevic86/SerbCrawler"],
    "forks_url": ["https://api.github.com/repos/nikolamilosevic86/SerbCrawler/forks"],
    "keys_url": ["https://api.github.com/repos/nikolamilosevic86/SerbCrawler/keys{/key_id}"],
    "collaborators_url": ["https://api.github.com/repos/nikolamilosevic86/SerbCrawler/collaborators{/collaborator}"],
    "teams_url": ["https://api.github.com/repos/nikolamilosevic86/SerbCrawler/teams"],
    "hooks_url": ["https://api.github.com/repos/nikolamilosevic86/SerbCrawler/hooks"],
    "issue_events_url": ["https://api.github.com/repos/nikolamilosevic86/SerbCrawler/issues/events{/number}"],
    "events_url": ["https://api.github.com/repos/nikolamilosevic86/SerbCrawler/events"],
    "assignees_url": ["https://api.github.com/repos/nikolamilosevic86/SerbCrawler/assignees{/user}"],
    "branches_url": ["https://api.github.com/repos/nikolamilosevic86/SerbCrawler/branches{/branch}"],
    "tags_url": ["https://api.github.com/repos/nikolamilosevic86/SerbCrawler/tags"],
    "blobs_url": ["https://api.github.com/repos/nikolamilosevic86/SerbCrawler/git/blobs{/sha}"],
    "git_tags_url": ["https://api.github.com/repos/nikolamilosevic86/SerbCrawler/git/tags{/sha}"],
    "git_refs_url": ["https://api.github.com/repos/nikolamilosevic86/SerbCrawler/git/refs{/sha}"],
    "trees_url": ["https://api.github.com/repos/nikolamilosevic86/SerbCrawler/git/trees{/sha}"],
    "statuses_url": ["https://api.github.com/repos/nikolamilosevic86/SerbCrawler/statuses/{sha}"],
    "languages_url": ["https://api.github.com/repos/nikolamilosevic86/SerbCrawler/languages"],
    "stargazers_url": ["https://api.github.com/repos/nikolamilosevic86/SerbCrawler/stargazers"],
    "contributors_url": ["https://api.github.com/repos/nikolamilosevic86/SerbCrawler/contributors"],
    "subscribers_url": ["https://api.github.com/repos/nikolamilosevic86/SerbCrawler/subscribers"],
    "subscription_url": ["https://api.github.com/repos/nikolamilosevic86/SerbCrawler/subscription"],
    "commits_url": ["https://api.github.com/repos/nikolamilosevic86/SerbCrawler/commits{/sha}"],
    "git_commits_url": ["https://api.github.com/repos/nikolamilosevic86/SerbCrawler/git/commits{/sha}"],
    "comments_url": ["https://api.github.com/repos/nikolamilosevic86/SerbCrawler/comments{/number}"],
    "issue_comment_url": ["https://api.github.com/repos/nikolamilosevic86/SerbCrawler/issues/comments{/number}"],
    "contents_url": ["https://api.github.com/repos/nikolamilosevic86/SerbCrawler/contents/{+path}"],
    "compare_url": ["https://api.github.com/repos/nikolamilosevic86/SerbCrawler/compare/{base}...{head}"],
    "merges_url": ["https://api.github.com/repos/nikolamilosevic86/SerbCrawler/merges"],
    "archive_url": ["https://api.github.com/repos/nikolamilosevic86/SerbCrawler/{archive_format}{/ref}"],
    "downloads_url": ["https://api.github.com/repos/nikolamilosevic86/SerbCrawler/downloads"],
    "issues_url": ["https://api.github.com/repos/nikolamilosevic86/SerbCrawler/issues{/number}"],
    "pulls_url": ["https://api.github.com/repos/nikolamilosevic86/SerbCrawler/pulls{/number}"],
    "milestones_url": ["https://api.github.com/repos/nikolamilosevic86/SerbCrawler/milestones{/number}"],
    "notifications_url": ["https://api.github.com/repos/nikolamilosevic86/SerbCrawler/notifications{?since,all,participating}"],
    "labels_url": ["https://api.github.com/repos/nikolamilosevic86/SerbCrawler/labels{/name}"],
    "releases_url": ["https://api.github.com/repos/nikolamilosevic86/SerbCrawler/releases{/id}"],
    "deployments_url": ["https://api.github.com/repos/nikolamilosevic86/SerbCrawler/deployments"],
    "created_at": ["2015-05-04T17:29:46Z"],
    "updated_at": ["2015-05-04T17:42:57Z"],
    "pushed_at": ["2015-05-04T17:42:57Z"],
    "git_url": ["git://github.com/nikolamilosevic86/SerbCrawler.git"],
    "ssh_url": ["git@github.com:nikolamilosevic86/SerbCrawler.git"],
    "clone_url": ["https://github.com/nikolamilosevic86/SerbCrawler.git"],
    "svn_url": ["https://github.com/nikolamilosevic86/SerbCrawler"],
    "homepage": {},
    "size": [116],
    "stargazers_count": [0],
    "watchers_count": [0],
    "language": ["Python"],
    "has_issues": [true],
    "has_projects": [true],
    "has_downloads": [true],
    "has_wiki": [true],
    "has_pages": [false],
    "forks_count": [0],
    "mirror_url": {},
    "archived": [false],
    "disabled": [false],
    "open_issues_count": [0],
    "license": {},
    "forks": [0],
    "open_issues": [0],
    "watchers": [0],
    "default_branch": ["master"],
    "permissions": {
      "admin": [false],
      "push": [false],
      "pull": [true]
    }
  }
]
