[
  {
    "id": [57741659],
    "node_id": ["MDEwOlJlcG9zaXRvcnk1Nzc0MTY1OQ=="],
    "name": ["FinAnalyzer"],
    "full_name": ["nikolamilosevic86/FinAnalyzer"],
    "private": [false],
    "owner": {
      "login": ["nikolamilosevic86"],
      "id": [5192295],
      "node_id": ["MDQ6VXNlcjUxOTIyOTU="],
      "avatar_url": ["https://avatars0.githubusercontent.com/u/5192295?v=4"],
      "gravatar_id": [""],
      "url": ["https://api.github.com/users/nikolamilosevic86"],
      "html_url": ["https://github.com/nikolamilosevic86"],
      "followers_url": ["https://api.github.com/users/nikolamilosevic86/followers"],
      "following_url": ["https://api.github.com/users/nikolamilosevic86/following{/other_user}"],
      "gists_url": ["https://api.github.com/users/nikolamilosevic86/gists{/gist_id}"],
      "starred_url": ["https://api.github.com/users/nikolamilosevic86/starred{/owner}{/repo}"],
      "subscriptions_url": ["https://api.github.com/users/nikolamilosevic86/subscriptions"],
      "organizations_url": ["https://api.github.com/users/nikolamilosevic86/orgs"],
      "repos_url": ["https://api.github.com/users/nikolamilosevic86/repos"],
      "events_url": ["https://api.github.com/users/nikolamilosevic86/events{/privacy}"],
      "received_events_url": ["https://api.github.com/users/nikolamilosevic86/received_events"],
      "type": ["User"],
      "site_admin": [false]
    },
    "html_url": ["https://github.com/nikolamilosevic86/FinAnalyzer"],
    "description": ["Tool for technical analysis of financial data about companies indexed on the stockmarket using machine learning"],
    "fork": [false],
    "url": ["https://api.github.com/repos/nikolamilosevic86/FinAnalyzer"],
    "forks_url": ["https://api.github.com/repos/nikolamilosevic86/FinAnalyzer/forks"],
    "keys_url": ["https://api.github.com/repos/nikolamilosevic86/FinAnalyzer/keys{/key_id}"],
    "collaborators_url": ["https://api.github.com/repos/nikolamilosevic86/FinAnalyzer/collaborators{/collaborator}"],
    "teams_url": ["https://api.github.com/repos/nikolamilosevic86/FinAnalyzer/teams"],
    "hooks_url": ["https://api.github.com/repos/nikolamilosevic86/FinAnalyzer/hooks"],
    "issue_events_url": ["https://api.github.com/repos/nikolamilosevic86/FinAnalyzer/issues/events{/number}"],
    "events_url": ["https://api.github.com/repos/nikolamilosevic86/FinAnalyzer/events"],
    "assignees_url": ["https://api.github.com/repos/nikolamilosevic86/FinAnalyzer/assignees{/user}"],
    "branches_url": ["https://api.github.com/repos/nikolamilosevic86/FinAnalyzer/branches{/branch}"],
    "tags_url": ["https://api.github.com/repos/nikolamilosevic86/FinAnalyzer/tags"],
    "blobs_url": ["https://api.github.com/repos/nikolamilosevic86/FinAnalyzer/git/blobs{/sha}"],
    "git_tags_url": ["https://api.github.com/repos/nikolamilosevic86/FinAnalyzer/git/tags{/sha}"],
    "git_refs_url": ["https://api.github.com/repos/nikolamilosevic86/FinAnalyzer/git/refs{/sha}"],
    "trees_url": ["https://api.github.com/repos/nikolamilosevic86/FinAnalyzer/git/trees{/sha}"],
    "statuses_url": ["https://api.github.com/repos/nikolamilosevic86/FinAnalyzer/statuses/{sha}"],
    "languages_url": ["https://api.github.com/repos/nikolamilosevic86/FinAnalyzer/languages"],
    "stargazers_url": ["https://api.github.com/repos/nikolamilosevic86/FinAnalyzer/stargazers"],
    "contributors_url": ["https://api.github.com/repos/nikolamilosevic86/FinAnalyzer/contributors"],
    "subscribers_url": ["https://api.github.com/repos/nikolamilosevic86/FinAnalyzer/subscribers"],
    "subscription_url": ["https://api.github.com/repos/nikolamilosevic86/FinAnalyzer/subscription"],
    "commits_url": ["https://api.github.com/repos/nikolamilosevic86/FinAnalyzer/commits{/sha}"],
    "git_commits_url": ["https://api.github.com/repos/nikolamilosevic86/FinAnalyzer/git/commits{/sha}"],
    "comments_url": ["https://api.github.com/repos/nikolamilosevic86/FinAnalyzer/comments{/number}"],
    "issue_comment_url": ["https://api.github.com/repos/nikolamilosevic86/FinAnalyzer/issues/comments{/number}"],
    "contents_url": ["https://api.github.com/repos/nikolamilosevic86/FinAnalyzer/contents/{+path}"],
    "compare_url": ["https://api.github.com/repos/nikolamilosevic86/FinAnalyzer/compare/{base}...{head}"],
    "merges_url": ["https://api.github.com/repos/nikolamilosevic86/FinAnalyzer/merges"],
    "archive_url": ["https://api.github.com/repos/nikolamilosevic86/FinAnalyzer/{archive_format}{/ref}"],
    "downloads_url": ["https://api.github.com/repos/nikolamilosevic86/FinAnalyzer/downloads"],
    "issues_url": ["https://api.github.com/repos/nikolamilosevic86/FinAnalyzer/issues{/number}"],
    "pulls_url": ["https://api.github.com/repos/nikolamilosevic86/FinAnalyzer/pulls{/number}"],
    "milestones_url": ["https://api.github.com/repos/nikolamilosevic86/FinAnalyzer/milestones{/number}"],
    "notifications_url": ["https://api.github.com/repos/nikolamilosevic86/FinAnalyzer/notifications{?since,all,participating}"],
    "labels_url": ["https://api.github.com/repos/nikolamilosevic86/FinAnalyzer/labels{/name}"],
    "releases_url": ["https://api.github.com/repos/nikolamilosevic86/FinAnalyzer/releases{/id}"],
    "deployments_url": ["https://api.github.com/repos/nikolamilosevic86/FinAnalyzer/deployments"],
    "created_at": ["2016-05-01T18:49:44Z"],
    "updated_at": ["2018-05-20T02:24:43Z"],
    "pushed_at": ["2017-09-06T13:00:08Z"],
    "git_url": ["git://github.com/nikolamilosevic86/FinAnalyzer.git"],
    "ssh_url": ["git@github.com:nikolamilosevic86/FinAnalyzer.git"],
    "clone_url": ["https://github.com/nikolamilosevic86/FinAnalyzer.git"],
    "svn_url": ["https://github.com/nikolamilosevic86/FinAnalyzer"],
    "homepage": {},
    "size": [9071],
    "stargazers_count": [7],
    "watchers_count": [7],
    "language": ["Java"],
    "has_issues": [true],
    "has_projects": [true],
    "has_downloads": [true],
    "has_wiki": [true],
    "has_pages": [false],
    "forks_count": [12],
    "mirror_url": {},
    "archived": [false],
    "disabled": [false],
    "open_issues_count": [5],
    "license": {
      "key": ["gpl-3.0"],
      "name": ["GNU General Public License v3.0"],
      "spdx_id": ["GPL-3.0"],
      "url": ["https://api.github.com/licenses/gpl-3.0"],
      "node_id": ["MDc6TGljZW5zZTk="]
    },
    "forks": [12],
    "open_issues": [5],
    "watchers": [7],
    "default_branch": ["master"],
    "permissions": {
      "admin": [false],
      "push": [false],
      "pull": [true]
    }
  }
]
