[
  {
    "id": [78270872],
    "node_id": ["MDEwOlJlcG9zaXRvcnk3ODI3MDg3Mg=="],
    "name": ["TableDbSearch"],
    "full_name": ["nikolamilosevic86/TableDbSearch"],
    "private": [false],
    "owner": {
      "login": ["nikolamilosevic86"],
      "id": [5192295],
      "node_id": ["MDQ6VXNlcjUxOTIyOTU="],
      "avatar_url": ["https://avatars0.githubusercontent.com/u/5192295?v=4"],
      "gravatar_id": [""],
      "url": ["https://api.github.com/users/nikolamilosevic86"],
      "html_url": ["https://github.com/nikolamilosevic86"],
      "followers_url": ["https://api.github.com/users/nikolamilosevic86/followers"],
      "following_url": ["https://api.github.com/users/nikolamilosevic86/following{/other_user}"],
      "gists_url": ["https://api.github.com/users/nikolamilosevic86/gists{/gist_id}"],
      "starred_url": ["https://api.github.com/users/nikolamilosevic86/starred{/owner}{/repo}"],
      "subscriptions_url": ["https://api.github.com/users/nikolamilosevic86/subscriptions"],
      "organizations_url": ["https://api.github.com/users/nikolamilosevic86/orgs"],
      "repos_url": ["https://api.github.com/users/nikolamilosevic86/repos"],
      "events_url": ["https://api.github.com/users/nikolamilosevic86/events{/privacy}"],
      "received_events_url": ["https://api.github.com/users/nikolamilosevic86/received_events"],
      "type": ["User"],
      "site_admin": [false]
    },
    "html_url": ["https://github.com/nikolamilosevic86/TableDbSearch"],
    "description": ["Search for Tables in PMC"],
    "fork": [false],
    "url": ["https://api.github.com/repos/nikolamilosevic86/TableDbSearch"],
    "forks_url": ["https://api.github.com/repos/nikolamilosevic86/TableDbSearch/forks"],
    "keys_url": ["https://api.github.com/repos/nikolamilosevic86/TableDbSearch/keys{/key_id}"],
    "collaborators_url": ["https://api.github.com/repos/nikolamilosevic86/TableDbSearch/collaborators{/collaborator}"],
    "teams_url": ["https://api.github.com/repos/nikolamilosevic86/TableDbSearch/teams"],
    "hooks_url": ["https://api.github.com/repos/nikolamilosevic86/TableDbSearch/hooks"],
    "issue_events_url": ["https://api.github.com/repos/nikolamilosevic86/TableDbSearch/issues/events{/number}"],
    "events_url": ["https://api.github.com/repos/nikolamilosevic86/TableDbSearch/events"],
    "assignees_url": ["https://api.github.com/repos/nikolamilosevic86/TableDbSearch/assignees{/user}"],
    "branches_url": ["https://api.github.com/repos/nikolamilosevic86/TableDbSearch/branches{/branch}"],
    "tags_url": ["https://api.github.com/repos/nikolamilosevic86/TableDbSearch/tags"],
    "blobs_url": ["https://api.github.com/repos/nikolamilosevic86/TableDbSearch/git/blobs{/sha}"],
    "git_tags_url": ["https://api.github.com/repos/nikolamilosevic86/TableDbSearch/git/tags{/sha}"],
    "git_refs_url": ["https://api.github.com/repos/nikolamilosevic86/TableDbSearch/git/refs{/sha}"],
    "trees_url": ["https://api.github.com/repos/nikolamilosevic86/TableDbSearch/git/trees{/sha}"],
    "statuses_url": ["https://api.github.com/repos/nikolamilosevic86/TableDbSearch/statuses/{sha}"],
    "languages_url": ["https://api.github.com/repos/nikolamilosevic86/TableDbSearch/languages"],
    "stargazers_url": ["https://api.github.com/repos/nikolamilosevic86/TableDbSearch/stargazers"],
    "contributors_url": ["https://api.github.com/repos/nikolamilosevic86/TableDbSearch/contributors"],
    "subscribers_url": ["https://api.github.com/repos/nikolamilosevic86/TableDbSearch/subscribers"],
    "subscription_url": ["https://api.github.com/repos/nikolamilosevic86/TableDbSearch/subscription"],
    "commits_url": ["https://api.github.com/repos/nikolamilosevic86/TableDbSearch/commits{/sha}"],
    "git_commits_url": ["https://api.github.com/repos/nikolamilosevic86/TableDbSearch/git/commits{/sha}"],
    "comments_url": ["https://api.github.com/repos/nikolamilosevic86/TableDbSearch/comments{/number}"],
    "issue_comment_url": ["https://api.github.com/repos/nikolamilosevic86/TableDbSearch/issues/comments{/number}"],
    "contents_url": ["https://api.github.com/repos/nikolamilosevic86/TableDbSearch/contents/{+path}"],
    "compare_url": ["https://api.github.com/repos/nikolamilosevic86/TableDbSearch/compare/{base}...{head}"],
    "merges_url": ["https://api.github.com/repos/nikolamilosevic86/TableDbSearch/merges"],
    "archive_url": ["https://api.github.com/repos/nikolamilosevic86/TableDbSearch/{archive_format}{/ref}"],
    "downloads_url": ["https://api.github.com/repos/nikolamilosevic86/TableDbSearch/downloads"],
    "issues_url": ["https://api.github.com/repos/nikolamilosevic86/TableDbSearch/issues{/number}"],
    "pulls_url": ["https://api.github.com/repos/nikolamilosevic86/TableDbSearch/pulls{/number}"],
    "milestones_url": ["https://api.github.com/repos/nikolamilosevic86/TableDbSearch/milestones{/number}"],
    "notifications_url": ["https://api.github.com/repos/nikolamilosevic86/TableDbSearch/notifications{?since,all,participating}"],
    "labels_url": ["https://api.github.com/repos/nikolamilosevic86/TableDbSearch/labels{/name}"],
    "releases_url": ["https://api.github.com/repos/nikolamilosevic86/TableDbSearch/releases{/id}"],
    "deployments_url": ["https://api.github.com/repos/nikolamilosevic86/TableDbSearch/deployments"],
    "created_at": ["2017-01-07T09:43:27Z"],
    "updated_at": ["2017-01-07T10:01:22Z"],
    "pushed_at": ["2017-01-18T17:14:12Z"],
    "git_url": ["git://github.com/nikolamilosevic86/TableDbSearch.git"],
    "ssh_url": ["git@github.com:nikolamilosevic86/TableDbSearch.git"],
    "clone_url": ["https://github.com/nikolamilosevic86/TableDbSearch.git"],
    "svn_url": ["https://github.com/nikolamilosevic86/TableDbSearch"],
    "homepage": {},
    "size": [183354],
    "stargazers_count": [0],
    "watchers_count": [0],
    "language": ["HTML"],
    "has_issues": [true],
    "has_projects": [true],
    "has_downloads": [true],
    "has_wiki": [true],
    "has_pages": [true],
    "forks_count": [0],
    "mirror_url": {},
    "archived": [false],
    "disabled": [false],
    "open_issues_count": [0],
    "license": {},
    "forks": [0],
    "open_issues": [0],
    "watchers": [0],
    "default_branch": ["master"],
    "permissions": {
      "admin": [false],
      "push": [false],
      "pull": [true]
    }
  }
]
