[
  {
    "id": [41809094],
    "node_id": ["MDEwOlJlcG9zaXRvcnk0MTgwOTA5NA=="],
    "name": ["TabALI"],
    "full_name": ["nikolamilosevic86/TabALI"],
    "private": [false],
    "owner": {
      "login": ["nikolamilosevic86"],
      "id": [5192295],
      "node_id": ["MDQ6VXNlcjUxOTIyOTU="],
      "avatar_url": ["https://avatars0.githubusercontent.com/u/5192295?v=4"],
      "gravatar_id": [""],
      "url": ["https://api.github.com/users/nikolamilosevic86"],
      "html_url": ["https://github.com/nikolamilosevic86"],
      "followers_url": ["https://api.github.com/users/nikolamilosevic86/followers"],
      "following_url": ["https://api.github.com/users/nikolamilosevic86/following{/other_user}"],
      "gists_url": ["https://api.github.com/users/nikolamilosevic86/gists{/gist_id}"],
      "starred_url": ["https://api.github.com/users/nikolamilosevic86/starred{/owner}{/repo}"],
      "subscriptions_url": ["https://api.github.com/users/nikolamilosevic86/subscriptions"],
      "organizations_url": ["https://api.github.com/users/nikolamilosevic86/orgs"],
      "repos_url": ["https://api.github.com/users/nikolamilosevic86/repos"],
      "events_url": ["https://api.github.com/users/nikolamilosevic86/events{/privacy}"],
      "received_events_url": ["https://api.github.com/users/nikolamilosevic86/received_events"],
      "type": ["User"],
      "site_admin": [false]
    },
    "html_url": ["https://github.com/nikolamilosevic86/TabALI"],
    "description": ["Table Analytics Language Engine"],
    "fork": [false],
    "url": ["https://api.github.com/repos/nikolamilosevic86/TabALI"],
    "forks_url": ["https://api.github.com/repos/nikolamilosevic86/TabALI/forks"],
    "keys_url": ["https://api.github.com/repos/nikolamilosevic86/TabALI/keys{/key_id}"],
    "collaborators_url": ["https://api.github.com/repos/nikolamilosevic86/TabALI/collaborators{/collaborator}"],
    "teams_url": ["https://api.github.com/repos/nikolamilosevic86/TabALI/teams"],
    "hooks_url": ["https://api.github.com/repos/nikolamilosevic86/TabALI/hooks"],
    "issue_events_url": ["https://api.github.com/repos/nikolamilosevic86/TabALI/issues/events{/number}"],
    "events_url": ["https://api.github.com/repos/nikolamilosevic86/TabALI/events"],
    "assignees_url": ["https://api.github.com/repos/nikolamilosevic86/TabALI/assignees{/user}"],
    "branches_url": ["https://api.github.com/repos/nikolamilosevic86/TabALI/branches{/branch}"],
    "tags_url": ["https://api.github.com/repos/nikolamilosevic86/TabALI/tags"],
    "blobs_url": ["https://api.github.com/repos/nikolamilosevic86/TabALI/git/blobs{/sha}"],
    "git_tags_url": ["https://api.github.com/repos/nikolamilosevic86/TabALI/git/tags{/sha}"],
    "git_refs_url": ["https://api.github.com/repos/nikolamilosevic86/TabALI/git/refs{/sha}"],
    "trees_url": ["https://api.github.com/repos/nikolamilosevic86/TabALI/git/trees{/sha}"],
    "statuses_url": ["https://api.github.com/repos/nikolamilosevic86/TabALI/statuses/{sha}"],
    "languages_url": ["https://api.github.com/repos/nikolamilosevic86/TabALI/languages"],
    "stargazers_url": ["https://api.github.com/repos/nikolamilosevic86/TabALI/stargazers"],
    "contributors_url": ["https://api.github.com/repos/nikolamilosevic86/TabALI/contributors"],
    "subscribers_url": ["https://api.github.com/repos/nikolamilosevic86/TabALI/subscribers"],
    "subscription_url": ["https://api.github.com/repos/nikolamilosevic86/TabALI/subscription"],
    "commits_url": ["https://api.github.com/repos/nikolamilosevic86/TabALI/commits{/sha}"],
    "git_commits_url": ["https://api.github.com/repos/nikolamilosevic86/TabALI/git/commits{/sha}"],
    "comments_url": ["https://api.github.com/repos/nikolamilosevic86/TabALI/comments{/number}"],
    "issue_comment_url": ["https://api.github.com/repos/nikolamilosevic86/TabALI/issues/comments{/number}"],
    "contents_url": ["https://api.github.com/repos/nikolamilosevic86/TabALI/contents/{+path}"],
    "compare_url": ["https://api.github.com/repos/nikolamilosevic86/TabALI/compare/{base}...{head}"],
    "merges_url": ["https://api.github.com/repos/nikolamilosevic86/TabALI/merges"],
    "archive_url": ["https://api.github.com/repos/nikolamilosevic86/TabALI/{archive_format}{/ref}"],
    "downloads_url": ["https://api.github.com/repos/nikolamilosevic86/TabALI/downloads"],
    "issues_url": ["https://api.github.com/repos/nikolamilosevic86/TabALI/issues{/number}"],
    "pulls_url": ["https://api.github.com/repos/nikolamilosevic86/TabALI/pulls{/number}"],
    "milestones_url": ["https://api.github.com/repos/nikolamilosevic86/TabALI/milestones{/number}"],
    "notifications_url": ["https://api.github.com/repos/nikolamilosevic86/TabALI/notifications{?since,all,participating}"],
    "labels_url": ["https://api.github.com/repos/nikolamilosevic86/TabALI/labels{/name}"],
    "releases_url": ["https://api.github.com/repos/nikolamilosevic86/TabALI/releases{/id}"],
    "deployments_url": ["https://api.github.com/repos/nikolamilosevic86/TabALI/deployments"],
    "created_at": ["2015-09-02T15:22:13Z"],
    "updated_at": ["2015-09-11T10:00:58Z"],
    "pushed_at": ["2015-09-11T16:05:43Z"],
    "git_url": ["git://github.com/nikolamilosevic86/TabALI.git"],
    "ssh_url": ["git@github.com:nikolamilosevic86/TabALI.git"],
    "clone_url": ["https://github.com/nikolamilosevic86/TabALI.git"],
    "svn_url": ["https://github.com/nikolamilosevic86/TabALI"],
    "homepage": {},
    "size": [208],
    "stargazers_count": [0],
    "watchers_count": [0],
    "language": ["Java"],
    "has_issues": [true],
    "has_projects": [true],
    "has_downloads": [true],
    "has_wiki": [true],
    "has_pages": [false],
    "forks_count": [0],
    "mirror_url": {},
    "archived": [false],
    "disabled": [false],
    "open_issues_count": [0],
    "license": {
      "key": ["agpl-3.0"],
      "name": ["GNU Affero General Public License v3.0"],
      "spdx_id": ["AGPL-3.0"],
      "url": ["https://api.github.com/licenses/agpl-3.0"],
      "node_id": ["MDc6TGljZW5zZTE="]
    },
    "forks": [0],
    "open_issues": [0],
    "watchers": [0],
    "default_branch": ["master"],
    "permissions": {
      "admin": [false],
      "push": [false],
      "pull": [true]
    }
  }
]
