[
  {
    "id": [50422488],
    "node_id": ["MDEwOlJlcG9zaXRvcnk1MDQyMjQ4OA=="],
    "name": ["skoseditor"],
    "full_name": ["nikolamilosevic86/skoseditor"],
    "private": [false],
    "owner": {
      "login": ["nikolamilosevic86"],
      "id": [5192295],
      "node_id": ["MDQ6VXNlcjUxOTIyOTU="],
      "avatar_url": ["https://avatars0.githubusercontent.com/u/5192295?v=4"],
      "gravatar_id": [""],
      "url": ["https://api.github.com/users/nikolamilosevic86"],
      "html_url": ["https://github.com/nikolamilosevic86"],
      "followers_url": ["https://api.github.com/users/nikolamilosevic86/followers"],
      "following_url": ["https://api.github.com/users/nikolamilosevic86/following{/other_user}"],
      "gists_url": ["https://api.github.com/users/nikolamilosevic86/gists{/gist_id}"],
      "starred_url": ["https://api.github.com/users/nikolamilosevic86/starred{/owner}{/repo}"],
      "subscriptions_url": ["https://api.github.com/users/nikolamilosevic86/subscriptions"],
      "organizations_url": ["https://api.github.com/users/nikolamilosevic86/orgs"],
      "repos_url": ["https://api.github.com/users/nikolamilosevic86/repos"],
      "events_url": ["https://api.github.com/users/nikolamilosevic86/events{/privacy}"],
      "received_events_url": ["https://api.github.com/users/nikolamilosevic86/received_events"],
      "type": ["User"],
      "site_admin": [false]
    },
    "html_url": ["https://github.com/nikolamilosevic86/skoseditor"],
    "description": ["Automatically exported from code.google.com/p/skoseditor"],
    "fork": [false],
    "url": ["https://api.github.com/repos/nikolamilosevic86/skoseditor"],
    "forks_url": ["https://api.github.com/repos/nikolamilosevic86/skoseditor/forks"],
    "keys_url": ["https://api.github.com/repos/nikolamilosevic86/skoseditor/keys{/key_id}"],
    "collaborators_url": ["https://api.github.com/repos/nikolamilosevic86/skoseditor/collaborators{/collaborator}"],
    "teams_url": ["https://api.github.com/repos/nikolamilosevic86/skoseditor/teams"],
    "hooks_url": ["https://api.github.com/repos/nikolamilosevic86/skoseditor/hooks"],
    "issue_events_url": ["https://api.github.com/repos/nikolamilosevic86/skoseditor/issues/events{/number}"],
    "events_url": ["https://api.github.com/repos/nikolamilosevic86/skoseditor/events"],
    "assignees_url": ["https://api.github.com/repos/nikolamilosevic86/skoseditor/assignees{/user}"],
    "branches_url": ["https://api.github.com/repos/nikolamilosevic86/skoseditor/branches{/branch}"],
    "tags_url": ["https://api.github.com/repos/nikolamilosevic86/skoseditor/tags"],
    "blobs_url": ["https://api.github.com/repos/nikolamilosevic86/skoseditor/git/blobs{/sha}"],
    "git_tags_url": ["https://api.github.com/repos/nikolamilosevic86/skoseditor/git/tags{/sha}"],
    "git_refs_url": ["https://api.github.com/repos/nikolamilosevic86/skoseditor/git/refs{/sha}"],
    "trees_url": ["https://api.github.com/repos/nikolamilosevic86/skoseditor/git/trees{/sha}"],
    "statuses_url": ["https://api.github.com/repos/nikolamilosevic86/skoseditor/statuses/{sha}"],
    "languages_url": ["https://api.github.com/repos/nikolamilosevic86/skoseditor/languages"],
    "stargazers_url": ["https://api.github.com/repos/nikolamilosevic86/skoseditor/stargazers"],
    "contributors_url": ["https://api.github.com/repos/nikolamilosevic86/skoseditor/contributors"],
    "subscribers_url": ["https://api.github.com/repos/nikolamilosevic86/skoseditor/subscribers"],
    "subscription_url": ["https://api.github.com/repos/nikolamilosevic86/skoseditor/subscription"],
    "commits_url": ["https://api.github.com/repos/nikolamilosevic86/skoseditor/commits{/sha}"],
    "git_commits_url": ["https://api.github.com/repos/nikolamilosevic86/skoseditor/git/commits{/sha}"],
    "comments_url": ["https://api.github.com/repos/nikolamilosevic86/skoseditor/comments{/number}"],
    "issue_comment_url": ["https://api.github.com/repos/nikolamilosevic86/skoseditor/issues/comments{/number}"],
    "contents_url": ["https://api.github.com/repos/nikolamilosevic86/skoseditor/contents/{+path}"],
    "compare_url": ["https://api.github.com/repos/nikolamilosevic86/skoseditor/compare/{base}...{head}"],
    "merges_url": ["https://api.github.com/repos/nikolamilosevic86/skoseditor/merges"],
    "archive_url": ["https://api.github.com/repos/nikolamilosevic86/skoseditor/{archive_format}{/ref}"],
    "downloads_url": ["https://api.github.com/repos/nikolamilosevic86/skoseditor/downloads"],
    "issues_url": ["https://api.github.com/repos/nikolamilosevic86/skoseditor/issues{/number}"],
    "pulls_url": ["https://api.github.com/repos/nikolamilosevic86/skoseditor/pulls{/number}"],
    "milestones_url": ["https://api.github.com/repos/nikolamilosevic86/skoseditor/milestones{/number}"],
    "notifications_url": ["https://api.github.com/repos/nikolamilosevic86/skoseditor/notifications{?since,all,participating}"],
    "labels_url": ["https://api.github.com/repos/nikolamilosevic86/skoseditor/labels{/name}"],
    "releases_url": ["https://api.github.com/repos/nikolamilosevic86/skoseditor/releases{/id}"],
    "deployments_url": ["https://api.github.com/repos/nikolamilosevic86/skoseditor/deployments"],
    "created_at": ["2016-01-26T10:48:14Z"],
    "updated_at": ["2016-01-26T10:48:14Z"],
    "pushed_at": ["2016-01-26T10:48:15Z"],
    "git_url": ["git://github.com/nikolamilosevic86/skoseditor.git"],
    "ssh_url": ["git@github.com:nikolamilosevic86/skoseditor.git"],
    "clone_url": ["https://github.com/nikolamilosevic86/skoseditor.git"],
    "svn_url": ["https://github.com/nikolamilosevic86/skoseditor"],
    "homepage": {},
    "size": [0],
    "stargazers_count": [0],
    "watchers_count": [0],
    "language": {},
    "has_issues": [true],
    "has_projects": [true],
    "has_downloads": [false],
    "has_wiki": [false],
    "has_pages": [false],
    "forks_count": [0],
    "mirror_url": {},
    "archived": [false],
    "disabled": [false],
    "open_issues_count": [13],
    "license": {},
    "forks": [0],
    "open_issues": [13],
    "watchers": [0],
    "default_branch": ["master"],
    "permissions": {
      "admin": [false],
      "push": [false],
      "pull": [true]
    }
  }
]
