[
  {
    "id": [23426249],
    "node_id": ["MDEwOlJlcG9zaXRvcnkyMzQyNjI0OQ=="],
    "name": ["dependensee"],
    "full_name": ["nikolamilosevic86/dependensee"],
    "private": [false],
    "owner": {
      "login": ["nikolamilosevic86"],
      "id": [5192295],
      "node_id": ["MDQ6VXNlcjUxOTIyOTU="],
      "avatar_url": ["https://avatars0.githubusercontent.com/u/5192295?v=4"],
      "gravatar_id": [""],
      "url": ["https://api.github.com/users/nikolamilosevic86"],
      "html_url": ["https://github.com/nikolamilosevic86"],
      "followers_url": ["https://api.github.com/users/nikolamilosevic86/followers"],
      "following_url": ["https://api.github.com/users/nikolamilosevic86/following{/other_user}"],
      "gists_url": ["https://api.github.com/users/nikolamilosevic86/gists{/gist_id}"],
      "starred_url": ["https://api.github.com/users/nikolamilosevic86/starred{/owner}{/repo}"],
      "subscriptions_url": ["https://api.github.com/users/nikolamilosevic86/subscriptions"],
      "organizations_url": ["https://api.github.com/users/nikolamilosevic86/orgs"],
      "repos_url": ["https://api.github.com/users/nikolamilosevic86/repos"],
      "events_url": ["https://api.github.com/users/nikolamilosevic86/events{/privacy}"],
      "received_events_url": ["https://api.github.com/users/nikolamilosevic86/received_events"],
      "type": ["User"],
      "site_admin": [false]
    },
    "html_url": ["https://github.com/nikolamilosevic86/dependensee"],
    "description": ["A dependency tree visualizer for the Stanford Typed-Dependency Parser"],
    "fork": [true],
    "url": ["https://api.github.com/repos/nikolamilosevic86/dependensee"],
    "forks_url": ["https://api.github.com/repos/nikolamilosevic86/dependensee/forks"],
    "keys_url": ["https://api.github.com/repos/nikolamilosevic86/dependensee/keys{/key_id}"],
    "collaborators_url": ["https://api.github.com/repos/nikolamilosevic86/dependensee/collaborators{/collaborator}"],
    "teams_url": ["https://api.github.com/repos/nikolamilosevic86/dependensee/teams"],
    "hooks_url": ["https://api.github.com/repos/nikolamilosevic86/dependensee/hooks"],
    "issue_events_url": ["https://api.github.com/repos/nikolamilosevic86/dependensee/issues/events{/number}"],
    "events_url": ["https://api.github.com/repos/nikolamilosevic86/dependensee/events"],
    "assignees_url": ["https://api.github.com/repos/nikolamilosevic86/dependensee/assignees{/user}"],
    "branches_url": ["https://api.github.com/repos/nikolamilosevic86/dependensee/branches{/branch}"],
    "tags_url": ["https://api.github.com/repos/nikolamilosevic86/dependensee/tags"],
    "blobs_url": ["https://api.github.com/repos/nikolamilosevic86/dependensee/git/blobs{/sha}"],
    "git_tags_url": ["https://api.github.com/repos/nikolamilosevic86/dependensee/git/tags{/sha}"],
    "git_refs_url": ["https://api.github.com/repos/nikolamilosevic86/dependensee/git/refs{/sha}"],
    "trees_url": ["https://api.github.com/repos/nikolamilosevic86/dependensee/git/trees{/sha}"],
    "statuses_url": ["https://api.github.com/repos/nikolamilosevic86/dependensee/statuses/{sha}"],
    "languages_url": ["https://api.github.com/repos/nikolamilosevic86/dependensee/languages"],
    "stargazers_url": ["https://api.github.com/repos/nikolamilosevic86/dependensee/stargazers"],
    "contributors_url": ["https://api.github.com/repos/nikolamilosevic86/dependensee/contributors"],
    "subscribers_url": ["https://api.github.com/repos/nikolamilosevic86/dependensee/subscribers"],
    "subscription_url": ["https://api.github.com/repos/nikolamilosevic86/dependensee/subscription"],
    "commits_url": ["https://api.github.com/repos/nikolamilosevic86/dependensee/commits{/sha}"],
    "git_commits_url": ["https://api.github.com/repos/nikolamilosevic86/dependensee/git/commits{/sha}"],
    "comments_url": ["https://api.github.com/repos/nikolamilosevic86/dependensee/comments{/number}"],
    "issue_comment_url": ["https://api.github.com/repos/nikolamilosevic86/dependensee/issues/comments{/number}"],
    "contents_url": ["https://api.github.com/repos/nikolamilosevic86/dependensee/contents/{+path}"],
    "compare_url": ["https://api.github.com/repos/nikolamilosevic86/dependensee/compare/{base}...{head}"],
    "merges_url": ["https://api.github.com/repos/nikolamilosevic86/dependensee/merges"],
    "archive_url": ["https://api.github.com/repos/nikolamilosevic86/dependensee/{archive_format}{/ref}"],
    "downloads_url": ["https://api.github.com/repos/nikolamilosevic86/dependensee/downloads"],
    "issues_url": ["https://api.github.com/repos/nikolamilosevic86/dependensee/issues{/number}"],
    "pulls_url": ["https://api.github.com/repos/nikolamilosevic86/dependensee/pulls{/number}"],
    "milestones_url": ["https://api.github.com/repos/nikolamilosevic86/dependensee/milestones{/number}"],
    "notifications_url": ["https://api.github.com/repos/nikolamilosevic86/dependensee/notifications{?since,all,participating}"],
    "labels_url": ["https://api.github.com/repos/nikolamilosevic86/dependensee/labels{/name}"],
    "releases_url": ["https://api.github.com/repos/nikolamilosevic86/dependensee/releases{/id}"],
    "deployments_url": ["https://api.github.com/repos/nikolamilosevic86/dependensee/deployments"],
    "created_at": ["2014-08-28T12:00:36Z"],
    "updated_at": ["2017-02-11T21:37:42Z"],
    "pushed_at": ["2014-08-28T13:12:56Z"],
    "git_url": ["git://github.com/nikolamilosevic86/dependensee.git"],
    "ssh_url": ["git@github.com:nikolamilosevic86/dependensee.git"],
    "clone_url": ["https://github.com/nikolamilosevic86/dependensee.git"],
    "svn_url": ["https://github.com/nikolamilosevic86/dependensee"],
    "homepage": [""],
    "size": [53332],
    "stargazers_count": [1],
    "watchers_count": [1],
    "language": ["Java"],
    "has_issues": [false],
    "has_projects": [true],
    "has_downloads": [true],
    "has_wiki": [true],
    "has_pages": [false],
    "forks_count": [0],
    "mirror_url": {},
    "archived": [false],
    "disabled": [false],
    "open_issues_count": [0],
    "license": {
      "key": ["lgpl-2.1"],
      "name": ["GNU Lesser General Public License v2.1"],
      "spdx_id": ["LGPL-2.1"],
      "url": ["https://api.github.com/licenses/lgpl-2.1"],
      "node_id": ["MDc6TGljZW5zZTEx"]
    },
    "forks": [0],
    "open_issues": [0],
    "watchers": [1],
    "default_branch": ["master"],
    "permissions": {
      "admin": [false],
      "push": [false],
      "pull": [true]
    }
  }
]
