[
  {
    "id": [12018803],
    "node_id": ["MDEwOlJlcG9zaXRvcnkxMjAxODgwMw=="],
    "name": ["owasp-seraphimdroid"],
    "full_name": ["nikolamilosevic86/owasp-seraphimdroid"],
    "private": [false],
    "owner": {
      "login": ["nikolamilosevic86"],
      "id": [5192295],
      "node_id": ["MDQ6VXNlcjUxOTIyOTU="],
      "avatar_url": ["https://avatars0.githubusercontent.com/u/5192295?v=4"],
      "gravatar_id": [""],
      "url": ["https://api.github.com/users/nikolamilosevic86"],
      "html_url": ["https://github.com/nikolamilosevic86"],
      "followers_url": ["https://api.github.com/users/nikolamilosevic86/followers"],
      "following_url": ["https://api.github.com/users/nikolamilosevic86/following{/other_user}"],
      "gists_url": ["https://api.github.com/users/nikolamilosevic86/gists{/gist_id}"],
      "starred_url": ["https://api.github.com/users/nikolamilosevic86/starred{/owner}{/repo}"],
      "subscriptions_url": ["https://api.github.com/users/nikolamilosevic86/subscriptions"],
      "organizations_url": ["https://api.github.com/users/nikolamilosevic86/orgs"],
      "repos_url": ["https://api.github.com/users/nikolamilosevic86/repos"],
      "events_url": ["https://api.github.com/users/nikolamilosevic86/events{/privacy}"],
      "received_events_url": ["https://api.github.com/users/nikolamilosevic86/received_events"],
      "type": ["User"],
      "site_admin": [false]
    },
    "html_url": ["https://github.com/nikolamilosevic86/owasp-seraphimdroid"],
    "description": ["OWASP Seraphimdroid is an open source project with aim to create, as a community, an open platform for education and protection of Android users against privacy and security threats."],
    "fork": [false],
    "url": ["https://api.github.com/repos/nikolamilosevic86/owasp-seraphimdroid"],
    "forks_url": ["https://api.github.com/repos/nikolamilosevic86/owasp-seraphimdroid/forks"],
    "keys_url": ["https://api.github.com/repos/nikolamilosevic86/owasp-seraphimdroid/keys{/key_id}"],
    "collaborators_url": ["https://api.github.com/repos/nikolamilosevic86/owasp-seraphimdroid/collaborators{/collaborator}"],
    "teams_url": ["https://api.github.com/repos/nikolamilosevic86/owasp-seraphimdroid/teams"],
    "hooks_url": ["https://api.github.com/repos/nikolamilosevic86/owasp-seraphimdroid/hooks"],
    "issue_events_url": ["https://api.github.com/repos/nikolamilosevic86/owasp-seraphimdroid/issues/events{/number}"],
    "events_url": ["https://api.github.com/repos/nikolamilosevic86/owasp-seraphimdroid/events"],
    "assignees_url": ["https://api.github.com/repos/nikolamilosevic86/owasp-seraphimdroid/assignees{/user}"],
    "branches_url": ["https://api.github.com/repos/nikolamilosevic86/owasp-seraphimdroid/branches{/branch}"],
    "tags_url": ["https://api.github.com/repos/nikolamilosevic86/owasp-seraphimdroid/tags"],
    "blobs_url": ["https://api.github.com/repos/nikolamilosevic86/owasp-seraphimdroid/git/blobs{/sha}"],
    "git_tags_url": ["https://api.github.com/repos/nikolamilosevic86/owasp-seraphimdroid/git/tags{/sha}"],
    "git_refs_url": ["https://api.github.com/repos/nikolamilosevic86/owasp-seraphimdroid/git/refs{/sha}"],
    "trees_url": ["https://api.github.com/repos/nikolamilosevic86/owasp-seraphimdroid/git/trees{/sha}"],
    "statuses_url": ["https://api.github.com/repos/nikolamilosevic86/owasp-seraphimdroid/statuses/{sha}"],
    "languages_url": ["https://api.github.com/repos/nikolamilosevic86/owasp-seraphimdroid/languages"],
    "stargazers_url": ["https://api.github.com/repos/nikolamilosevic86/owasp-seraphimdroid/stargazers"],
    "contributors_url": ["https://api.github.com/repos/nikolamilosevic86/owasp-seraphimdroid/contributors"],
    "subscribers_url": ["https://api.github.com/repos/nikolamilosevic86/owasp-seraphimdroid/subscribers"],
    "subscription_url": ["https://api.github.com/repos/nikolamilosevic86/owasp-seraphimdroid/subscription"],
    "commits_url": ["https://api.github.com/repos/nikolamilosevic86/owasp-seraphimdroid/commits{/sha}"],
    "git_commits_url": ["https://api.github.com/repos/nikolamilosevic86/owasp-seraphimdroid/git/commits{/sha}"],
    "comments_url": ["https://api.github.com/repos/nikolamilosevic86/owasp-seraphimdroid/comments{/number}"],
    "issue_comment_url": ["https://api.github.com/repos/nikolamilosevic86/owasp-seraphimdroid/issues/comments{/number}"],
    "contents_url": ["https://api.github.com/repos/nikolamilosevic86/owasp-seraphimdroid/contents/{+path}"],
    "compare_url": ["https://api.github.com/repos/nikolamilosevic86/owasp-seraphimdroid/compare/{base}...{head}"],
    "merges_url": ["https://api.github.com/repos/nikolamilosevic86/owasp-seraphimdroid/merges"],
    "archive_url": ["https://api.github.com/repos/nikolamilosevic86/owasp-seraphimdroid/{archive_format}{/ref}"],
    "downloads_url": ["https://api.github.com/repos/nikolamilosevic86/owasp-seraphimdroid/downloads"],
    "issues_url": ["https://api.github.com/repos/nikolamilosevic86/owasp-seraphimdroid/issues{/number}"],
    "pulls_url": ["https://api.github.com/repos/nikolamilosevic86/owasp-seraphimdroid/pulls{/number}"],
    "milestones_url": ["https://api.github.com/repos/nikolamilosevic86/owasp-seraphimdroid/milestones{/number}"],
    "notifications_url": ["https://api.github.com/repos/nikolamilosevic86/owasp-seraphimdroid/notifications{?since,all,participating}"],
    "labels_url": ["https://api.github.com/repos/nikolamilosevic86/owasp-seraphimdroid/labels{/name}"],
    "releases_url": ["https://api.github.com/repos/nikolamilosevic86/owasp-seraphimdroid/releases{/id}"],
    "deployments_url": ["https://api.github.com/repos/nikolamilosevic86/owasp-seraphimdroid/deployments"],
    "created_at": ["2013-08-10T09:49:48Z"],
    "updated_at": ["2019-03-13T10:32:54Z"],
    "pushed_at": ["2017-08-20T10:24:46Z"],
    "git_url": ["git://github.com/nikolamilosevic86/owasp-seraphimdroid.git"],
    "ssh_url": ["git@github.com:nikolamilosevic86/owasp-seraphimdroid.git"],
    "clone_url": ["https://github.com/nikolamilosevic86/owasp-seraphimdroid.git"],
    "svn_url": ["https://github.com/nikolamilosevic86/owasp-seraphimdroid"],
    "homepage": ["https://www.owasp.org/index.php/OWASP_SeraphimDroid_Project"],
    "size": [40914],
    "stargazers_count": [49],
    "watchers_count": [49],
    "language": ["Java"],
    "has_issues": [true],
    "has_projects": [true],
    "has_downloads": [true],
    "has_wiki": [true],
    "has_pages": [false],
    "forks_count": [30],
    "mirror_url": {},
    "archived": [false],
    "disabled": [false],
    "open_issues_count": [12],
    "license": {
      "key": ["gpl-3.0"],
      "name": ["GNU General Public License v3.0"],
      "spdx_id": ["GPL-3.0"],
      "url": ["https://api.github.com/licenses/gpl-3.0"],
      "node_id": ["MDc6TGljZW5zZTk="]
    },
    "forks": [30],
    "open_issues": [12],
    "watchers": [49],
    "default_branch": ["gsoc"],
    "permissions": {
      "admin": [false],
      "push": [false],
      "pull": [true]
    }
  }
]
