[
  {
    "id": [32336520],
    "node_id": ["MDEwOlJlcG9zaXRvcnkzMjMzNjUyMA=="],
    "name": ["autoofficeframework"],
    "full_name": ["nikolamilosevic86/autoofficeframework"],
    "private": [false],
    "owner": {
      "login": ["nikolamilosevic86"],
      "id": [5192295],
      "node_id": ["MDQ6VXNlcjUxOTIyOTU="],
      "avatar_url": ["https://avatars0.githubusercontent.com/u/5192295?v=4"],
      "gravatar_id": [""],
      "url": ["https://api.github.com/users/nikolamilosevic86"],
      "html_url": ["https://github.com/nikolamilosevic86"],
      "followers_url": ["https://api.github.com/users/nikolamilosevic86/followers"],
      "following_url": ["https://api.github.com/users/nikolamilosevic86/following{/other_user}"],
      "gists_url": ["https://api.github.com/users/nikolamilosevic86/gists{/gist_id}"],
      "starred_url": ["https://api.github.com/users/nikolamilosevic86/starred{/owner}{/repo}"],
      "subscriptions_url": ["https://api.github.com/users/nikolamilosevic86/subscriptions"],
      "organizations_url": ["https://api.github.com/users/nikolamilosevic86/orgs"],
      "repos_url": ["https://api.github.com/users/nikolamilosevic86/repos"],
      "events_url": ["https://api.github.com/users/nikolamilosevic86/events{/privacy}"],
      "received_events_url": ["https://api.github.com/users/nikolamilosevic86/received_events"],
      "type": ["User"],
      "site_admin": [false]
    },
    "html_url": ["https://github.com/nikolamilosevic86/autoofficeframework"],
    "description": ["Framework that uses Component Object Model via C++ MFC to interact with MS Office applications. "],
    "fork": [false],
    "url": ["https://api.github.com/repos/nikolamilosevic86/autoofficeframework"],
    "forks_url": ["https://api.github.com/repos/nikolamilosevic86/autoofficeframework/forks"],
    "keys_url": ["https://api.github.com/repos/nikolamilosevic86/autoofficeframework/keys{/key_id}"],
    "collaborators_url": ["https://api.github.com/repos/nikolamilosevic86/autoofficeframework/collaborators{/collaborator}"],
    "teams_url": ["https://api.github.com/repos/nikolamilosevic86/autoofficeframework/teams"],
    "hooks_url": ["https://api.github.com/repos/nikolamilosevic86/autoofficeframework/hooks"],
    "issue_events_url": ["https://api.github.com/repos/nikolamilosevic86/autoofficeframework/issues/events{/number}"],
    "events_url": ["https://api.github.com/repos/nikolamilosevic86/autoofficeframework/events"],
    "assignees_url": ["https://api.github.com/repos/nikolamilosevic86/autoofficeframework/assignees{/user}"],
    "branches_url": ["https://api.github.com/repos/nikolamilosevic86/autoofficeframework/branches{/branch}"],
    "tags_url": ["https://api.github.com/repos/nikolamilosevic86/autoofficeframework/tags"],
    "blobs_url": ["https://api.github.com/repos/nikolamilosevic86/autoofficeframework/git/blobs{/sha}"],
    "git_tags_url": ["https://api.github.com/repos/nikolamilosevic86/autoofficeframework/git/tags{/sha}"],
    "git_refs_url": ["https://api.github.com/repos/nikolamilosevic86/autoofficeframework/git/refs{/sha}"],
    "trees_url": ["https://api.github.com/repos/nikolamilosevic86/autoofficeframework/git/trees{/sha}"],
    "statuses_url": ["https://api.github.com/repos/nikolamilosevic86/autoofficeframework/statuses/{sha}"],
    "languages_url": ["https://api.github.com/repos/nikolamilosevic86/autoofficeframework/languages"],
    "stargazers_url": ["https://api.github.com/repos/nikolamilosevic86/autoofficeframework/stargazers"],
    "contributors_url": ["https://api.github.com/repos/nikolamilosevic86/autoofficeframework/contributors"],
    "subscribers_url": ["https://api.github.com/repos/nikolamilosevic86/autoofficeframework/subscribers"],
    "subscription_url": ["https://api.github.com/repos/nikolamilosevic86/autoofficeframework/subscription"],
    "commits_url": ["https://api.github.com/repos/nikolamilosevic86/autoofficeframework/commits{/sha}"],
    "git_commits_url": ["https://api.github.com/repos/nikolamilosevic86/autoofficeframework/git/commits{/sha}"],
    "comments_url": ["https://api.github.com/repos/nikolamilosevic86/autoofficeframework/comments{/number}"],
    "issue_comment_url": ["https://api.github.com/repos/nikolamilosevic86/autoofficeframework/issues/comments{/number}"],
    "contents_url": ["https://api.github.com/repos/nikolamilosevic86/autoofficeframework/contents/{+path}"],
    "compare_url": ["https://api.github.com/repos/nikolamilosevic86/autoofficeframework/compare/{base}...{head}"],
    "merges_url": ["https://api.github.com/repos/nikolamilosevic86/autoofficeframework/merges"],
    "archive_url": ["https://api.github.com/repos/nikolamilosevic86/autoofficeframework/{archive_format}{/ref}"],
    "downloads_url": ["https://api.github.com/repos/nikolamilosevic86/autoofficeframework/downloads"],
    "issues_url": ["https://api.github.com/repos/nikolamilosevic86/autoofficeframework/issues{/number}"],
    "pulls_url": ["https://api.github.com/repos/nikolamilosevic86/autoofficeframework/pulls{/number}"],
    "milestones_url": ["https://api.github.com/repos/nikolamilosevic86/autoofficeframework/milestones{/number}"],
    "notifications_url": ["https://api.github.com/repos/nikolamilosevic86/autoofficeframework/notifications{?since,all,participating}"],
    "labels_url": ["https://api.github.com/repos/nikolamilosevic86/autoofficeframework/labels{/name}"],
    "releases_url": ["https://api.github.com/repos/nikolamilosevic86/autoofficeframework/releases{/id}"],
    "deployments_url": ["https://api.github.com/repos/nikolamilosevic86/autoofficeframework/deployments"],
    "created_at": ["2015-03-16T16:01:27Z"],
    "updated_at": ["2019-01-05T05:55:44Z"],
    "pushed_at": ["2017-06-23T11:27:28Z"],
    "git_url": ["git://github.com/nikolamilosevic86/autoofficeframework.git"],
    "ssh_url": ["git@github.com:nikolamilosevic86/autoofficeframework.git"],
    "clone_url": ["https://github.com/nikolamilosevic86/autoofficeframework.git"],
    "svn_url": ["https://github.com/nikolamilosevic86/autoofficeframework"],
    "homepage": ["http://nikolamilosevic86.github.io/autoofficeframework"],
    "size": [22791],
    "stargazers_count": [2],
    "watchers_count": [2],
    "language": ["C++"],
    "has_issues": [true],
    "has_projects": [true],
    "has_downloads": [false],
    "has_wiki": [true],
    "has_pages": [true],
    "forks_count": [5],
    "mirror_url": {},
    "archived": [false],
    "disabled": [false],
    "open_issues_count": [5],
    "license": {
      "key": ["gpl-3.0"],
      "name": ["GNU General Public License v3.0"],
      "spdx_id": ["GPL-3.0"],
      "url": ["https://api.github.com/licenses/gpl-3.0"],
      "node_id": ["MDc6TGljZW5zZTk="]
    },
    "forks": [5],
    "open_issues": [5],
    "watchers": [2],
    "default_branch": ["master"],
    "permissions": {
      "admin": [false],
      "push": [false],
      "pull": [true]
    }
  }
]
