[
  {
    "id": [107664606],
    "node_id": ["MDEwOlJlcG9zaXRvcnkxMDc2NjQ2MDY="],
    "name": ["owasp-educate"],
    "full_name": ["nikolamilosevic86/owasp-educate"],
    "private": [false],
    "owner": {
      "login": ["nikolamilosevic86"],
      "id": [5192295],
      "node_id": ["MDQ6VXNlcjUxOTIyOTU="],
      "avatar_url": ["https://avatars0.githubusercontent.com/u/5192295?v=4"],
      "gravatar_id": [""],
      "url": ["https://api.github.com/users/nikolamilosevic86"],
      "html_url": ["https://github.com/nikolamilosevic86"],
      "followers_url": ["https://api.github.com/users/nikolamilosevic86/followers"],
      "following_url": ["https://api.github.com/users/nikolamilosevic86/following{/other_user}"],
      "gists_url": ["https://api.github.com/users/nikolamilosevic86/gists{/gist_id}"],
      "starred_url": ["https://api.github.com/users/nikolamilosevic86/starred{/owner}{/repo}"],
      "subscriptions_url": ["https://api.github.com/users/nikolamilosevic86/subscriptions"],
      "organizations_url": ["https://api.github.com/users/nikolamilosevic86/orgs"],
      "repos_url": ["https://api.github.com/users/nikolamilosevic86/repos"],
      "events_url": ["https://api.github.com/users/nikolamilosevic86/events{/privacy}"],
      "received_events_url": ["https://api.github.com/users/nikolamilosevic86/received_events"],
      "type": ["User"],
      "site_admin": [false]
    },
    "html_url": ["https://github.com/nikolamilosevic86/owasp-educate"],
    "description": ["Knowledge Base Plugin API for Seraphimdroid"],
    "fork": [true],
    "url": ["https://api.github.com/repos/nikolamilosevic86/owasp-educate"],
    "forks_url": ["https://api.github.com/repos/nikolamilosevic86/owasp-educate/forks"],
    "keys_url": ["https://api.github.com/repos/nikolamilosevic86/owasp-educate/keys{/key_id}"],
    "collaborators_url": ["https://api.github.com/repos/nikolamilosevic86/owasp-educate/collaborators{/collaborator}"],
    "teams_url": ["https://api.github.com/repos/nikolamilosevic86/owasp-educate/teams"],
    "hooks_url": ["https://api.github.com/repos/nikolamilosevic86/owasp-educate/hooks"],
    "issue_events_url": ["https://api.github.com/repos/nikolamilosevic86/owasp-educate/issues/events{/number}"],
    "events_url": ["https://api.github.com/repos/nikolamilosevic86/owasp-educate/events"],
    "assignees_url": ["https://api.github.com/repos/nikolamilosevic86/owasp-educate/assignees{/user}"],
    "branches_url": ["https://api.github.com/repos/nikolamilosevic86/owasp-educate/branches{/branch}"],
    "tags_url": ["https://api.github.com/repos/nikolamilosevic86/owasp-educate/tags"],
    "blobs_url": ["https://api.github.com/repos/nikolamilosevic86/owasp-educate/git/blobs{/sha}"],
    "git_tags_url": ["https://api.github.com/repos/nikolamilosevic86/owasp-educate/git/tags{/sha}"],
    "git_refs_url": ["https://api.github.com/repos/nikolamilosevic86/owasp-educate/git/refs{/sha}"],
    "trees_url": ["https://api.github.com/repos/nikolamilosevic86/owasp-educate/git/trees{/sha}"],
    "statuses_url": ["https://api.github.com/repos/nikolamilosevic86/owasp-educate/statuses/{sha}"],
    "languages_url": ["https://api.github.com/repos/nikolamilosevic86/owasp-educate/languages"],
    "stargazers_url": ["https://api.github.com/repos/nikolamilosevic86/owasp-educate/stargazers"],
    "contributors_url": ["https://api.github.com/repos/nikolamilosevic86/owasp-educate/contributors"],
    "subscribers_url": ["https://api.github.com/repos/nikolamilosevic86/owasp-educate/subscribers"],
    "subscription_url": ["https://api.github.com/repos/nikolamilosevic86/owasp-educate/subscription"],
    "commits_url": ["https://api.github.com/repos/nikolamilosevic86/owasp-educate/commits{/sha}"],
    "git_commits_url": ["https://api.github.com/repos/nikolamilosevic86/owasp-educate/git/commits{/sha}"],
    "comments_url": ["https://api.github.com/repos/nikolamilosevic86/owasp-educate/comments{/number}"],
    "issue_comment_url": ["https://api.github.com/repos/nikolamilosevic86/owasp-educate/issues/comments{/number}"],
    "contents_url": ["https://api.github.com/repos/nikolamilosevic86/owasp-educate/contents/{+path}"],
    "compare_url": ["https://api.github.com/repos/nikolamilosevic86/owasp-educate/compare/{base}...{head}"],
    "merges_url": ["https://api.github.com/repos/nikolamilosevic86/owasp-educate/merges"],
    "archive_url": ["https://api.github.com/repos/nikolamilosevic86/owasp-educate/{archive_format}{/ref}"],
    "downloads_url": ["https://api.github.com/repos/nikolamilosevic86/owasp-educate/downloads"],
    "issues_url": ["https://api.github.com/repos/nikolamilosevic86/owasp-educate/issues{/number}"],
    "pulls_url": ["https://api.github.com/repos/nikolamilosevic86/owasp-educate/pulls{/number}"],
    "milestones_url": ["https://api.github.com/repos/nikolamilosevic86/owasp-educate/milestones{/number}"],
    "notifications_url": ["https://api.github.com/repos/nikolamilosevic86/owasp-educate/notifications{?since,all,participating}"],
    "labels_url": ["https://api.github.com/repos/nikolamilosevic86/owasp-educate/labels{/name}"],
    "releases_url": ["https://api.github.com/repos/nikolamilosevic86/owasp-educate/releases{/id}"],
    "deployments_url": ["https://api.github.com/repos/nikolamilosevic86/owasp-educate/deployments"],
    "created_at": ["2017-10-20T10:23:30Z"],
    "updated_at": ["2017-10-20T10:23:32Z"],
    "pushed_at": ["2016-08-10T04:31:09Z"],
    "git_url": ["git://github.com/nikolamilosevic86/owasp-educate.git"],
    "ssh_url": ["git@github.com:nikolamilosevic86/owasp-educate.git"],
    "clone_url": ["https://github.com/nikolamilosevic86/owasp-educate.git"],
    "svn_url": ["https://github.com/nikolamilosevic86/owasp-educate"],
    "homepage": ["http://educate-seraphimdroid.rhcloud.com"],
    "size": [182],
    "stargazers_count": [0],
    "watchers_count": [0],
    "language": ["Ruby"],
    "has_issues": [false],
    "has_projects": [true],
    "has_downloads": [true],
    "has_wiki": [true],
    "has_pages": [false],
    "forks_count": [0],
    "mirror_url": {},
    "archived": [false],
    "disabled": [false],
    "open_issues_count": [0],
    "license": {},
    "forks": [0],
    "open_issues": [0],
    "watchers": [0],
    "default_branch": ["master"],
    "permissions": {
      "admin": [false],
      "push": [false],
      "pull": [true]
    }
  }
]
