[
  {
    "id": [55707065],
    "node_id": ["MDEwOlJlcG9zaXRvcnk1NTcwNzA2NQ=="],
    "name": ["TabInOut"],
    "full_name": ["nikolamilosevic86/TabInOut"],
    "private": [false],
    "owner": {
      "login": ["nikolamilosevic86"],
      "id": [5192295],
      "node_id": ["MDQ6VXNlcjUxOTIyOTU="],
      "avatar_url": ["https://avatars0.githubusercontent.com/u/5192295?v=4"],
      "gravatar_id": [""],
      "url": ["https://api.github.com/users/nikolamilosevic86"],
      "html_url": ["https://github.com/nikolamilosevic86"],
      "followers_url": ["https://api.github.com/users/nikolamilosevic86/followers"],
      "following_url": ["https://api.github.com/users/nikolamilosevic86/following{/other_user}"],
      "gists_url": ["https://api.github.com/users/nikolamilosevic86/gists{/gist_id}"],
      "starred_url": ["https://api.github.com/users/nikolamilosevic86/starred{/owner}{/repo}"],
      "subscriptions_url": ["https://api.github.com/users/nikolamilosevic86/subscriptions"],
      "organizations_url": ["https://api.github.com/users/nikolamilosevic86/orgs"],
      "repos_url": ["https://api.github.com/users/nikolamilosevic86/repos"],
      "events_url": ["https://api.github.com/users/nikolamilosevic86/events{/privacy}"],
      "received_events_url": ["https://api.github.com/users/nikolamilosevic86/received_events"],
      "type": ["User"],
      "site_admin": [false]
    },
    "html_url": ["https://github.com/nikolamilosevic86/TabInOut"],
    "description": ["Framework for information extraction from tables"],
    "fork": [false],
    "url": ["https://api.github.com/repos/nikolamilosevic86/TabInOut"],
    "forks_url": ["https://api.github.com/repos/nikolamilosevic86/TabInOut/forks"],
    "keys_url": ["https://api.github.com/repos/nikolamilosevic86/TabInOut/keys{/key_id}"],
    "collaborators_url": ["https://api.github.com/repos/nikolamilosevic86/TabInOut/collaborators{/collaborator}"],
    "teams_url": ["https://api.github.com/repos/nikolamilosevic86/TabInOut/teams"],
    "hooks_url": ["https://api.github.com/repos/nikolamilosevic86/TabInOut/hooks"],
    "issue_events_url": ["https://api.github.com/repos/nikolamilosevic86/TabInOut/issues/events{/number}"],
    "events_url": ["https://api.github.com/repos/nikolamilosevic86/TabInOut/events"],
    "assignees_url": ["https://api.github.com/repos/nikolamilosevic86/TabInOut/assignees{/user}"],
    "branches_url": ["https://api.github.com/repos/nikolamilosevic86/TabInOut/branches{/branch}"],
    "tags_url": ["https://api.github.com/repos/nikolamilosevic86/TabInOut/tags"],
    "blobs_url": ["https://api.github.com/repos/nikolamilosevic86/TabInOut/git/blobs{/sha}"],
    "git_tags_url": ["https://api.github.com/repos/nikolamilosevic86/TabInOut/git/tags{/sha}"],
    "git_refs_url": ["https://api.github.com/repos/nikolamilosevic86/TabInOut/git/refs{/sha}"],
    "trees_url": ["https://api.github.com/repos/nikolamilosevic86/TabInOut/git/trees{/sha}"],
    "statuses_url": ["https://api.github.com/repos/nikolamilosevic86/TabInOut/statuses/{sha}"],
    "languages_url": ["https://api.github.com/repos/nikolamilosevic86/TabInOut/languages"],
    "stargazers_url": ["https://api.github.com/repos/nikolamilosevic86/TabInOut/stargazers"],
    "contributors_url": ["https://api.github.com/repos/nikolamilosevic86/TabInOut/contributors"],
    "subscribers_url": ["https://api.github.com/repos/nikolamilosevic86/TabInOut/subscribers"],
    "subscription_url": ["https://api.github.com/repos/nikolamilosevic86/TabInOut/subscription"],
    "commits_url": ["https://api.github.com/repos/nikolamilosevic86/TabInOut/commits{/sha}"],
    "git_commits_url": ["https://api.github.com/repos/nikolamilosevic86/TabInOut/git/commits{/sha}"],
    "comments_url": ["https://api.github.com/repos/nikolamilosevic86/TabInOut/comments{/number}"],
    "issue_comment_url": ["https://api.github.com/repos/nikolamilosevic86/TabInOut/issues/comments{/number}"],
    "contents_url": ["https://api.github.com/repos/nikolamilosevic86/TabInOut/contents/{+path}"],
    "compare_url": ["https://api.github.com/repos/nikolamilosevic86/TabInOut/compare/{base}...{head}"],
    "merges_url": ["https://api.github.com/repos/nikolamilosevic86/TabInOut/merges"],
    "archive_url": ["https://api.github.com/repos/nikolamilosevic86/TabInOut/{archive_format}{/ref}"],
    "downloads_url": ["https://api.github.com/repos/nikolamilosevic86/TabInOut/downloads"],
    "issues_url": ["https://api.github.com/repos/nikolamilosevic86/TabInOut/issues{/number}"],
    "pulls_url": ["https://api.github.com/repos/nikolamilosevic86/TabInOut/pulls{/number}"],
    "milestones_url": ["https://api.github.com/repos/nikolamilosevic86/TabInOut/milestones{/number}"],
    "notifications_url": ["https://api.github.com/repos/nikolamilosevic86/TabInOut/notifications{?since,all,participating}"],
    "labels_url": ["https://api.github.com/repos/nikolamilosevic86/TabInOut/labels{/name}"],
    "releases_url": ["https://api.github.com/repos/nikolamilosevic86/TabInOut/releases{/id}"],
    "deployments_url": ["https://api.github.com/repos/nikolamilosevic86/TabInOut/deployments"],
    "created_at": ["2016-04-07T15:41:48Z"],
    "updated_at": ["2019-03-18T19:43:13Z"],
    "pushed_at": ["2019-02-28T17:07:10Z"],
    "git_url": ["git://github.com/nikolamilosevic86/TabInOut.git"],
    "ssh_url": ["git@github.com:nikolamilosevic86/TabInOut.git"],
    "clone_url": ["https://github.com/nikolamilosevic86/TabInOut.git"],
    "svn_url": ["https://github.com/nikolamilosevic86/TabInOut"],
    "homepage": [""],
    "size": [5464],
    "stargazers_count": [8],
    "watchers_count": [8],
    "language": ["Python"],
    "has_issues": [true],
    "has_projects": [true],
    "has_downloads": [true],
    "has_wiki": [true],
    "has_pages": [false],
    "forks_count": [3],
    "mirror_url": {},
    "archived": [false],
    "disabled": [false],
    "open_issues_count": [0],
    "license": {},
    "forks": [3],
    "open_issues": [0],
    "watchers": [8],
    "default_branch": ["master"],
    "permissions": {
      "admin": [false],
      "push": [false],
      "pull": [true]
    }
  }
]
