[
  {
    "id": [46465077],
    "node_id": ["MDEwOlJlcG9zaXRvcnk0NjQ2NTA3Nw=="],
    "name": ["GATE2PubAnnotation"],
    "full_name": ["nikolamilosevic86/GATE2PubAnnotation"],
    "private": [false],
    "owner": {
      "login": ["nikolamilosevic86"],
      "id": [5192295],
      "node_id": ["MDQ6VXNlcjUxOTIyOTU="],
      "avatar_url": ["https://avatars0.githubusercontent.com/u/5192295?v=4"],
      "gravatar_id": [""],
      "url": ["https://api.github.com/users/nikolamilosevic86"],
      "html_url": ["https://github.com/nikolamilosevic86"],
      "followers_url": ["https://api.github.com/users/nikolamilosevic86/followers"],
      "following_url": ["https://api.github.com/users/nikolamilosevic86/following{/other_user}"],
      "gists_url": ["https://api.github.com/users/nikolamilosevic86/gists{/gist_id}"],
      "starred_url": ["https://api.github.com/users/nikolamilosevic86/starred{/owner}{/repo}"],
      "subscriptions_url": ["https://api.github.com/users/nikolamilosevic86/subscriptions"],
      "organizations_url": ["https://api.github.com/users/nikolamilosevic86/orgs"],
      "repos_url": ["https://api.github.com/users/nikolamilosevic86/repos"],
      "events_url": ["https://api.github.com/users/nikolamilosevic86/events{/privacy}"],
      "received_events_url": ["https://api.github.com/users/nikolamilosevic86/received_events"],
      "type": ["User"],
      "site_admin": [false]
    },
    "html_url": ["https://github.com/nikolamilosevic86/GATE2PubAnnotation"],
    "description": ["Tool that transforms GATE annotated documents into PubAnnotations"],
    "fork": [false],
    "url": ["https://api.github.com/repos/nikolamilosevic86/GATE2PubAnnotation"],
    "forks_url": ["https://api.github.com/repos/nikolamilosevic86/GATE2PubAnnotation/forks"],
    "keys_url": ["https://api.github.com/repos/nikolamilosevic86/GATE2PubAnnotation/keys{/key_id}"],
    "collaborators_url": ["https://api.github.com/repos/nikolamilosevic86/GATE2PubAnnotation/collaborators{/collaborator}"],
    "teams_url": ["https://api.github.com/repos/nikolamilosevic86/GATE2PubAnnotation/teams"],
    "hooks_url": ["https://api.github.com/repos/nikolamilosevic86/GATE2PubAnnotation/hooks"],
    "issue_events_url": ["https://api.github.com/repos/nikolamilosevic86/GATE2PubAnnotation/issues/events{/number}"],
    "events_url": ["https://api.github.com/repos/nikolamilosevic86/GATE2PubAnnotation/events"],
    "assignees_url": ["https://api.github.com/repos/nikolamilosevic86/GATE2PubAnnotation/assignees{/user}"],
    "branches_url": ["https://api.github.com/repos/nikolamilosevic86/GATE2PubAnnotation/branches{/branch}"],
    "tags_url": ["https://api.github.com/repos/nikolamilosevic86/GATE2PubAnnotation/tags"],
    "blobs_url": ["https://api.github.com/repos/nikolamilosevic86/GATE2PubAnnotation/git/blobs{/sha}"],
    "git_tags_url": ["https://api.github.com/repos/nikolamilosevic86/GATE2PubAnnotation/git/tags{/sha}"],
    "git_refs_url": ["https://api.github.com/repos/nikolamilosevic86/GATE2PubAnnotation/git/refs{/sha}"],
    "trees_url": ["https://api.github.com/repos/nikolamilosevic86/GATE2PubAnnotation/git/trees{/sha}"],
    "statuses_url": ["https://api.github.com/repos/nikolamilosevic86/GATE2PubAnnotation/statuses/{sha}"],
    "languages_url": ["https://api.github.com/repos/nikolamilosevic86/GATE2PubAnnotation/languages"],
    "stargazers_url": ["https://api.github.com/repos/nikolamilosevic86/GATE2PubAnnotation/stargazers"],
    "contributors_url": ["https://api.github.com/repos/nikolamilosevic86/GATE2PubAnnotation/contributors"],
    "subscribers_url": ["https://api.github.com/repos/nikolamilosevic86/GATE2PubAnnotation/subscribers"],
    "subscription_url": ["https://api.github.com/repos/nikolamilosevic86/GATE2PubAnnotation/subscription"],
    "commits_url": ["https://api.github.com/repos/nikolamilosevic86/GATE2PubAnnotation/commits{/sha}"],
    "git_commits_url": ["https://api.github.com/repos/nikolamilosevic86/GATE2PubAnnotation/git/commits{/sha}"],
    "comments_url": ["https://api.github.com/repos/nikolamilosevic86/GATE2PubAnnotation/comments{/number}"],
    "issue_comment_url": ["https://api.github.com/repos/nikolamilosevic86/GATE2PubAnnotation/issues/comments{/number}"],
    "contents_url": ["https://api.github.com/repos/nikolamilosevic86/GATE2PubAnnotation/contents/{+path}"],
    "compare_url": ["https://api.github.com/repos/nikolamilosevic86/GATE2PubAnnotation/compare/{base}...{head}"],
    "merges_url": ["https://api.github.com/repos/nikolamilosevic86/GATE2PubAnnotation/merges"],
    "archive_url": ["https://api.github.com/repos/nikolamilosevic86/GATE2PubAnnotation/{archive_format}{/ref}"],
    "downloads_url": ["https://api.github.com/repos/nikolamilosevic86/GATE2PubAnnotation/downloads"],
    "issues_url": ["https://api.github.com/repos/nikolamilosevic86/GATE2PubAnnotation/issues{/number}"],
    "pulls_url": ["https://api.github.com/repos/nikolamilosevic86/GATE2PubAnnotation/pulls{/number}"],
    "milestones_url": ["https://api.github.com/repos/nikolamilosevic86/GATE2PubAnnotation/milestones{/number}"],
    "notifications_url": ["https://api.github.com/repos/nikolamilosevic86/GATE2PubAnnotation/notifications{?since,all,participating}"],
    "labels_url": ["https://api.github.com/repos/nikolamilosevic86/GATE2PubAnnotation/labels{/name}"],
    "releases_url": ["https://api.github.com/repos/nikolamilosevic86/GATE2PubAnnotation/releases{/id}"],
    "deployments_url": ["https://api.github.com/repos/nikolamilosevic86/GATE2PubAnnotation/deployments"],
    "created_at": ["2015-11-19T03:30:52Z"],
    "updated_at": ["2017-06-26T08:35:17Z"],
    "pushed_at": ["2017-06-26T08:35:15Z"],
    "git_url": ["git://github.com/nikolamilosevic86/GATE2PubAnnotation.git"],
    "ssh_url": ["git@github.com:nikolamilosevic86/GATE2PubAnnotation.git"],
    "clone_url": ["https://github.com/nikolamilosevic86/GATE2PubAnnotation.git"],
    "svn_url": ["https://github.com/nikolamilosevic86/GATE2PubAnnotation"],
    "homepage": ["http://nikolamilosevic86.github.io/GATE2PubAnnotation"],
    "size": [408],
    "stargazers_count": [0],
    "watchers_count": [0],
    "language": ["Java"],
    "has_issues": [true],
    "has_projects": [true],
    "has_downloads": [true],
    "has_wiki": [true],
    "has_pages": [true],
    "forks_count": [0],
    "mirror_url": {},
    "archived": [false],
    "disabled": [false],
    "open_issues_count": [0],
    "license": {
      "key": ["gpl-3.0"],
      "name": ["GNU General Public License v3.0"],
      "spdx_id": ["GPL-3.0"],
      "url": ["https://api.github.com/licenses/gpl-3.0"],
      "node_id": ["MDc6TGljZW5zZTk="]
    },
    "forks": [0],
    "open_issues": [0],
    "watchers": [0],
    "default_branch": ["master"],
    "permissions": {
      "admin": [false],
      "push": [false],
      "pull": [true]
    }
  }
]
