[
  {
    "id": [35212845],
    "node_id": ["MDEwOlJlcG9zaXRvcnkzNTIxMjg0NQ=="],
    "name": ["SerbianStemmer"],
    "full_name": ["nikolamilosevic86/SerbianStemmer"],
    "private": [false],
    "owner": {
      "login": ["nikolamilosevic86"],
      "id": [5192295],
      "node_id": ["MDQ6VXNlcjUxOTIyOTU="],
      "avatar_url": ["https://avatars0.githubusercontent.com/u/5192295?v=4"],
      "gravatar_id": [""],
      "url": ["https://api.github.com/users/nikolamilosevic86"],
      "html_url": ["https://github.com/nikolamilosevic86"],
      "followers_url": ["https://api.github.com/users/nikolamilosevic86/followers"],
      "following_url": ["https://api.github.com/users/nikolamilosevic86/following{/other_user}"],
      "gists_url": ["https://api.github.com/users/nikolamilosevic86/gists{/gist_id}"],
      "starred_url": ["https://api.github.com/users/nikolamilosevic86/starred{/owner}{/repo}"],
      "subscriptions_url": ["https://api.github.com/users/nikolamilosevic86/subscriptions"],
      "organizations_url": ["https://api.github.com/users/nikolamilosevic86/orgs"],
      "repos_url": ["https://api.github.com/users/nikolamilosevic86/repos"],
      "events_url": ["https://api.github.com/users/nikolamilosevic86/events{/privacy}"],
      "received_events_url": ["https://api.github.com/users/nikolamilosevic86/received_events"],
      "type": ["User"],
      "site_admin": [false]
    },
    "html_url": ["https://github.com/nikolamilosevic86/SerbianStemmer"],
    "description": ["Stemmer for serbian language created for my master thesis, rewritten in python"],
    "fork": [false],
    "url": ["https://api.github.com/repos/nikolamilosevic86/SerbianStemmer"],
    "forks_url": ["https://api.github.com/repos/nikolamilosevic86/SerbianStemmer/forks"],
    "keys_url": ["https://api.github.com/repos/nikolamilosevic86/SerbianStemmer/keys{/key_id}"],
    "collaborators_url": ["https://api.github.com/repos/nikolamilosevic86/SerbianStemmer/collaborators{/collaborator}"],
    "teams_url": ["https://api.github.com/repos/nikolamilosevic86/SerbianStemmer/teams"],
    "hooks_url": ["https://api.github.com/repos/nikolamilosevic86/SerbianStemmer/hooks"],
    "issue_events_url": ["https://api.github.com/repos/nikolamilosevic86/SerbianStemmer/issues/events{/number}"],
    "events_url": ["https://api.github.com/repos/nikolamilosevic86/SerbianStemmer/events"],
    "assignees_url": ["https://api.github.com/repos/nikolamilosevic86/SerbianStemmer/assignees{/user}"],
    "branches_url": ["https://api.github.com/repos/nikolamilosevic86/SerbianStemmer/branches{/branch}"],
    "tags_url": ["https://api.github.com/repos/nikolamilosevic86/SerbianStemmer/tags"],
    "blobs_url": ["https://api.github.com/repos/nikolamilosevic86/SerbianStemmer/git/blobs{/sha}"],
    "git_tags_url": ["https://api.github.com/repos/nikolamilosevic86/SerbianStemmer/git/tags{/sha}"],
    "git_refs_url": ["https://api.github.com/repos/nikolamilosevic86/SerbianStemmer/git/refs{/sha}"],
    "trees_url": ["https://api.github.com/repos/nikolamilosevic86/SerbianStemmer/git/trees{/sha}"],
    "statuses_url": ["https://api.github.com/repos/nikolamilosevic86/SerbianStemmer/statuses/{sha}"],
    "languages_url": ["https://api.github.com/repos/nikolamilosevic86/SerbianStemmer/languages"],
    "stargazers_url": ["https://api.github.com/repos/nikolamilosevic86/SerbianStemmer/stargazers"],
    "contributors_url": ["https://api.github.com/repos/nikolamilosevic86/SerbianStemmer/contributors"],
    "subscribers_url": ["https://api.github.com/repos/nikolamilosevic86/SerbianStemmer/subscribers"],
    "subscription_url": ["https://api.github.com/repos/nikolamilosevic86/SerbianStemmer/subscription"],
    "commits_url": ["https://api.github.com/repos/nikolamilosevic86/SerbianStemmer/commits{/sha}"],
    "git_commits_url": ["https://api.github.com/repos/nikolamilosevic86/SerbianStemmer/git/commits{/sha}"],
    "comments_url": ["https://api.github.com/repos/nikolamilosevic86/SerbianStemmer/comments{/number}"],
    "issue_comment_url": ["https://api.github.com/repos/nikolamilosevic86/SerbianStemmer/issues/comments{/number}"],
    "contents_url": ["https://api.github.com/repos/nikolamilosevic86/SerbianStemmer/contents/{+path}"],
    "compare_url": ["https://api.github.com/repos/nikolamilosevic86/SerbianStemmer/compare/{base}...{head}"],
    "merges_url": ["https://api.github.com/repos/nikolamilosevic86/SerbianStemmer/merges"],
    "archive_url": ["https://api.github.com/repos/nikolamilosevic86/SerbianStemmer/{archive_format}{/ref}"],
    "downloads_url": ["https://api.github.com/repos/nikolamilosevic86/SerbianStemmer/downloads"],
    "issues_url": ["https://api.github.com/repos/nikolamilosevic86/SerbianStemmer/issues{/number}"],
    "pulls_url": ["https://api.github.com/repos/nikolamilosevic86/SerbianStemmer/pulls{/number}"],
    "milestones_url": ["https://api.github.com/repos/nikolamilosevic86/SerbianStemmer/milestones{/number}"],
    "notifications_url": ["https://api.github.com/repos/nikolamilosevic86/SerbianStemmer/notifications{?since,all,participating}"],
    "labels_url": ["https://api.github.com/repos/nikolamilosevic86/SerbianStemmer/labels{/name}"],
    "releases_url": ["https://api.github.com/repos/nikolamilosevic86/SerbianStemmer/releases{/id}"],
    "deployments_url": ["https://api.github.com/repos/nikolamilosevic86/SerbianStemmer/deployments"],
    "created_at": ["2015-05-07T10:03:18Z"],
    "updated_at": ["2018-09-28T21:32:48Z"],
    "pushed_at": ["2018-06-09T02:40:01Z"],
    "git_url": ["git://github.com/nikolamilosevic86/SerbianStemmer.git"],
    "ssh_url": ["git@github.com:nikolamilosevic86/SerbianStemmer.git"],
    "clone_url": ["https://github.com/nikolamilosevic86/SerbianStemmer.git"],
    "svn_url": ["https://github.com/nikolamilosevic86/SerbianStemmer"],
    "homepage": ["http://nikolamilosevic86.github.io/SerbianStemmer"],
    "size": [53],
    "stargazers_count": [7],
    "watchers_count": [7],
    "language": ["Python"],
    "has_issues": [true],
    "has_projects": [true],
    "has_downloads": [true],
    "has_wiki": [true],
    "has_pages": [true],
    "forks_count": [3],
    "mirror_url": {},
    "archived": [false],
    "disabled": [false],
    "open_issues_count": [1],
    "license": {},
    "forks": [3],
    "open_issues": [1],
    "watchers": [7],
    "default_branch": ["master"],
    "permissions": {
      "admin": [false],
      "push": [false],
      "pull": [true]
    }
  }
]
