[
  {
    "id": [81106118],
    "node_id": ["MDEwOlJlcG9zaXRvcnk4MTEwNjExOA=="],
    "name": ["awesome-public-datasets"],
    "full_name": ["nikolamilosevic86/awesome-public-datasets"],
    "private": [false],
    "owner": {
      "login": ["nikolamilosevic86"],
      "id": [5192295],
      "node_id": ["MDQ6VXNlcjUxOTIyOTU="],
      "avatar_url": ["https://avatars0.githubusercontent.com/u/5192295?v=4"],
      "gravatar_id": [""],
      "url": ["https://api.github.com/users/nikolamilosevic86"],
      "html_url": ["https://github.com/nikolamilosevic86"],
      "followers_url": ["https://api.github.com/users/nikolamilosevic86/followers"],
      "following_url": ["https://api.github.com/users/nikolamilosevic86/following{/other_user}"],
      "gists_url": ["https://api.github.com/users/nikolamilosevic86/gists{/gist_id}"],
      "starred_url": ["https://api.github.com/users/nikolamilosevic86/starred{/owner}{/repo}"],
      "subscriptions_url": ["https://api.github.com/users/nikolamilosevic86/subscriptions"],
      "organizations_url": ["https://api.github.com/users/nikolamilosevic86/orgs"],
      "repos_url": ["https://api.github.com/users/nikolamilosevic86/repos"],
      "events_url": ["https://api.github.com/users/nikolamilosevic86/events{/privacy}"],
      "received_events_url": ["https://api.github.com/users/nikolamilosevic86/received_events"],
      "type": ["User"],
      "site_admin": [false]
    },
    "html_url": ["https://github.com/nikolamilosevic86/awesome-public-datasets"],
    "description": ["An awesome list of high-quality open datasets in public domains (on-going)."],
    "fork": [true],
    "url": ["https://api.github.com/repos/nikolamilosevic86/awesome-public-datasets"],
    "forks_url": ["https://api.github.com/repos/nikolamilosevic86/awesome-public-datasets/forks"],
    "keys_url": ["https://api.github.com/repos/nikolamilosevic86/awesome-public-datasets/keys{/key_id}"],
    "collaborators_url": ["https://api.github.com/repos/nikolamilosevic86/awesome-public-datasets/collaborators{/collaborator}"],
    "teams_url": ["https://api.github.com/repos/nikolamilosevic86/awesome-public-datasets/teams"],
    "hooks_url": ["https://api.github.com/repos/nikolamilosevic86/awesome-public-datasets/hooks"],
    "issue_events_url": ["https://api.github.com/repos/nikolamilosevic86/awesome-public-datasets/issues/events{/number}"],
    "events_url": ["https://api.github.com/repos/nikolamilosevic86/awesome-public-datasets/events"],
    "assignees_url": ["https://api.github.com/repos/nikolamilosevic86/awesome-public-datasets/assignees{/user}"],
    "branches_url": ["https://api.github.com/repos/nikolamilosevic86/awesome-public-datasets/branches{/branch}"],
    "tags_url": ["https://api.github.com/repos/nikolamilosevic86/awesome-public-datasets/tags"],
    "blobs_url": ["https://api.github.com/repos/nikolamilosevic86/awesome-public-datasets/git/blobs{/sha}"],
    "git_tags_url": ["https://api.github.com/repos/nikolamilosevic86/awesome-public-datasets/git/tags{/sha}"],
    "git_refs_url": ["https://api.github.com/repos/nikolamilosevic86/awesome-public-datasets/git/refs{/sha}"],
    "trees_url": ["https://api.github.com/repos/nikolamilosevic86/awesome-public-datasets/git/trees{/sha}"],
    "statuses_url": ["https://api.github.com/repos/nikolamilosevic86/awesome-public-datasets/statuses/{sha}"],
    "languages_url": ["https://api.github.com/repos/nikolamilosevic86/awesome-public-datasets/languages"],
    "stargazers_url": ["https://api.github.com/repos/nikolamilosevic86/awesome-public-datasets/stargazers"],
    "contributors_url": ["https://api.github.com/repos/nikolamilosevic86/awesome-public-datasets/contributors"],
    "subscribers_url": ["https://api.github.com/repos/nikolamilosevic86/awesome-public-datasets/subscribers"],
    "subscription_url": ["https://api.github.com/repos/nikolamilosevic86/awesome-public-datasets/subscription"],
    "commits_url": ["https://api.github.com/repos/nikolamilosevic86/awesome-public-datasets/commits{/sha}"],
    "git_commits_url": ["https://api.github.com/repos/nikolamilosevic86/awesome-public-datasets/git/commits{/sha}"],
    "comments_url": ["https://api.github.com/repos/nikolamilosevic86/awesome-public-datasets/comments{/number}"],
    "issue_comment_url": ["https://api.github.com/repos/nikolamilosevic86/awesome-public-datasets/issues/comments{/number}"],
    "contents_url": ["https://api.github.com/repos/nikolamilosevic86/awesome-public-datasets/contents/{+path}"],
    "compare_url": ["https://api.github.com/repos/nikolamilosevic86/awesome-public-datasets/compare/{base}...{head}"],
    "merges_url": ["https://api.github.com/repos/nikolamilosevic86/awesome-public-datasets/merges"],
    "archive_url": ["https://api.github.com/repos/nikolamilosevic86/awesome-public-datasets/{archive_format}{/ref}"],
    "downloads_url": ["https://api.github.com/repos/nikolamilosevic86/awesome-public-datasets/downloads"],
    "issues_url": ["https://api.github.com/repos/nikolamilosevic86/awesome-public-datasets/issues{/number}"],
    "pulls_url": ["https://api.github.com/repos/nikolamilosevic86/awesome-public-datasets/pulls{/number}"],
    "milestones_url": ["https://api.github.com/repos/nikolamilosevic86/awesome-public-datasets/milestones{/number}"],
    "notifications_url": ["https://api.github.com/repos/nikolamilosevic86/awesome-public-datasets/notifications{?since,all,participating}"],
    "labels_url": ["https://api.github.com/repos/nikolamilosevic86/awesome-public-datasets/labels{/name}"],
    "releases_url": ["https://api.github.com/repos/nikolamilosevic86/awesome-public-datasets/releases{/id}"],
    "deployments_url": ["https://api.github.com/repos/nikolamilosevic86/awesome-public-datasets/deployments"],
    "created_at": ["2017-02-06T16:17:42Z"],
    "updated_at": ["2018-06-28T03:35:34Z"],
    "pushed_at": ["2016-05-30T15:54:36Z"],
    "git_url": ["git://github.com/nikolamilosevic86/awesome-public-datasets.git"],
    "ssh_url": ["git@github.com:nikolamilosevic86/awesome-public-datasets.git"],
    "clone_url": ["https://github.com/nikolamilosevic86/awesome-public-datasets.git"],
    "svn_url": ["https://github.com/nikolamilosevic86/awesome-public-datasets"],
    "homepage": ["https://goo.gl/WZ8XAJ"],
    "size": [314],
    "stargazers_count": [0],
    "watchers_count": [0],
    "language": {},
    "has_issues": [false],
    "has_projects": [true],
    "has_downloads": [true],
    "has_wiki": [false],
    "has_pages": [false],
    "forks_count": [0],
    "mirror_url": {},
    "archived": [false],
    "disabled": [false],
    "open_issues_count": [0],
    "license": {
      "key": ["mit"],
      "name": ["MIT License"],
      "spdx_id": ["MIT"],
      "url": ["https://api.github.com/licenses/mit"],
      "node_id": ["MDc6TGljZW5zZTEz"]
    },
    "forks": [0],
    "open_issues": [0],
    "watchers": [0],
    "default_branch": ["master"],
    "permissions": {
      "admin": [false],
      "push": [false],
      "pull": [true]
    }
  }
]
