[
  {
    "id": [51931284],
    "node_id": ["MDEwOlJlcG9zaXRvcnk1MTkzMTI4NA=="],
    "name": ["TableCuration"],
    "full_name": ["nikolamilosevic86/TableCuration"],
    "private": [false],
    "owner": {
      "login": ["nikolamilosevic86"],
      "id": [5192295],
      "node_id": ["MDQ6VXNlcjUxOTIyOTU="],
      "avatar_url": ["https://avatars0.githubusercontent.com/u/5192295?v=4"],
      "gravatar_id": [""],
      "url": ["https://api.github.com/users/nikolamilosevic86"],
      "html_url": ["https://github.com/nikolamilosevic86"],
      "followers_url": ["https://api.github.com/users/nikolamilosevic86/followers"],
      "following_url": ["https://api.github.com/users/nikolamilosevic86/following{/other_user}"],
      "gists_url": ["https://api.github.com/users/nikolamilosevic86/gists{/gist_id}"],
      "starred_url": ["https://api.github.com/users/nikolamilosevic86/starred{/owner}{/repo}"],
      "subscriptions_url": ["https://api.github.com/users/nikolamilosevic86/subscriptions"],
      "organizations_url": ["https://api.github.com/users/nikolamilosevic86/orgs"],
      "repos_url": ["https://api.github.com/users/nikolamilosevic86/repos"],
      "events_url": ["https://api.github.com/users/nikolamilosevic86/events{/privacy}"],
      "received_events_url": ["https://api.github.com/users/nikolamilosevic86/received_events"],
      "type": ["User"],
      "site_admin": [false]
    },
    "html_url": ["https://github.com/nikolamilosevic86/TableCuration"],
    "description": {},
    "fork": [true],
    "url": ["https://api.github.com/repos/nikolamilosevic86/TableCuration"],
    "forks_url": ["https://api.github.com/repos/nikolamilosevic86/TableCuration/forks"],
    "keys_url": ["https://api.github.com/repos/nikolamilosevic86/TableCuration/keys{/key_id}"],
    "collaborators_url": ["https://api.github.com/repos/nikolamilosevic86/TableCuration/collaborators{/collaborator}"],
    "teams_url": ["https://api.github.com/repos/nikolamilosevic86/TableCuration/teams"],
    "hooks_url": ["https://api.github.com/repos/nikolamilosevic86/TableCuration/hooks"],
    "issue_events_url": ["https://api.github.com/repos/nikolamilosevic86/TableCuration/issues/events{/number}"],
    "events_url": ["https://api.github.com/repos/nikolamilosevic86/TableCuration/events"],
    "assignees_url": ["https://api.github.com/repos/nikolamilosevic86/TableCuration/assignees{/user}"],
    "branches_url": ["https://api.github.com/repos/nikolamilosevic86/TableCuration/branches{/branch}"],
    "tags_url": ["https://api.github.com/repos/nikolamilosevic86/TableCuration/tags"],
    "blobs_url": ["https://api.github.com/repos/nikolamilosevic86/TableCuration/git/blobs{/sha}"],
    "git_tags_url": ["https://api.github.com/repos/nikolamilosevic86/TableCuration/git/tags{/sha}"],
    "git_refs_url": ["https://api.github.com/repos/nikolamilosevic86/TableCuration/git/refs{/sha}"],
    "trees_url": ["https://api.github.com/repos/nikolamilosevic86/TableCuration/git/trees{/sha}"],
    "statuses_url": ["https://api.github.com/repos/nikolamilosevic86/TableCuration/statuses/{sha}"],
    "languages_url": ["https://api.github.com/repos/nikolamilosevic86/TableCuration/languages"],
    "stargazers_url": ["https://api.github.com/repos/nikolamilosevic86/TableCuration/stargazers"],
    "contributors_url": ["https://api.github.com/repos/nikolamilosevic86/TableCuration/contributors"],
    "subscribers_url": ["https://api.github.com/repos/nikolamilosevic86/TableCuration/subscribers"],
    "subscription_url": ["https://api.github.com/repos/nikolamilosevic86/TableCuration/subscription"],
    "commits_url": ["https://api.github.com/repos/nikolamilosevic86/TableCuration/commits{/sha}"],
    "git_commits_url": ["https://api.github.com/repos/nikolamilosevic86/TableCuration/git/commits{/sha}"],
    "comments_url": ["https://api.github.com/repos/nikolamilosevic86/TableCuration/comments{/number}"],
    "issue_comment_url": ["https://api.github.com/repos/nikolamilosevic86/TableCuration/issues/comments{/number}"],
    "contents_url": ["https://api.github.com/repos/nikolamilosevic86/TableCuration/contents/{+path}"],
    "compare_url": ["https://api.github.com/repos/nikolamilosevic86/TableCuration/compare/{base}...{head}"],
    "merges_url": ["https://api.github.com/repos/nikolamilosevic86/TableCuration/merges"],
    "archive_url": ["https://api.github.com/repos/nikolamilosevic86/TableCuration/{archive_format}{/ref}"],
    "downloads_url": ["https://api.github.com/repos/nikolamilosevic86/TableCuration/downloads"],
    "issues_url": ["https://api.github.com/repos/nikolamilosevic86/TableCuration/issues{/number}"],
    "pulls_url": ["https://api.github.com/repos/nikolamilosevic86/TableCuration/pulls{/number}"],
    "milestones_url": ["https://api.github.com/repos/nikolamilosevic86/TableCuration/milestones{/number}"],
    "notifications_url": ["https://api.github.com/repos/nikolamilosevic86/TableCuration/notifications{?since,all,participating}"],
    "labels_url": ["https://api.github.com/repos/nikolamilosevic86/TableCuration/labels{/name}"],
    "releases_url": ["https://api.github.com/repos/nikolamilosevic86/TableCuration/releases{/id}"],
    "deployments_url": ["https://api.github.com/repos/nikolamilosevic86/TableCuration/deployments"],
    "created_at": ["2016-02-17T15:11:04Z"],
    "updated_at": ["2016-02-17T15:11:06Z"],
    "pushed_at": ["2016-02-17T14:47:51Z"],
    "git_url": ["git://github.com/nikolamilosevic86/TableCuration.git"],
    "ssh_url": ["git@github.com:nikolamilosevic86/TableCuration.git"],
    "clone_url": ["https://github.com/nikolamilosevic86/TableCuration.git"],
    "svn_url": ["https://github.com/nikolamilosevic86/TableCuration"],
    "homepage": {},
    "size": [1344],
    "stargazers_count": [0],
    "watchers_count": [0],
    "language": ["PHP"],
    "has_issues": [false],
    "has_projects": [true],
    "has_downloads": [true],
    "has_wiki": [true],
    "has_pages": [false],
    "forks_count": [0],
    "mirror_url": {},
    "archived": [false],
    "disabled": [false],
    "open_issues_count": [0],
    "license": {},
    "forks": [0],
    "open_issues": [0],
    "watchers": [0],
    "default_branch": ["master"],
    "permissions": {
      "admin": [false],
      "push": [false],
      "pull": [true]
    }
  }
]
